You're accessing the development server over HTTPS, but it only supports HTTP.
You're accessing the development server over HTTPS, but it only supports HTTP.
You're accessing the development server over HTTPS, but it only supports HTTP.
You're accessing the development server over HTTPS, but it only supports HTTP.
You're accessing the development server over HTTPS, but it only supports HTTP.
You're accessing the development server over HTTPS, but it only supports HTTP.
You're accessing the development server over HTTPS, but it only supports HTTP.
You're accessing the development server over HTTPS, but it only supports HTTP.
You're accessing the development server over HTTPS, but it only supports HTTP.
You're accessing the development server over HTTPS, but it only supports HTTP.
You're accessing the development server over HTTPS, but it only supports HTTP.
You're accessing the development server over HTTPS, but it only supports HTTP.
You're accessing the development server over HTTPS, but it only supports HTTP.
You're accessing the development server over HTTPS, but it only supports HTTP.
You're accessing the development server over HTTPS, but it only supports HTTP.
You're accessing the development server over HTTPS, but it only supports HTTP.
You're accessing the development server over HTTPS, but it only supports HTTP.
You're accessing the development server over HTTPS, but it only supports HTTP.
You're accessing the development server over HTTPS, but it only supports HTTP.
You're accessing the development server over HTTPS, but it only supports HTTP.
You're accessing the development server over HTTPS, but it only supports HTTP.
You're accessing the development server over HTTPS, but it only supports HTTP.
You're accessing the development server over HTTPS, but it only supports HTTP.
You're accessing the development server over HTTPS, but it only supports HTTP.
You're accessing the development server over HTTPS, but it only supports HTTP.
You're accessing the development server over HTTPS, but it only supports HTTP.
You're accessing the development server over HTTPS, but it only supports HTTP.
You're accessing the development server over HTTPS, but it only supports HTTP.
You're accessing the development server over HTTPS, but it only supports HTTP.
You're accessing the development server over HTTPS, but it only supports HTTP.
You're accessing the development server over HTTPS, but it only supports HTTP.
You're accessing the development server over HTTPS, but it only supports HTTP.
You're accessing the development server over HTTPS, but it only supports HTTP.
You're accessing the development server over HTTPS, but it only supports HTTP.
You're accessing the development server over HTTPS, but it only supports HTTP.
You're accessing the development server over HTTPS, but it only supports HTTP.
You're accessing the development server over HTTPS, but it only supports HTTP.
You're accessing the development server over HTTPS, but it only supports HTTP.
You're accessing the development server over HTTPS, but it only supports HTTP.
You're accessing the development server over HTTPS, but it only supports HTTP.
You're accessing the development server over HTTPS, but it only supports HTTP.
You're accessing the development server over HTTPS, but it only supports HTTP.
You're accessing the development server over HTTPS, but it only supports HTTP.
You're accessing the development server over HTTPS, but it only supports HTTP.
You're accessing the development server over HTTPS, but it only supports HTTP.
You're accessing the development server over HTTPS, but it only supports HTTP.
Not Found: /favicon.ico
"GET /favicon.ico HTTP/1.1" 404 5997
SECURITY EVENT - Type: LOGIN_SUCCESS, User: 13, Details: User Shaka logged in
Dashboard error for user 13: no such column: plag_profile.created_at
Dashboard error for user 13: no such column: plag_profile.created_at
Dashboard error for user 13: no such column: plag_profile.created_at
Dashboard error for user 13: no such column: plag_profile.created_at
Dashboard error for user 13: no such column: plag_profile.created_at
Dashboard error for user 13: no such column: plag_profile.created_at
Dashboard error for user 13: no such column: plag_profile.created_at
Dashboard error for user 13: no such column: plag_profile.created_at
Dashboard error for user 13: no such column: plag_profile.created_at
Dashboard error for user 13: no such column: plag_profile.created_at
Dashboard error for user 13: no such column: plag_profile.created_at
Dashboard error for user 13: no such column: plag_profile.created_at
Dashboard error for user 13: no such column: plag_profile.created_at
Dashboard error for user 13: no such column: plag_profile.created_at
Dashboard error for user 13: no such column: plag_profile.created_at
Dashboard error for user 13: no such column: plag_profile.created_at
Dashboard error for user 13: no such column: plag_profile.created_at
Dashboard error for user 13: no such column: plag_profile.created_at
Dashboard error for user 13: no such column: plag_profile.created_at
Dashboard error for user 13: no such column: plag_profile.created_at
Dashboard error for user 13: no such column: plag_profile.created_at
Dashboard error for user 13: no such column: plag_profile.created_at
Dashboard error for user 13: no such column: plag_profile.created_at
Dashboard error for user 13: no such column: plag_profile.created_at
Dashboard error for user 13: no such column: plag_profile.created_at
Dashboard error for user 13: no such column: plag_profile.created_at
Dashboard error for user 13: no such column: plag_profile.created_at
Dashboard error for user 13: no such column: plag_profile.created_at
Dashboard error for user 13: no such column: plag_profile.created_at
Dashboard error for user 13: no such column: plag_profile.created_at
Dashboard error for user 13: no such column: plag_profile.created_at
Dashboard error for user 13: no such column: plag_profile.created_at
Dashboard error for user 13: no such column: plag_profile.created_at
Dashboard error for user 13: no such column: plag_profile.created_at
Dashboard error for user 13: no such column: plag_profile.created_at
Dashboard error for user 13: no such column: plag_profile.created_at
Dashboard error for user 13: no such column: plag_profile.created_at
Dashboard error for user 13: no such column: plag_profile.created_at
Dashboard error for user 13: no such column: plag_profile.created_at
Dashboard error for user 13: no such column: plag_profile.created_at
Dashboard error for user 13: no such column: plag_profile.created_at
Dashboard error for user 13: no such column: plag_profile.created_at
Dashboard error for user 13: no such column: plag_profile.created_at
Dashboard error for user 13: no such column: plag_profile.created_at
Dashboard error for user 13: no such column: plag_profile.created_at
Dashboard error for user 13: no such column: plag_profile.created_at
Dashboard error for user 13: no such column: plag_profile.created_at
Dashboard error for user 13: no such column: plag_profile.created_at
Dashboard error for user 13: no such column: plag_profile.created_at
Dashboard error for user 13: no such column: plag_profile.created_at
Dashboard error for user 13: no such column: plag_profile.created_at
Dashboard error for user 13: no such column: plag_profile.created_at
Dashboard error for user 13: no such column: plag_profile.created_at
Dashboard error for user 13: no such column: plag_profile.created_at
Dashboard error for user 13: no such column: plag_profile.created_at
Dashboard error for user 13: no such column: plag_profile.created_at
Dashboard error for user 13: no such column: plag_profile.created_at
Dashboard error for user 13: no such column: plag_profile.created_at
Dashboard error for user 13: no such column: plag_profile.created_at
Dashboard error for user 13: no such column: plag_profile.created_at
Dashboard error for user 13: no such column: plag_profile.created_at
Dashboard error for user 13: no such column: plag_profile.created_at
Dashboard error for user 13: no such column: plag_profile.created_at
Dashboard error for user 13: no such column: plag_profile.created_at
Dashboard error for user 13: no such column: plag_profile.created_at
Dashboard error for user 13: no such column: plag_profile.created_at
Dashboard error for user 13: no such column: plag_profile.created_at
Dashboard error for user 13: no such column: plag_profile.created_at
Dashboard error for user 13: no such column: plag_profile.created_at
Dashboard error for user 13: no such column: plag_profile.created_at
Dashboard error for user 13: no such column: plag_profile.created_at
Dashboard error for user 13: no such column: plag_profile.created_at
Dashboard error for user 13: no such column: plag_profile.created_at
Dashboard error for user 13: no such column: plag_profile.created_at
Dashboard error for user 13: no such column: plag_profile.created_at
Dashboard error for user 13: no such column: plag_profile.created_at
Dashboard error for user 13: no such column: plag_profile.created_at
Dashboard error for user 13: no such column: plag_profile.created_at
Dashboard error for user 13: no such column: plag_profile.created_at
Dashboard error for user 13: no such column: plag_profile.created_at
Dashboard error for user 13: no such column: plag_profile.created_at
Dashboard error for user 13: no such column: plag_profile.created_at
Dashboard error for user 13: no such column: plag_profile.created_at
Dashboard error for user 13: no such column: plag_profile.created_at
Dashboard error for user 13: no such column: plag_profile.created_at
Dashboard error for user 13: no such column: plag_profile.created_at
Dashboard error for user 13: no such column: plag_profile.created_at
Dashboard error for user 13: no such column: plag_profile.created_at
Dashboard error for user 13: no such column: plag_profile.created_at
Dashboard error for user 13: no such column: plag_profile.created_at
Dashboard error for user 13: no such column: plag_profile.created_at
Dashboard error for user 13: no such column: plag_profile.created_at
Dashboard error for user 13: no such column: plag_profile.created_at
Dashboard error for user 13: no such column: plag_profile.created_at
Dashboard error for user 13: no such column: plag_profile.created_at
Dashboard error for user 13: no such column: plag_profile.created_at
Dashboard error for user 13: no such column: plag_profile.created_at
Dashboard error for user 13: no such column: plag_profile.created_at
Dashboard error for user 13: no such column: plag_profile.created_at
Dashboard error for user 13: no such column: plag_profile.created_at
Dashboard error for user 13: no such column: plag_profile.created_at
Dashboard error for user 13: no such column: plag_profile.created_at
Dashboard error for user 13: no such column: plag_profile.created_at
Dashboard error for user 13: no such column: plag_profile.created_at
Dashboard error for user 13: no such column: plag_profile.created_at
Dashboard error for user 13: no such column: plag_profile.created_at
Dashboard error for user 13: no such column: plag_profile.created_at
Dashboard error for user 13: no such column: plag_profile.created_at
Dashboard error for user 13: no such column: plag_profile.created_at
Dashboard error for user 13: no such column: plag_profile.created_at
Work view error for user 13: no such column: plag_upload.ai_confidence
Dashboard error for user 13: no such column: plag_upload.is_ai_detected
Dashboard error for user 13: no such column: plag_upload.is_ai_detected
Dashboard error for user 13: no such column: plag_upload.is_ai_detected
Dashboard error for user 13: no such column: plag_upload.is_ai_detected
Dashboard error for user 13: no such column: plag_upload.is_ai_detected
Dashboard error for user 13: no such column: plag_upload.is_ai_detected
Dashboard error for user 13: no such column: plag_upload.is_ai_detected
Dashboard error for user 13: no such column: plag_upload.is_ai_detected
Dashboard error for user 13: no such column: plag_upload.is_ai_detected
Dashboard error for user 13: no such column: plag_upload.is_ai_detected
Dashboard error for user 13: no such column: plag_upload.is_ai_detected
Dashboard error for user 13: no such column: plag_upload.is_ai_detected
Dashboard error for user 13: no such column: plag_upload.is_ai_detected
Dashboard error for user 13: no such column: plag_upload.is_ai_detected
Dashboard error for user 13: no such column: plag_upload.is_ai_detected
Dashboard error for user 13: no such column: plag_upload.is_ai_detected
Dashboard error for user 13: no such column: plag_upload.is_ai_detected
Dashboard error for user 13: no such column: plag_upload.is_ai_detected
Dashboard error for user 13: no such column: plag_upload.is_ai_detected
Dashboard error for user 13: no such column: plag_upload.is_ai_detected
Dashboard error for user 13: no such column: plag_upload.is_ai_detected
Dashboard error for user 13: no such column: plag_upload.is_ai_detected
Dashboard error for user 13: no such column: plag_upload.is_ai_detected
Dashboard error for user 13: no such column: plag_upload.is_ai_detected
Dashboard error for user 13: no such column: plag_upload.is_ai_detected
Dashboard error for user 13: no such column: plag_upload.is_ai_detected
Dashboard error for user 13: no such column: plag_upload.is_ai_detected
Dashboard error for user 13: no such column: plag_upload.is_ai_detected
Dashboard error for user 13: no such column: plag_upload.is_ai_detected
Dashboard error for user 13: no such column: plag_upload.is_ai_detected
Dashboard error for user 13: no such column: plag_upload.is_ai_detected
Dashboard error for user 13: no such column: plag_upload.is_ai_detected
Dashboard error for user 13: no such column: plag_upload.is_ai_detected
Dashboard error for user 13: no such column: plag_upload.is_ai_detected
Dashboard error for user 13: no such column: plag_upload.is_ai_detected
Dashboard error for user 13: no such column: plag_upload.is_ai_detected
Dashboard error for user 13: no such column: plag_upload.is_ai_detected
Dashboard error for user 13: no such column: plag_upload.is_ai_detected
Dashboard error for user 13: no such column: plag_upload.is_ai_detected
Dashboard error for user 13: no such column: plag_upload.is_ai_detected
Dashboard error for user 13: no such column: plag_upload.is_ai_detected
Dashboard error for user 13: no such column: plag_upload.is_ai_detected
Dashboard error for user 13: no such column: plag_upload.is_ai_detected
Dashboard error for user 13: no such column: plag_upload.is_ai_detected
Dashboard error for user 13: no such column: plag_upload.is_ai_detected
Dashboard error for user 13: no such column: plag_upload.is_ai_detected
Dashboard error for user 13: no such column: plag_upload.is_ai_detected
Dashboard error for user 13: no such column: plag_upload.is_ai_detected
Dashboard error for user 13: no such column: plag_upload.is_ai_detected
Dashboard error for user 13: no such column: plag_upload.is_ai_detected
Dashboard error for user 13: no such column: plag_upload.is_ai_detected
Dashboard error for user 13: no such column: plag_upload.is_ai_detected
Dashboard error for user 13: no such column: plag_upload.is_ai_detected
Dashboard error for user 13: no such column: plag_upload.is_ai_detected
Dashboard error for user 13: no such column: plag_upload.is_ai_detected
Dashboard error for user 13: no such column: plag_upload.is_ai_detected
Dashboard error for user 13: no such column: plag_upload.is_ai_detected
Dashboard error for user 13: no such column: plag_upload.is_ai_detected
Dashboard error for user 13: no such column: plag_upload.is_ai_detected
Dashboard error for user 13: no such column: plag_upload.is_ai_detected
Dashboard error for user 13: no such column: plag_upload.is_ai_detected
Dashboard error for user 13: no such column: plag_upload.is_ai_detected
Dashboard error for user 13: no such column: plag_upload.is_ai_detected
Dashboard error for user 13: no such column: plag_upload.is_ai_detected
Dashboard error for user 13: no such column: plag_upload.is_ai_detected
Dashboard error for user 13: no such column: plag_upload.is_ai_detected
Dashboard error for user 13: no such column: plag_upload.is_ai_detected
Dashboard error for user 13: no such column: plag_upload.is_ai_detected
Dashboard error for user 13: no such column: plag_upload.is_ai_detected
Dashboard error for user 13: no such column: plag_upload.is_ai_detected
Dashboard error for user 13: no such column: plag_upload.is_ai_detected
Dashboard error for user 13: no such column: plag_upload.is_ai_detected
Work view error for user 13: no such column: plag_upload.ai_confidence
Dashboard error for user 13: no such column: plag_upload.is_ai_detected
Work view error for user 13: no such column: plag_upload.ai_confidence
Dashboard error for user 13: no such column: plag_upload.is_ai_detected
Dashboard error for user 13: no such column: plag_upload.is_ai_detected
Not Found: /register
"GET /register HTTP/1.1" 404 5988
SECURITY EVENT - Type: LOGIN_FAILED, User: None, Details: Failed login for ojuka from 127.0.0.1
SECURITY EVENT - Type: LOGIN_FAILED, User: None, Details: Failed login for ojuka from 127.0.0.1
SECURITY EVENT - Type: LOGIN_SUCCESS, User: 1, Details: User admin logged in
Dashboard error for user 1: Reverse for 'users' with keyword arguments '{'role': 'Lecturers'}' not found. 1 pattern(s) tried: ['users/(?P<role>Student|Lecturer)/$']
Internal Server Error: /dashboard/
Traceback (most recent call last):
  File "D:\python\plagiarismcheckerextra\plag\views.py", line 98, in dashboard
    return render(request, "dashboard.html", context)
  File "C:\Users\HP\AppData\Roaming\Python\Python310\site-packages\django\shortcuts.py", line 25, in render
    content = loader.render_to_string(template_name, context, request, using=using)
  File "C:\Users\HP\AppData\Roaming\Python\Python310\site-packages\django\template\loader.py", line 62, in render_to_string
    return template.render(context, request)
  File "C:\Users\HP\AppData\Roaming\Python\Python310\site-packages\django\template\backends\django.py", line 107, in render
    return self.template.render(context)
  File "C:\Users\HP\AppData\Roaming\Python\Python310\site-packages\django\template\base.py", line 171, in render
    return self._render(context)
  File "C:\Users\HP\AppData\Roaming\Python\Python310\site-packages\django\template\base.py", line 163, in _render
    return self.nodelist.render(context)
  File "C:\Users\HP\AppData\Roaming\Python\Python310\site-packages\django\template\base.py", line 1016, in render
    return SafeString("".join([node.render_annotated(context) for node in self]))
  File "C:\Users\HP\AppData\Roaming\Python\Python310\site-packages\django\template\base.py", line 1016, in <listcomp>
    return SafeString("".join([node.render_annotated(context) for node in self]))
  File "C:\Users\HP\AppData\Roaming\Python\Python310\site-packages\django\template\base.py", line 977, in render_annotated
    return self.render(context)
  File "C:\Users\HP\AppData\Roaming\Python\Python310\site-packages\django\template\loader_tags.py", line 159, in render
    return compiled_parent._render(context)
  File "C:\Users\HP\AppData\Roaming\Python\Python310\site-packages\django\template\base.py", line 163, in _render
    return self.nodelist.render(context)
  File "C:\Users\HP\AppData\Roaming\Python\Python310\site-packages\django\template\base.py", line 1016, in render
    return SafeString("".join([node.render_annotated(context) for node in self]))
  File "C:\Users\HP\AppData\Roaming\Python\Python310\site-packages\django\template\base.py", line 1016, in <listcomp>
    return SafeString("".join([node.render_annotated(context) for node in self]))
  File "C:\Users\HP\AppData\Roaming\Python\Python310\site-packages\django\template\base.py", line 977, in render_annotated
    return self.render(context)
  File "C:\Users\HP\AppData\Roaming\Python\Python310\site-packages\django\template\defaulttags.py", line 327, in render
    return nodelist.render(context)
  File "C:\Users\HP\AppData\Roaming\Python\Python310\site-packages\django\template\base.py", line 1016, in render
    return SafeString("".join([node.render_annotated(context) for node in self]))
  File "C:\Users\HP\AppData\Roaming\Python\Python310\site-packages\django\template\base.py", line 1016, in <listcomp>
    return SafeString("".join([node.render_annotated(context) for node in self]))
  File "C:\Users\HP\AppData\Roaming\Python\Python310\site-packages\django\template\base.py", line 977, in render_annotated
    return self.render(context)
  File "C:\Users\HP\AppData\Roaming\Python\Python310\site-packages\django\template\defaulttags.py", line 480, in render
    url = reverse(view_name, args=args, kwargs=kwargs, current_app=current_app)
  File "C:\Users\HP\AppData\Roaming\Python\Python310\site-packages\django\urls\base.py", line 98, in reverse
    resolved_url = resolver._reverse_with_prefix(view, prefix, *args, **kwargs)
  File "C:\Users\HP\AppData\Roaming\Python\Python310\site-packages\django\urls\resolvers.py", line 831, in _reverse_with_prefix
    raise NoReverseMatch(msg)
django.urls.exceptions.NoReverseMatch: Reverse for 'users' with keyword arguments '{'role': 'Lecturers'}' not found. 1 pattern(s) tried: ['users/(?P<role>Student|Lecturer)/$']

During handling of the above exception, another exception occurred:

Traceback (most recent call last):
  File "C:\Users\HP\AppData\Roaming\Python\Python310\site-packages\django\core\handlers\exception.py", line 55, in inner
    response = get_response(request)
  File "C:\Users\HP\AppData\Roaming\Python\Python310\site-packages\django\core\handlers\base.py", line 197, in _get_response
    response = wrapped_callback(request, *callback_args, **callback_kwargs)
  File "C:\Users\HP\AppData\Roaming\Python\Python310\site-packages\django\contrib\auth\decorators.py", line 59, in _view_wrapper
    return view_func(request, *args, **kwargs)
  File "D:\python\plagiarismcheckerextra\plag\views.py", line 103, in dashboard
    return render(request, "dashboard.html", context)
  File "C:\Users\HP\AppData\Roaming\Python\Python310\site-packages\django\shortcuts.py", line 25, in render
    content = loader.render_to_string(template_name, context, request, using=using)
  File "C:\Users\HP\AppData\Roaming\Python\Python310\site-packages\django\template\loader.py", line 62, in render_to_string
    return template.render(context, request)
  File "C:\Users\HP\AppData\Roaming\Python\Python310\site-packages\django\template\backends\django.py", line 107, in render
    return self.template.render(context)
  File "C:\Users\HP\AppData\Roaming\Python\Python310\site-packages\django\template\base.py", line 171, in render
    return self._render(context)
  File "C:\Users\HP\AppData\Roaming\Python\Python310\site-packages\django\template\base.py", line 163, in _render
    return self.nodelist.render(context)
  File "C:\Users\HP\AppData\Roaming\Python\Python310\site-packages\django\template\base.py", line 1016, in render
    return SafeString("".join([node.render_annotated(context) for node in self]))
  File "C:\Users\HP\AppData\Roaming\Python\Python310\site-packages\django\template\base.py", line 1016, in <listcomp>
    return SafeString("".join([node.render_annotated(context) for node in self]))
  File "C:\Users\HP\AppData\Roaming\Python\Python310\site-packages\django\template\base.py", line 977, in render_annotated
    return self.render(context)
  File "C:\Users\HP\AppData\Roaming\Python\Python310\site-packages\django\template\loader_tags.py", line 159, in render
    return compiled_parent._render(context)
  File "C:\Users\HP\AppData\Roaming\Python\Python310\site-packages\django\template\base.py", line 163, in _render
    return self.nodelist.render(context)
  File "C:\Users\HP\AppData\Roaming\Python\Python310\site-packages\django\template\base.py", line 1016, in render
    return SafeString("".join([node.render_annotated(context) for node in self]))
  File "C:\Users\HP\AppData\Roaming\Python\Python310\site-packages\django\template\base.py", line 1016, in <listcomp>
    return SafeString("".join([node.render_annotated(context) for node in self]))
  File "C:\Users\HP\AppData\Roaming\Python\Python310\site-packages\django\template\base.py", line 977, in render_annotated
    return self.render(context)
  File "C:\Users\HP\AppData\Roaming\Python\Python310\site-packages\django\template\defaulttags.py", line 327, in render
    return nodelist.render(context)
  File "C:\Users\HP\AppData\Roaming\Python\Python310\site-packages\django\template\base.py", line 1016, in render
    return SafeString("".join([node.render_annotated(context) for node in self]))
  File "C:\Users\HP\AppData\Roaming\Python\Python310\site-packages\django\template\base.py", line 1016, in <listcomp>
    return SafeString("".join([node.render_annotated(context) for node in self]))
  File "C:\Users\HP\AppData\Roaming\Python\Python310\site-packages\django\template\base.py", line 977, in render_annotated
    return self.render(context)
  File "C:\Users\HP\AppData\Roaming\Python\Python310\site-packages\django\template\defaulttags.py", line 480, in render
    url = reverse(view_name, args=args, kwargs=kwargs, current_app=current_app)
  File "C:\Users\HP\AppData\Roaming\Python\Python310\site-packages\django\urls\base.py", line 98, in reverse
    resolved_url = resolver._reverse_with_prefix(view, prefix, *args, **kwargs)
  File "C:\Users\HP\AppData\Roaming\Python\Python310\site-packages\django\urls\resolvers.py", line 831, in _reverse_with_prefix
    raise NoReverseMatch(msg)
django.urls.exceptions.NoReverseMatch: Reverse for 'users' with keyword arguments '{'role': 'Lecturers'}' not found. 1 pattern(s) tried: ['users/(?P<role>Student|Lecturer)/$']
"GET /dashboard/ HTTP/1.1" 500 278754
You're accessing the development server over HTTPS, but it only supports HTTP.
You're accessing the development server over HTTPS, but it only supports HTTP.
You're accessing the development server over HTTPS, but it only supports HTTP.
You're accessing the development server over HTTPS, but it only supports HTTP.
You're accessing the development server over HTTPS, but it only supports HTTP.
You're accessing the development server over HTTPS, but it only supports HTTP.
You're accessing the development server over HTTPS, but it only supports HTTP.
You're accessing the development server over HTTPS, but it only supports HTTP.
You're accessing the development server over HTTPS, but it only supports HTTP.
You're accessing the development server over HTTPS, but it only supports HTTP.
You're accessing the development server over HTTPS, but it only supports HTTP.
You're accessing the development server over HTTPS, but it only supports HTTP.
You're accessing the development server over HTTPS, but it only supports HTTP.
You're accessing the development server over HTTPS, but it only supports HTTP.
You're accessing the development server over HTTPS, but it only supports HTTP.
You're accessing the development server over HTTPS, but it only supports HTTP.
You're accessing the development server over HTTPS, but it only supports HTTP.
You're accessing the development server over HTTPS, but it only supports HTTP.
Dashboard error for user 1: no such column: plag_profile.organization_id
Internal Server Error: /dashboard/
Traceback (most recent call last):
  File "C:\Users\HP\AppData\Roaming\Python\Python310\site-packages\django\db\models\fields\related_descriptors.py", line 516, in __get__
    rel_obj = self.related.get_cached_value(instance)
  File "C:\Users\HP\AppData\Roaming\Python\Python310\site-packages\django\db\models\fields\mixins.py", line 37, in get_cached_value
    return instance._state.fields_cache[self.cache_name]
KeyError: 'profile'

During handling of the above exception, another exception occurred:

Traceback (most recent call last):
  File "C:\Users\HP\AppData\Roaming\Python\Python310\site-packages\django\db\backends\utils.py", line 105, in _execute
    return self.cursor.execute(sql, params)
  File "C:\Users\HP\AppData\Roaming\Python\Python310\site-packages\django\db\backends\sqlite3\base.py", line 360, in execute
    return super().execute(query, params)
sqlite3.OperationalError: no such column: plag_profile.organization_id

The above exception was the direct cause of the following exception:

Traceback (most recent call last):
  File "D:\python\plagiarismcheckerextra\plag\views.py", line 70, in dashboard
    profile = user.profile
  File "C:\Users\HP\AppData\Roaming\Python\Python310\site-packages\django\utils\functional.py", line 253, in inner
    return func(_wrapped, *args)
  File "C:\Users\HP\AppData\Roaming\Python\Python310\site-packages\django\db\models\fields\related_descriptors.py", line 523, in __get__
    rel_obj = self.get_queryset(instance=instance).get(**filter_args)
  File "C:\Users\HP\AppData\Roaming\Python\Python310\site-packages\django\db\models\query.py", line 629, in get
    num = len(clone)
  File "C:\Users\HP\AppData\Roaming\Python\Python310\site-packages\django\db\models\query.py", line 366, in __len__
    self._fetch_all()
  File "C:\Users\HP\AppData\Roaming\Python\Python310\site-packages\django\db\models\query.py", line 1949, in _fetch_all
    self._result_cache = list(self._iterable_class(self))
  File "C:\Users\HP\AppData\Roaming\Python\Python310\site-packages\django\db\models\query.py", line 91, in __iter__
    results = compiler.execute_sql(
  File "C:\Users\HP\AppData\Roaming\Python\Python310\site-packages\django\db\models\sql\compiler.py", line 1623, in execute_sql
    cursor.execute(sql, params)
  File "C:\Users\HP\AppData\Roaming\Python\Python310\site-packages\django\db\backends\utils.py", line 122, in execute
    return super().execute(sql, params)
  File "C:\Users\HP\AppData\Roaming\Python\Python310\site-packages\django\db\backends\utils.py", line 79, in execute
    return self._execute_with_wrappers(
  File "C:\Users\HP\AppData\Roaming\Python\Python310\site-packages\django\db\backends\utils.py", line 92, in _execute_with_wrappers
    return executor(sql, params, many, context)
  File "C:\Users\HP\AppData\Roaming\Python\Python310\site-packages\django\db\backends\utils.py", line 100, in _execute
    with self.db.wrap_database_errors:
  File "C:\Users\HP\AppData\Roaming\Python\Python310\site-packages\django\db\utils.py", line 91, in __exit__
    raise dj_exc_value.with_traceback(traceback) from exc_value
  File "C:\Users\HP\AppData\Roaming\Python\Python310\site-packages\django\db\backends\utils.py", line 105, in _execute
    return self.cursor.execute(sql, params)
  File "C:\Users\HP\AppData\Roaming\Python\Python310\site-packages\django\db\backends\sqlite3\base.py", line 360, in execute
    return super().execute(query, params)
django.db.utils.OperationalError: no such column: plag_profile.organization_id

During handling of the above exception, another exception occurred:

Traceback (most recent call last):
  File "C:\Users\HP\AppData\Roaming\Python\Python310\site-packages\django\template\base.py", line 891, in _resolve_lookup
    current = current[bit]
  File "C:\Users\HP\AppData\Roaming\Python\Python310\site-packages\django\utils\functional.py", line 253, in inner
    return func(_wrapped, *args)
TypeError: 'User' object is not subscriptable

During handling of the above exception, another exception occurred:

Traceback (most recent call last):
  File "C:\Users\HP\AppData\Roaming\Python\Python310\site-packages\django\db\models\fields\related_descriptors.py", line 516, in __get__
    rel_obj = self.related.get_cached_value(instance)
  File "C:\Users\HP\AppData\Roaming\Python\Python310\site-packages\django\db\models\fields\mixins.py", line 37, in get_cached_value
    return instance._state.fields_cache[self.cache_name]
KeyError: 'profile'

During handling of the above exception, another exception occurred:

Traceback (most recent call last):
  File "C:\Users\HP\AppData\Roaming\Python\Python310\site-packages\django\db\backends\utils.py", line 105, in _execute
    return self.cursor.execute(sql, params)
  File "C:\Users\HP\AppData\Roaming\Python\Python310\site-packages\django\db\backends\sqlite3\base.py", line 360, in execute
    return super().execute(query, params)
sqlite3.OperationalError: no such column: plag_profile.organization_id

The above exception was the direct cause of the following exception:

Traceback (most recent call last):
  File "C:\Users\HP\AppData\Roaming\Python\Python310\site-packages\django\core\handlers\exception.py", line 55, in inner
    response = get_response(request)
  File "C:\Users\HP\AppData\Roaming\Python\Python310\site-packages\django\core\handlers\base.py", line 197, in _get_response
    response = wrapped_callback(request, *callback_args, **callback_kwargs)
  File "C:\Users\HP\AppData\Roaming\Python\Python310\site-packages\django\contrib\auth\decorators.py", line 59, in _view_wrapper
    return view_func(request, *args, **kwargs)
  File "D:\python\plagiarismcheckerextra\plag\views.py", line 103, in dashboard
    return render(request, "dashboard.html", context)
  File "C:\Users\HP\AppData\Roaming\Python\Python310\site-packages\django\shortcuts.py", line 25, in render
    content = loader.render_to_string(template_name, context, request, using=using)
  File "C:\Users\HP\AppData\Roaming\Python\Python310\site-packages\django\template\loader.py", line 62, in render_to_string
    return template.render(context, request)
  File "C:\Users\HP\AppData\Roaming\Python\Python310\site-packages\django\template\backends\django.py", line 107, in render
    return self.template.render(context)
  File "C:\Users\HP\AppData\Roaming\Python\Python310\site-packages\django\template\base.py", line 171, in render
    return self._render(context)
  File "C:\Users\HP\AppData\Roaming\Python\Python310\site-packages\django\template\base.py", line 163, in _render
    return self.nodelist.render(context)
  File "C:\Users\HP\AppData\Roaming\Python\Python310\site-packages\django\template\base.py", line 1016, in render
    return SafeString("".join([node.render_annotated(context) for node in self]))
  File "C:\Users\HP\AppData\Roaming\Python\Python310\site-packages\django\template\base.py", line 1016, in <listcomp>
    return SafeString("".join([node.render_annotated(context) for node in self]))
  File "C:\Users\HP\AppData\Roaming\Python\Python310\site-packages\django\template\base.py", line 977, in render_annotated
    return self.render(context)
  File "C:\Users\HP\AppData\Roaming\Python\Python310\site-packages\django\template\loader_tags.py", line 159, in render
    return compiled_parent._render(context)
  File "C:\Users\HP\AppData\Roaming\Python\Python310\site-packages\django\template\base.py", line 163, in _render
    return self.nodelist.render(context)
  File "C:\Users\HP\AppData\Roaming\Python\Python310\site-packages\django\template\base.py", line 1016, in render
    return SafeString("".join([node.render_annotated(context) for node in self]))
  File "C:\Users\HP\AppData\Roaming\Python\Python310\site-packages\django\template\base.py", line 1016, in <listcomp>
    return SafeString("".join([node.render_annotated(context) for node in self]))
  File "C:\Users\HP\AppData\Roaming\Python\Python310\site-packages\django\template\base.py", line 977, in render_annotated
    return self.render(context)
  File "C:\Users\HP\AppData\Roaming\Python\Python310\site-packages\django\template\base.py", line 1075, in render
    output = self.filter_expression.resolve(context)
  File "C:\Users\HP\AppData\Roaming\Python\Python310\site-packages\django\template\base.py", line 722, in resolve
    obj = self.var.resolve(context)
  File "C:\Users\HP\AppData\Roaming\Python\Python310\site-packages\django\template\base.py", line 854, in resolve
    value = self._resolve_lookup(context)
  File "C:\Users\HP\AppData\Roaming\Python\Python310\site-packages\django\template\base.py", line 901, in _resolve_lookup
    current = getattr(current, bit)
  File "C:\Users\HP\AppData\Roaming\Python\Python310\site-packages\django\utils\functional.py", line 253, in inner
    return func(_wrapped, *args)
  File "C:\Users\HP\AppData\Roaming\Python\Python310\site-packages\django\db\models\fields\related_descriptors.py", line 523, in __get__
    rel_obj = self.get_queryset(instance=instance).get(**filter_args)
  File "C:\Users\HP\AppData\Roaming\Python\Python310\site-packages\django\db\models\query.py", line 629, in get
    num = len(clone)
  File "C:\Users\HP\AppData\Roaming\Python\Python310\site-packages\django\db\models\query.py", line 366, in __len__
    self._fetch_all()
  File "C:\Users\HP\AppData\Roaming\Python\Python310\site-packages\django\db\models\query.py", line 1949, in _fetch_all
    self._result_cache = list(self._iterable_class(self))
  File "C:\Users\HP\AppData\Roaming\Python\Python310\site-packages\django\db\models\query.py", line 91, in __iter__
    results = compiler.execute_sql(
  File "C:\Users\HP\AppData\Roaming\Python\Python310\site-packages\django\db\models\sql\compiler.py", line 1623, in execute_sql
    cursor.execute(sql, params)
  File "C:\Users\HP\AppData\Roaming\Python\Python310\site-packages\django\db\backends\utils.py", line 122, in execute
    return super().execute(sql, params)
  File "C:\Users\HP\AppData\Roaming\Python\Python310\site-packages\django\db\backends\utils.py", line 79, in execute
    return self._execute_with_wrappers(
  File "C:\Users\HP\AppData\Roaming\Python\Python310\site-packages\django\db\backends\utils.py", line 92, in _execute_with_wrappers
    return executor(sql, params, many, context)
  File "C:\Users\HP\AppData\Roaming\Python\Python310\site-packages\django\db\backends\utils.py", line 100, in _execute
    with self.db.wrap_database_errors:
  File "C:\Users\HP\AppData\Roaming\Python\Python310\site-packages\django\db\utils.py", line 91, in __exit__
    raise dj_exc_value.with_traceback(traceback) from exc_value
  File "C:\Users\HP\AppData\Roaming\Python\Python310\site-packages\django\db\backends\utils.py", line 105, in _execute
    return self.cursor.execute(sql, params)
  File "C:\Users\HP\AppData\Roaming\Python\Python310\site-packages\django\db\backends\sqlite3\base.py", line 360, in execute
    return super().execute(query, params)
django.db.utils.OperationalError: no such column: plag_profile.organization_id
"GET /dashboard/ HTTP/1.1" 500 333997
SECURITY EVENT - Type: LOGIN_SUCCESS, User: 3, Details: User student logged in
SECURITY EVENT - Type: FILE_UPLOADED, User: 3, Details: Uploaded Cz5ztSxUXV_objxRqjyRCe_D62txiskfFzg8nTCEzAc.pdf
You're accessing the development server over HTTPS, but it only supports HTTP.
You're accessing the development server over HTTPS, but it only supports HTTP.
You're accessing the development server over HTTPS, but it only supports HTTP.
You're accessing the development server over HTTPS, but it only supports HTTP.
You're accessing the development server over HTTPS, but it only supports HTTP.
You're accessing the development server over HTTPS, but it only supports HTTP.
You're accessing the development server over HTTPS, but it only supports HTTP.
You're accessing the development server over HTTPS, but it only supports HTTP.
You're accessing the development server over HTTPS, but it only supports HTTP.
You're accessing the development server over HTTPS, but it only supports HTTP.
You're accessing the development server over HTTPS, but it only supports HTTP.
You're accessing the development server over HTTPS, but it only supports HTTP.
SECURITY EVENT - Type: RATE_LIMIT_EXCEEDED, User: None, Details: Login attempts from 127.0.0.1
SECURITY EVENT - Type: RATE_LIMIT_EXCEEDED, User: None, Details: Login attempts from 127.0.0.1
SECURITY EVENT - Type: LOGIN_SUCCESS, User: 1, Details: User admin logged in
PDF view error: 'plag_extras' is not a registered tag library. Must be one of:
admin_list
admin_modify
admin_urls
cache
i18n
l10n
log
static
tz
PDF view error: 'plag_extras' is not a registered tag library. Must be one of:
admin_list
admin_modify
admin_urls
cache
i18n
l10n
log
static
tz
PDF view error: 'plag_extras' is not a registered tag library. Must be one of:
admin_list
admin_modify
admin_urls
cache
i18n
l10n
log
static
tz
Login error: no such column: plag_profile.is_individual
Login error: no such column: plag_profile.is_individual
SECURITY EVENT - Type: LOGIN_FAILED, User: None, Details: Failed login for lecturer from 127.0.0.1
Login error: no such column: plag_profile.is_individual
Login error: no such column: plag_profile.is_individual
SECURITY EVENT - Type: LOGIN_SUCCESS, User: 1, Details: User admin logged in
Forbidden: /users/Lecturer/
"GET /users/Lecturer/ HTTP/1.1" 403 13
Forbidden: /users/Lecturer/
"GET /users/Lecturer/ HTTP/1.1" 403 13
Forbidden: /users/Student/
"GET /users/Student/ HTTP/1.1" 403 13
Forbidden: /users/Student/
"GET /users/Student/ HTTP/1.1" 403 13
SECURITY EVENT - Type: LOGIN_FAILED, User: None, Details: Failed login for lecturer from 127.0.0.1
Forbidden: /users/Lecturer/
"GET /users/Lecturer/ HTTP/1.1" 403 13
Forbidden: /users/Lecturer/
"GET /users/Lecturer/ HTTP/1.1" 403 13
Forbidden: /users/Student/
"GET /users/Student/ HTTP/1.1" 403 13
Forbidden: /users/Lecturer/
"GET /users/Lecturer/ HTTP/1.1" 403 13
SECURITY EVENT - Type: LOGIN_FAILED, User: None, Details: Failed login for lecturer from 127.0.0.1
SECURITY EVENT - Type: RATE_LIMIT_EXCEEDED, User: None, Details: Login attempts from 127.0.0.1
SECURITY EVENT - Type: LOGIN_SUCCESS, User: 3, Details: User student logged in
Forbidden: /users/Lecturer/
"GET /users/Lecturer/ HTTP/1.1" 403 13
Forbidden: /users/Lecturer/
"GET /users/Lecturer/ HTTP/1.1" 403 13
SECURITY EVENT - Type: LOGIN_SUCCESS, User: 1, Details: User admin logged in
SECURITY EVENT - Type: LOGIN_SUCCESS, User: 1, Details: User admin logged in
Forbidden: /users/Student/
"GET /users/Student/ HTTP/1.1" 403 13
SECURITY EVENT - Type: RATE_LIMIT_EXCEEDED, User: None, Details: Login attempts from 127.0.0.1
SECURITY EVENT - Type: RATE_LIMIT_EXCEEDED, User: None, Details: Login attempts from 127.0.0.1
SECURITY EVENT - Type: RATE_LIMIT_EXCEEDED, User: None, Details: Login attempts from 127.0.0.1
SECURITY EVENT - Type: RATE_LIMIT_EXCEEDED, User: None, Details: Login attempts from 127.0.0.1
SECURITY EVENT - Type: RATE_LIMIT_EXCEEDED, User: None, Details: Login attempts from 127.0.0.1
SECURITY EVENT - Type: RATE_LIMIT_EXCEEDED, User: None, Details: Login attempts from 127.0.0.1
SECURITY EVENT - Type: RATE_LIMIT_EXCEEDED, User: None, Details: Login attempts from 127.0.0.1
SECURITY EVENT - Type: RATE_LIMIT_EXCEEDED, User: None, Details: Login attempts from 127.0.0.1
SECURITY EVENT - Type: RATE_LIMIT_EXCEEDED, User: None, Details: Login attempts from 127.0.0.1
SECURITY EVENT - Type: LOGIN_SUCCESS, User: 8, Details: User Hakateq logged in
Forbidden: /users/Student/
"GET /users/Student/ HTTP/1.1" 403 13
Forbidden: /users/Lecturer/
"GET /users/Lecturer/ HTTP/1.1" 403 13
Forbidden: /users/Lecturer/
"GET /users/Lecturer/ HTTP/1.1" 403 13
Forbidden: /users/Student/
"GET /users/Student/ HTTP/1.1" 403 13
SECURITY EVENT - Type: LOGIN_SUCCESS, User: 1, Details: User admin logged in
Forbidden: /users/Lecturer/
"GET /users/Lecturer/ HTTP/1.1" 403 13
SECURITY EVENT - Type: LOGIN_SUCCESS, User: 2, Details: User admin logged in
Not Found: /favicon.ico
"GET /favicon.ico HTTP/1.1" 404 8220
SECURITY EVENT - Type: LOGIN_FAILED, User: None, Details: Failed login for individual from 127.0.0.1
SECURITY EVENT - Type: RATE_LIMIT_EXCEEDED, User: None, Details: Login attempts from 127.0.0.1
SECURITY EVENT - Type: RATE_LIMIT_EXCEEDED, User: None, Details: Login attempts from 127.0.0.1
SECURITY EVENT - Type: RATE_LIMIT_EXCEEDED, User: None, Details: Login attempts from 127.0.0.1
Not Found: /shop
"GET /shop HTTP/1.1" 404 8199
Not Found: /favicon.ico
"GET /favicon.ico HTTP/1.1" 404 8220
SECURITY EVENT - Type: RATE_LIMIT_EXCEEDED, User: None, Details: Login attempts from 127.0.0.1
SECURITY EVENT - Type: RATE_LIMIT_EXCEEDED, User: None, Details: Login attempts from 127.0.0.1
SECURITY EVENT - Type: RATE_LIMIT_EXCEEDED, User: None, Details: Login attempts from 127.0.0.1
SECURITY EVENT - Type: RATE_LIMIT_EXCEEDED, User: None, Details: Login attempts from 127.0.0.1
SECURITY EVENT - Type: RATE_LIMIT_EXCEEDED, User: None, Details: Login attempts from 127.0.0.1
SECURITY EVENT - Type: RATE_LIMIT_EXCEEDED, User: None, Details: Login attempts from 127.0.0.1
SECURITY EVENT - Type: RATE_LIMIT_EXCEEDED, User: None, Details: Login attempts from 127.0.0.1
SECURITY EVENT - Type: RATE_LIMIT_EXCEEDED, User: None, Details: Login attempts from 127.0.0.1
Not Found: /.well-known/appspecific/com.chrome.devtools.json
"GET /.well-known/appspecific/com.chrome.devtools.json HTTP/1.1" 404 8331
SECURITY EVENT - Type: RATE_LIMIT_EXCEEDED, User: None, Details: Login attempts from 127.0.0.1
Not Found: /.well-known/appspecific/com.chrome.devtools.json
"GET /.well-known/appspecific/com.chrome.devtools.json HTTP/1.1" 404 8331
SECURITY EVENT - Type: LOGIN_SUCCESS, User: 3, Details: User lecturer1 logged in
Not Found: /favicon.ico
"GET /favicon.ico HTTP/1.1" 404 8220
SECURITY EVENT - Type: LOGIN_SUCCESS, User: 5, Details: User individual1 logged in
PDF reading error: EOF marker not found
PDF reading error: EOF marker not found
PDF reading error: EOF marker not found
Forbidden: /users/Lecturer/
"GET /users/Lecturer/ HTTP/1.1" 403 13
Forbidden: /users/Lecturer/
"GET /users/Lecturer/ HTTP/1.1" 403 13
Forbidden: /users/Student/
"GET /users/Student/ HTTP/1.1" 403 13
Forbidden: /users/Student/
"GET /users/Student/ HTTP/1.1" 403 13
Forbidden: /users/Student/
"GET /users/Student/ HTTP/1.1" 403 13
SECURITY EVENT - Type: LOGIN_SUCCESS, User: 2, Details: User admin logged in
SECURITY EVENT - Type: LOGIN_SUCCESS, User: 1, Details: User superadmin logged in
Forbidden: /users/Lecturer/
"GET /users/Lecturer/ HTTP/1.1" 403 13
Forbidden: /users/Student/
"GET /users/Student/ HTTP/1.1" 403 13
Forbidden: /users/Student/
"GET /users/Student/ HTTP/1.1" 403 13
SECURITY EVENT - Type: FILE_UPLOADED, User: 1, Details: Uploaded XzWH7tKHt5v-F_Ds8J7ZfbM4vu1l-ZWJx0Fb-_jRbp8.pdf
Forbidden: /users/Lecturer/
"GET /users/Lecturer/ HTTP/1.1" 403 13
SECURITY EVENT - Type: RATE_LIMIT_EXCEEDED, User: None, Details: Login attempts from 127.0.0.1
SECURITY EVENT - Type: LOGIN_SUCCESS, User: 5, Details: User individual1 logged in
PDF reading error: EOF marker not found
SECURITY EVENT - Type: LOGIN_FAILED, User: None, Details: Failed login for student1 from 127.0.0.1
SECURITY EVENT - Type: LOGIN_SUCCESS, User: 4, Details: User student1 logged in
SECURITY EVENT - Type: RATE_LIMIT_EXCEEDED, User: None, Details: Login attempts from 127.0.0.1
SECURITY EVENT - Type: RATE_LIMIT_EXCEEDED, User: None, Details: Login attempts from 127.0.0.1
SECURITY EVENT - Type: RATE_LIMIT_EXCEEDED, User: None, Details: Login attempts from 127.0.0.1
SECURITY EVENT - Type: RATE_LIMIT_EXCEEDED, User: None, Details: Login attempts from 127.0.0.1
SECURITY EVENT - Type: RATE_LIMIT_EXCEEDED, User: None, Details: Login attempts from 127.0.0.1
Forbidden: /users/Lecturer/
"GET /users/Lecturer/ HTTP/1.1" 403 13
SECURITY EVENT - Type: RATE_LIMIT_EXCEEDED, User: None, Details: Login attempts from 127.0.0.1
SECURITY EVENT - Type: RATE_LIMIT_EXCEEDED, User: None, Details: Login attempts from 127.0.0.1
SECURITY EVENT - Type: RATE_LIMIT_EXCEEDED, User: None, Details: Login attempts from 127.0.0.1
SECURITY EVENT - Type: RATE_LIMIT_EXCEEDED, User: None, Details: Login attempts from 127.0.0.1
SECURITY EVENT - Type: RATE_LIMIT_EXCEEDED, User: None, Details: Login attempts from 127.0.0.1
SECURITY EVENT - Type: RATE_LIMIT_EXCEEDED, User: None, Details: Login attempts from 127.0.0.1
SECURITY EVENT - Type: RATE_LIMIT_EXCEEDED, User: None, Details: Login attempts from 127.0.0.1
SECURITY EVENT - Type: LOGIN_SUCCESS, User: 6, Details: User Isihaka logged in
PDF reading error: EOF marker not found
SECURITY EVENT - Type: LOGIN_SUCCESS, User: 2, Details: User admin logged in
Forbidden: /users/Lecturer/
"GET /users/Lecturer/ HTTP/1.1" 403 13
SECURITY EVENT - Type: LOGIN_SUCCESS, User: 3, Details: User admin logged in
SECURITY EVENT - Type: LOGIN_FAILED, User: None, Details: Failed login for AImanager from 127.0.0.1
SECURITY EVENT - Type: LOGIN_SUCCESS, User: 2, Details: User superadmin logged in
Forbidden: /users/Lecturer/
"GET /users/Lecturer/ HTTP/1.1" 403 13
SECURITY EVENT - Type: RATE_LIMIT_EXCEEDED, User: None, Details: Login attempts from 127.0.0.1
SECURITY EVENT - Type: RATE_LIMIT_EXCEEDED, User: None, Details: Login attempts from 127.0.0.1
SECURITY EVENT - Type: RATE_LIMIT_EXCEEDED, User: None, Details: Login attempts from 127.0.0.1
SECURITY EVENT - Type: RATE_LIMIT_EXCEEDED, User: None, Details: Login attempts from 127.0.0.1
SECURITY EVENT - Type: RATE_LIMIT_EXCEEDED, User: None, Details: Login attempts from 127.0.0.1
SECURITY EVENT - Type: RATE_LIMIT_EXCEEDED, User: None, Details: Login attempts from 127.0.0.1
SECURITY EVENT - Type: RATE_LIMIT_EXCEEDED, User: None, Details: Login attempts from 127.0.0.1
SECURITY EVENT - Type: RATE_LIMIT_EXCEEDED, User: None, Details: Login attempts from 127.0.0.1
SECURITY EVENT - Type: RATE_LIMIT_EXCEEDED, User: None, Details: Login attempts from 127.0.0.1
SECURITY EVENT - Type: RATE_LIMIT_EXCEEDED, User: None, Details: Login attempts from 127.0.0.1
SECURITY EVENT - Type: LOGIN_FAILED, User: None, Details: Failed login for Isihaka from 127.0.0.1
SECURITY EVENT - Type: LOGIN_FAILED, User: None, Details: Failed login for Isihaka from 127.0.0.1
SECURITY EVENT - Type: LOGIN_FAILED, User: None, Details: Failed login for admin from 127.0.0.1
SECURITY EVENT - Type: LOGIN_SUCCESS, User: 3, Details: User admin logged in
Forbidden: /users/Student/
"GET /users/Student/ HTTP/1.1" 403 13
PDF reading error: EOF marker not found
PDF reading error: EOF marker not found
Forbidden: /users/Student/
"GET /users/Student/ HTTP/1.1" 403 13
SECURITY EVENT - Type: LOGIN_SUCCESS, User: 3, Details: User admin logged in
SECURITY EVENT - Type: LOGIN_SUCCESS, User: 3, Details: User admin logged in
Not Found: /favicon.ico
"GET /favicon.ico HTTP/1.1" 404 8220
SECURITY EVENT - Type: LOGIN_SUCCESS, User: 2, Details: User superadmin logged in
Forbidden: /users/Lecturer/
"GET /users/Lecturer/ HTTP/1.1" 403 13
SECURITY EVENT - Type: LOGIN_SUCCESS, User: 2, Details: User superadmin logged in
Forbidden: /users/Lecturer/
"GET /users/Lecturer/ HTTP/1.1" 403 13
Not Found: /favicon.ico
"GET /favicon.ico HTTP/1.1" 404 8478
Login error: no such column: auth_user.role
Login error: no such column: auth_user.role
Login error: no such column: auth_user.role
Login error: no such column: auth_user.role
Login error: no such column: auth_user.role
Login error: no such column: auth_user.role
Login error: no such column: auth_user.role
Login error: no such column: auth_user.role
Login error: no such column: auth_user.role
Dashboard error for user 3: {% extends user|get_user_layout %} must be the first tag in 'dashboard.html'.
Unhandled exception: {% extends user|get_user_layout %} must be the first tag in 'dashboard.html'.
Traceback (most recent call last):
  File "D:\python\plagiarismcheckerextra\plag\views.py", line 146, in dashboard
    return render(request, "dashboard.html", context)
  File "C:\Users\HP\AppData\Roaming\Python\Python310\site-packages\django\shortcuts.py", line 25, in render
    content = loader.render_to_string(template_name, context, request, using=using)
  File "C:\Users\HP\AppData\Roaming\Python\Python310\site-packages\django\template\loader.py", line 61, in render_to_string
    template = get_template(template_name, using=using)
  File "C:\Users\HP\AppData\Roaming\Python\Python310\site-packages\django\template\loader.py", line 15, in get_template
    return engine.get_template(template_name)
  File "C:\Users\HP\AppData\Roaming\Python\Python310\site-packages\django\template\backends\django.py", line 79, in get_template
    return Template(self.engine.get_template(template_name), self)
  File "C:\Users\HP\AppData\Roaming\Python\Python310\site-packages\django\template\engine.py", line 177, in get_template
    template, origin = self.find_template(template_name)
  File "C:\Users\HP\AppData\Roaming\Python\Python310\site-packages\django\template\engine.py", line 159, in find_template
    template = loader.get_template(name, skip=skip)
  File "C:\Users\HP\AppData\Roaming\Python\Python310\site-packages\django\template\loaders\cached.py", line 57, in get_template
    template = super().get_template(template_name, skip)
  File "C:\Users\HP\AppData\Roaming\Python\Python310\site-packages\django\template\loaders\base.py", line 28, in get_template
    return Template(
  File "C:\Users\HP\AppData\Roaming\Python\Python310\site-packages\django\template\base.py", line 154, in __init__
    self.nodelist = self.compile_nodelist()
  File "C:\Users\HP\AppData\Roaming\Python\Python310\site-packages\django\template\base.py", line 196, in compile_nodelist
    nodelist = parser.parse()
  File "C:\Users\HP\AppData\Roaming\Python\Python310\site-packages\django\template\base.py", line 519, in parse
    self.extend_nodelist(nodelist, compiled_result, token)
  File "C:\Users\HP\AppData\Roaming\Python\Python310\site-packages\django\template\base.py", line 540, in extend_nodelist
    raise self.error(
django.template.exceptions.TemplateSyntaxError: {% extends user|get_user_layout %} must be the first tag in 'dashboard.html'.

During handling of the above exception, another exception occurred:

Traceback (most recent call last):
  File "C:\Users\HP\AppData\Roaming\Python\Python310\site-packages\django\core\handlers\base.py", line 197, in _get_response
    response = wrapped_callback(request, *callback_args, **callback_kwargs)
  File "C:\Users\HP\AppData\Roaming\Python\Python310\site-packages\django\contrib\auth\decorators.py", line 59, in _view_wrapper
    return view_func(request, *args, **kwargs)
  File "D:\python\plagiarismcheckerextra\plag\views.py", line 151, in dashboard
    return render(request, "dashboard.html", context)
  File "C:\Users\HP\AppData\Roaming\Python\Python310\site-packages\django\shortcuts.py", line 25, in render
    content = loader.render_to_string(template_name, context, request, using=using)
  File "C:\Users\HP\AppData\Roaming\Python\Python310\site-packages\django\template\loader.py", line 61, in render_to_string
    template = get_template(template_name, using=using)
  File "C:\Users\HP\AppData\Roaming\Python\Python310\site-packages\django\template\loader.py", line 15, in get_template
    return engine.get_template(template_name)
  File "C:\Users\HP\AppData\Roaming\Python\Python310\site-packages\django\template\backends\django.py", line 79, in get_template
    return Template(self.engine.get_template(template_name), self)
  File "C:\Users\HP\AppData\Roaming\Python\Python310\site-packages\django\template\engine.py", line 177, in get_template
    template, origin = self.find_template(template_name)
  File "C:\Users\HP\AppData\Roaming\Python\Python310\site-packages\django\template\engine.py", line 159, in find_template
    template = loader.get_template(name, skip=skip)
  File "C:\Users\HP\AppData\Roaming\Python\Python310\site-packages\django\template\loaders\cached.py", line 57, in get_template
    template = super().get_template(template_name, skip)
  File "C:\Users\HP\AppData\Roaming\Python\Python310\site-packages\django\template\loaders\base.py", line 28, in get_template
    return Template(
  File "C:\Users\HP\AppData\Roaming\Python\Python310\site-packages\django\template\base.py", line 154, in __init__
    self.nodelist = self.compile_nodelist()
  File "C:\Users\HP\AppData\Roaming\Python\Python310\site-packages\django\template\base.py", line 196, in compile_nodelist
    nodelist = parser.parse()
  File "C:\Users\HP\AppData\Roaming\Python\Python310\site-packages\django\template\base.py", line 519, in parse
    self.extend_nodelist(nodelist, compiled_result, token)
  File "C:\Users\HP\AppData\Roaming\Python\Python310\site-packages\django\template\base.py", line 540, in extend_nodelist
    raise self.error(
django.template.exceptions.TemplateSyntaxError: {% extends user|get_user_layout %} must be the first tag in 'dashboard.html'.
Internal Server Error: /dashboard/
Traceback (most recent call last):
  File "D:\python\plagiarismcheckerextra\plag\views.py", line 146, in dashboard
    return render(request, "dashboard.html", context)
  File "C:\Users\HP\AppData\Roaming\Python\Python310\site-packages\django\shortcuts.py", line 25, in render
    content = loader.render_to_string(template_name, context, request, using=using)
  File "C:\Users\HP\AppData\Roaming\Python\Python310\site-packages\django\template\loader.py", line 61, in render_to_string
    template = get_template(template_name, using=using)
  File "C:\Users\HP\AppData\Roaming\Python\Python310\site-packages\django\template\loader.py", line 15, in get_template
    return engine.get_template(template_name)
  File "C:\Users\HP\AppData\Roaming\Python\Python310\site-packages\django\template\backends\django.py", line 79, in get_template
    return Template(self.engine.get_template(template_name), self)
  File "C:\Users\HP\AppData\Roaming\Python\Python310\site-packages\django\template\engine.py", line 177, in get_template
    template, origin = self.find_template(template_name)
  File "C:\Users\HP\AppData\Roaming\Python\Python310\site-packages\django\template\engine.py", line 159, in find_template
    template = loader.get_template(name, skip=skip)
  File "C:\Users\HP\AppData\Roaming\Python\Python310\site-packages\django\template\loaders\cached.py", line 57, in get_template
    template = super().get_template(template_name, skip)
  File "C:\Users\HP\AppData\Roaming\Python\Python310\site-packages\django\template\loaders\base.py", line 28, in get_template
    return Template(
  File "C:\Users\HP\AppData\Roaming\Python\Python310\site-packages\django\template\base.py", line 154, in __init__
    self.nodelist = self.compile_nodelist()
  File "C:\Users\HP\AppData\Roaming\Python\Python310\site-packages\django\template\base.py", line 196, in compile_nodelist
    nodelist = parser.parse()
  File "C:\Users\HP\AppData\Roaming\Python\Python310\site-packages\django\template\base.py", line 519, in parse
    self.extend_nodelist(nodelist, compiled_result, token)
  File "C:\Users\HP\AppData\Roaming\Python\Python310\site-packages\django\template\base.py", line 540, in extend_nodelist
    raise self.error(
django.template.exceptions.TemplateSyntaxError: {% extends user|get_user_layout %} must be the first tag in 'dashboard.html'.

During handling of the above exception, another exception occurred:

Traceback (most recent call last):
  File "C:\Users\HP\AppData\Roaming\Python\Python310\site-packages\django\core\handlers\exception.py", line 55, in inner
    response = get_response(request)
  File "C:\Users\HP\AppData\Roaming\Python\Python310\site-packages\django\core\handlers\base.py", line 197, in _get_response
    response = wrapped_callback(request, *callback_args, **callback_kwargs)
  File "C:\Users\HP\AppData\Roaming\Python\Python310\site-packages\django\contrib\auth\decorators.py", line 59, in _view_wrapper
    return view_func(request, *args, **kwargs)
  File "D:\python\plagiarismcheckerextra\plag\views.py", line 151, in dashboard
    return render(request, "dashboard.html", context)
  File "C:\Users\HP\AppData\Roaming\Python\Python310\site-packages\django\shortcuts.py", line 25, in render
    content = loader.render_to_string(template_name, context, request, using=using)
  File "C:\Users\HP\AppData\Roaming\Python\Python310\site-packages\django\template\loader.py", line 61, in render_to_string
    template = get_template(template_name, using=using)
  File "C:\Users\HP\AppData\Roaming\Python\Python310\site-packages\django\template\loader.py", line 15, in get_template
    return engine.get_template(template_name)
  File "C:\Users\HP\AppData\Roaming\Python\Python310\site-packages\django\template\backends\django.py", line 79, in get_template
    return Template(self.engine.get_template(template_name), self)
  File "C:\Users\HP\AppData\Roaming\Python\Python310\site-packages\django\template\engine.py", line 177, in get_template
    template, origin = self.find_template(template_name)
  File "C:\Users\HP\AppData\Roaming\Python\Python310\site-packages\django\template\engine.py", line 159, in find_template
    template = loader.get_template(name, skip=skip)
  File "C:\Users\HP\AppData\Roaming\Python\Python310\site-packages\django\template\loaders\cached.py", line 57, in get_template
    template = super().get_template(template_name, skip)
  File "C:\Users\HP\AppData\Roaming\Python\Python310\site-packages\django\template\loaders\base.py", line 28, in get_template
    return Template(
  File "C:\Users\HP\AppData\Roaming\Python\Python310\site-packages\django\template\base.py", line 154, in __init__
    self.nodelist = self.compile_nodelist()
  File "C:\Users\HP\AppData\Roaming\Python\Python310\site-packages\django\template\base.py", line 196, in compile_nodelist
    nodelist = parser.parse()
  File "C:\Users\HP\AppData\Roaming\Python\Python310\site-packages\django\template\base.py", line 519, in parse
    self.extend_nodelist(nodelist, compiled_result, token)
  File "C:\Users\HP\AppData\Roaming\Python\Python310\site-packages\django\template\base.py", line 540, in extend_nodelist
    raise self.error(
django.template.exceptions.TemplateSyntaxError: {% extends user|get_user_layout %} must be the first tag in 'dashboard.html'.
"GET /dashboard/ HTTP/1.1" 500 229285
Dashboard error for user 3: {% extends user|get_user_layout %} must be the first tag in 'dashboard.html'.
Unhandled exception: {% extends user|get_user_layout %} must be the first tag in 'dashboard.html'.
Traceback (most recent call last):
  File "D:\python\plagiarismcheckerextra\plag\views.py", line 146, in dashboard
    return render(request, "dashboard.html", context)
  File "C:\Users\HP\AppData\Roaming\Python\Python310\site-packages\django\shortcuts.py", line 25, in render
    content = loader.render_to_string(template_name, context, request, using=using)
  File "C:\Users\HP\AppData\Roaming\Python\Python310\site-packages\django\template\loader.py", line 61, in render_to_string
    template = get_template(template_name, using=using)
  File "C:\Users\HP\AppData\Roaming\Python\Python310\site-packages\django\template\loader.py", line 15, in get_template
    return engine.get_template(template_name)
  File "C:\Users\HP\AppData\Roaming\Python\Python310\site-packages\django\template\backends\django.py", line 79, in get_template
    return Template(self.engine.get_template(template_name), self)
  File "C:\Users\HP\AppData\Roaming\Python\Python310\site-packages\django\template\engine.py", line 177, in get_template
    template, origin = self.find_template(template_name)
  File "C:\Users\HP\AppData\Roaming\Python\Python310\site-packages\django\template\engine.py", line 159, in find_template
    template = loader.get_template(name, skip=skip)
  File "C:\Users\HP\AppData\Roaming\Python\Python310\site-packages\django\template\loaders\cached.py", line 57, in get_template
    template = super().get_template(template_name, skip)
  File "C:\Users\HP\AppData\Roaming\Python\Python310\site-packages\django\template\loaders\base.py", line 28, in get_template
    return Template(
  File "C:\Users\HP\AppData\Roaming\Python\Python310\site-packages\django\template\base.py", line 154, in __init__
    self.nodelist = self.compile_nodelist()
  File "C:\Users\HP\AppData\Roaming\Python\Python310\site-packages\django\template\base.py", line 196, in compile_nodelist
    nodelist = parser.parse()
  File "C:\Users\HP\AppData\Roaming\Python\Python310\site-packages\django\template\base.py", line 519, in parse
    self.extend_nodelist(nodelist, compiled_result, token)
  File "C:\Users\HP\AppData\Roaming\Python\Python310\site-packages\django\template\base.py", line 540, in extend_nodelist
    raise self.error(
django.template.exceptions.TemplateSyntaxError: {% extends user|get_user_layout %} must be the first tag in 'dashboard.html'.

During handling of the above exception, another exception occurred:

Traceback (most recent call last):
  File "C:\Users\HP\AppData\Roaming\Python\Python310\site-packages\django\core\handlers\base.py", line 197, in _get_response
    response = wrapped_callback(request, *callback_args, **callback_kwargs)
  File "C:\Users\HP\AppData\Roaming\Python\Python310\site-packages\django\contrib\auth\decorators.py", line 59, in _view_wrapper
    return view_func(request, *args, **kwargs)
  File "D:\python\plagiarismcheckerextra\plag\views.py", line 151, in dashboard
    return render(request, "dashboard.html", context)
  File "C:\Users\HP\AppData\Roaming\Python\Python310\site-packages\django\shortcuts.py", line 25, in render
    content = loader.render_to_string(template_name, context, request, using=using)
  File "C:\Users\HP\AppData\Roaming\Python\Python310\site-packages\django\template\loader.py", line 61, in render_to_string
    template = get_template(template_name, using=using)
  File "C:\Users\HP\AppData\Roaming\Python\Python310\site-packages\django\template\loader.py", line 15, in get_template
    return engine.get_template(template_name)
  File "C:\Users\HP\AppData\Roaming\Python\Python310\site-packages\django\template\backends\django.py", line 79, in get_template
    return Template(self.engine.get_template(template_name), self)
  File "C:\Users\HP\AppData\Roaming\Python\Python310\site-packages\django\template\engine.py", line 177, in get_template
    template, origin = self.find_template(template_name)
  File "C:\Users\HP\AppData\Roaming\Python\Python310\site-packages\django\template\engine.py", line 159, in find_template
    template = loader.get_template(name, skip=skip)
  File "C:\Users\HP\AppData\Roaming\Python\Python310\site-packages\django\template\loaders\cached.py", line 57, in get_template
    template = super().get_template(template_name, skip)
  File "C:\Users\HP\AppData\Roaming\Python\Python310\site-packages\django\template\loaders\base.py", line 28, in get_template
    return Template(
  File "C:\Users\HP\AppData\Roaming\Python\Python310\site-packages\django\template\base.py", line 154, in __init__
    self.nodelist = self.compile_nodelist()
  File "C:\Users\HP\AppData\Roaming\Python\Python310\site-packages\django\template\base.py", line 196, in compile_nodelist
    nodelist = parser.parse()
  File "C:\Users\HP\AppData\Roaming\Python\Python310\site-packages\django\template\base.py", line 519, in parse
    self.extend_nodelist(nodelist, compiled_result, token)
  File "C:\Users\HP\AppData\Roaming\Python\Python310\site-packages\django\template\base.py", line 540, in extend_nodelist
    raise self.error(
django.template.exceptions.TemplateSyntaxError: {% extends user|get_user_layout %} must be the first tag in 'dashboard.html'.
Internal Server Error: /dashboard/
Traceback (most recent call last):
  File "D:\python\plagiarismcheckerextra\plag\views.py", line 146, in dashboard
    return render(request, "dashboard.html", context)
  File "C:\Users\HP\AppData\Roaming\Python\Python310\site-packages\django\shortcuts.py", line 25, in render
    content = loader.render_to_string(template_name, context, request, using=using)
  File "C:\Users\HP\AppData\Roaming\Python\Python310\site-packages\django\template\loader.py", line 61, in render_to_string
    template = get_template(template_name, using=using)
  File "C:\Users\HP\AppData\Roaming\Python\Python310\site-packages\django\template\loader.py", line 15, in get_template
    return engine.get_template(template_name)
  File "C:\Users\HP\AppData\Roaming\Python\Python310\site-packages\django\template\backends\django.py", line 79, in get_template
    return Template(self.engine.get_template(template_name), self)
  File "C:\Users\HP\AppData\Roaming\Python\Python310\site-packages\django\template\engine.py", line 177, in get_template
    template, origin = self.find_template(template_name)
  File "C:\Users\HP\AppData\Roaming\Python\Python310\site-packages\django\template\engine.py", line 159, in find_template
    template = loader.get_template(name, skip=skip)
  File "C:\Users\HP\AppData\Roaming\Python\Python310\site-packages\django\template\loaders\cached.py", line 57, in get_template
    template = super().get_template(template_name, skip)
  File "C:\Users\HP\AppData\Roaming\Python\Python310\site-packages\django\template\loaders\base.py", line 28, in get_template
    return Template(
  File "C:\Users\HP\AppData\Roaming\Python\Python310\site-packages\django\template\base.py", line 154, in __init__
    self.nodelist = self.compile_nodelist()
  File "C:\Users\HP\AppData\Roaming\Python\Python310\site-packages\django\template\base.py", line 196, in compile_nodelist
    nodelist = parser.parse()
  File "C:\Users\HP\AppData\Roaming\Python\Python310\site-packages\django\template\base.py", line 519, in parse
    self.extend_nodelist(nodelist, compiled_result, token)
  File "C:\Users\HP\AppData\Roaming\Python\Python310\site-packages\django\template\base.py", line 540, in extend_nodelist
    raise self.error(
django.template.exceptions.TemplateSyntaxError: {% extends user|get_user_layout %} must be the first tag in 'dashboard.html'.

During handling of the above exception, another exception occurred:

Traceback (most recent call last):
  File "C:\Users\HP\AppData\Roaming\Python\Python310\site-packages\django\core\handlers\exception.py", line 55, in inner
    response = get_response(request)
  File "C:\Users\HP\AppData\Roaming\Python\Python310\site-packages\django\core\handlers\base.py", line 197, in _get_response
    response = wrapped_callback(request, *callback_args, **callback_kwargs)
  File "C:\Users\HP\AppData\Roaming\Python\Python310\site-packages\django\contrib\auth\decorators.py", line 59, in _view_wrapper
    return view_func(request, *args, **kwargs)
  File "D:\python\plagiarismcheckerextra\plag\views.py", line 151, in dashboard
    return render(request, "dashboard.html", context)
  File "C:\Users\HP\AppData\Roaming\Python\Python310\site-packages\django\shortcuts.py", line 25, in render
    content = loader.render_to_string(template_name, context, request, using=using)
  File "C:\Users\HP\AppData\Roaming\Python\Python310\site-packages\django\template\loader.py", line 61, in render_to_string
    template = get_template(template_name, using=using)
  File "C:\Users\HP\AppData\Roaming\Python\Python310\site-packages\django\template\loader.py", line 15, in get_template
    return engine.get_template(template_name)
  File "C:\Users\HP\AppData\Roaming\Python\Python310\site-packages\django\template\backends\django.py", line 79, in get_template
    return Template(self.engine.get_template(template_name), self)
  File "C:\Users\HP\AppData\Roaming\Python\Python310\site-packages\django\template\engine.py", line 177, in get_template
    template, origin = self.find_template(template_name)
  File "C:\Users\HP\AppData\Roaming\Python\Python310\site-packages\django\template\engine.py", line 159, in find_template
    template = loader.get_template(name, skip=skip)
  File "C:\Users\HP\AppData\Roaming\Python\Python310\site-packages\django\template\loaders\cached.py", line 57, in get_template
    template = super().get_template(template_name, skip)
  File "C:\Users\HP\AppData\Roaming\Python\Python310\site-packages\django\template\loaders\base.py", line 28, in get_template
    return Template(
  File "C:\Users\HP\AppData\Roaming\Python\Python310\site-packages\django\template\base.py", line 154, in __init__
    self.nodelist = self.compile_nodelist()
  File "C:\Users\HP\AppData\Roaming\Python\Python310\site-packages\django\template\base.py", line 196, in compile_nodelist
    nodelist = parser.parse()
  File "C:\Users\HP\AppData\Roaming\Python\Python310\site-packages\django\template\base.py", line 519, in parse
    self.extend_nodelist(nodelist, compiled_result, token)
  File "C:\Users\HP\AppData\Roaming\Python\Python310\site-packages\django\template\base.py", line 540, in extend_nodelist
    raise self.error(
django.template.exceptions.TemplateSyntaxError: {% extends user|get_user_layout %} must be the first tag in 'dashboard.html'.
"GET /dashboard/ HTTP/1.1" 500 229285
Forbidden (CSRF token from POST incorrect.): /login/
"POST /login/ HTTP/1.1" 403 2503
Dashboard error for user 3: {% extends user|get_user_layout %} must be the first tag in 'dashboard.html'.
Unhandled exception: {% extends user|get_user_layout %} must be the first tag in 'dashboard.html'.
Traceback (most recent call last):
  File "D:\python\plagiarismcheckerextra\plag\views.py", line 146, in dashboard
    return render(request, "dashboard.html", context)
  File "C:\Users\HP\AppData\Roaming\Python\Python310\site-packages\django\shortcuts.py", line 25, in render
    content = loader.render_to_string(template_name, context, request, using=using)
  File "C:\Users\HP\AppData\Roaming\Python\Python310\site-packages\django\template\loader.py", line 61, in render_to_string
    template = get_template(template_name, using=using)
  File "C:\Users\HP\AppData\Roaming\Python\Python310\site-packages\django\template\loader.py", line 15, in get_template
    return engine.get_template(template_name)
  File "C:\Users\HP\AppData\Roaming\Python\Python310\site-packages\django\template\backends\django.py", line 79, in get_template
    return Template(self.engine.get_template(template_name), self)
  File "C:\Users\HP\AppData\Roaming\Python\Python310\site-packages\django\template\engine.py", line 177, in get_template
    template, origin = self.find_template(template_name)
  File "C:\Users\HP\AppData\Roaming\Python\Python310\site-packages\django\template\engine.py", line 159, in find_template
    template = loader.get_template(name, skip=skip)
  File "C:\Users\HP\AppData\Roaming\Python\Python310\site-packages\django\template\loaders\cached.py", line 57, in get_template
    template = super().get_template(template_name, skip)
  File "C:\Users\HP\AppData\Roaming\Python\Python310\site-packages\django\template\loaders\base.py", line 28, in get_template
    return Template(
  File "C:\Users\HP\AppData\Roaming\Python\Python310\site-packages\django\template\base.py", line 154, in __init__
    self.nodelist = self.compile_nodelist()
  File "C:\Users\HP\AppData\Roaming\Python\Python310\site-packages\django\template\base.py", line 196, in compile_nodelist
    nodelist = parser.parse()
  File "C:\Users\HP\AppData\Roaming\Python\Python310\site-packages\django\template\base.py", line 519, in parse
    self.extend_nodelist(nodelist, compiled_result, token)
  File "C:\Users\HP\AppData\Roaming\Python\Python310\site-packages\django\template\base.py", line 540, in extend_nodelist
    raise self.error(
django.template.exceptions.TemplateSyntaxError: {% extends user|get_user_layout %} must be the first tag in 'dashboard.html'.

During handling of the above exception, another exception occurred:

Traceback (most recent call last):
  File "C:\Users\HP\AppData\Roaming\Python\Python310\site-packages\django\core\handlers\base.py", line 197, in _get_response
    response = wrapped_callback(request, *callback_args, **callback_kwargs)
  File "C:\Users\HP\AppData\Roaming\Python\Python310\site-packages\django\contrib\auth\decorators.py", line 59, in _view_wrapper
    return view_func(request, *args, **kwargs)
  File "D:\python\plagiarismcheckerextra\plag\views.py", line 151, in dashboard
    return render(request, "dashboard.html", context)
  File "C:\Users\HP\AppData\Roaming\Python\Python310\site-packages\django\shortcuts.py", line 25, in render
    content = loader.render_to_string(template_name, context, request, using=using)
  File "C:\Users\HP\AppData\Roaming\Python\Python310\site-packages\django\template\loader.py", line 61, in render_to_string
    template = get_template(template_name, using=using)
  File "C:\Users\HP\AppData\Roaming\Python\Python310\site-packages\django\template\loader.py", line 15, in get_template
    return engine.get_template(template_name)
  File "C:\Users\HP\AppData\Roaming\Python\Python310\site-packages\django\template\backends\django.py", line 79, in get_template
    return Template(self.engine.get_template(template_name), self)
  File "C:\Users\HP\AppData\Roaming\Python\Python310\site-packages\django\template\engine.py", line 177, in get_template
    template, origin = self.find_template(template_name)
  File "C:\Users\HP\AppData\Roaming\Python\Python310\site-packages\django\template\engine.py", line 159, in find_template
    template = loader.get_template(name, skip=skip)
  File "C:\Users\HP\AppData\Roaming\Python\Python310\site-packages\django\template\loaders\cached.py", line 57, in get_template
    template = super().get_template(template_name, skip)
  File "C:\Users\HP\AppData\Roaming\Python\Python310\site-packages\django\template\loaders\base.py", line 28, in get_template
    return Template(
  File "C:\Users\HP\AppData\Roaming\Python\Python310\site-packages\django\template\base.py", line 154, in __init__
    self.nodelist = self.compile_nodelist()
  File "C:\Users\HP\AppData\Roaming\Python\Python310\site-packages\django\template\base.py", line 196, in compile_nodelist
    nodelist = parser.parse()
  File "C:\Users\HP\AppData\Roaming\Python\Python310\site-packages\django\template\base.py", line 519, in parse
    self.extend_nodelist(nodelist, compiled_result, token)
  File "C:\Users\HP\AppData\Roaming\Python\Python310\site-packages\django\template\base.py", line 540, in extend_nodelist
    raise self.error(
django.template.exceptions.TemplateSyntaxError: {% extends user|get_user_layout %} must be the first tag in 'dashboard.html'.
Internal Server Error: /dashboard/
Traceback (most recent call last):
  File "D:\python\plagiarismcheckerextra\plag\views.py", line 146, in dashboard
    return render(request, "dashboard.html", context)
  File "C:\Users\HP\AppData\Roaming\Python\Python310\site-packages\django\shortcuts.py", line 25, in render
    content = loader.render_to_string(template_name, context, request, using=using)
  File "C:\Users\HP\AppData\Roaming\Python\Python310\site-packages\django\template\loader.py", line 61, in render_to_string
    template = get_template(template_name, using=using)
  File "C:\Users\HP\AppData\Roaming\Python\Python310\site-packages\django\template\loader.py", line 15, in get_template
    return engine.get_template(template_name)
  File "C:\Users\HP\AppData\Roaming\Python\Python310\site-packages\django\template\backends\django.py", line 79, in get_template
    return Template(self.engine.get_template(template_name), self)
  File "C:\Users\HP\AppData\Roaming\Python\Python310\site-packages\django\template\engine.py", line 177, in get_template
    template, origin = self.find_template(template_name)
  File "C:\Users\HP\AppData\Roaming\Python\Python310\site-packages\django\template\engine.py", line 159, in find_template
    template = loader.get_template(name, skip=skip)
  File "C:\Users\HP\AppData\Roaming\Python\Python310\site-packages\django\template\loaders\cached.py", line 57, in get_template
    template = super().get_template(template_name, skip)
  File "C:\Users\HP\AppData\Roaming\Python\Python310\site-packages\django\template\loaders\base.py", line 28, in get_template
    return Template(
  File "C:\Users\HP\AppData\Roaming\Python\Python310\site-packages\django\template\base.py", line 154, in __init__
    self.nodelist = self.compile_nodelist()
  File "C:\Users\HP\AppData\Roaming\Python\Python310\site-packages\django\template\base.py", line 196, in compile_nodelist
    nodelist = parser.parse()
  File "C:\Users\HP\AppData\Roaming\Python\Python310\site-packages\django\template\base.py", line 519, in parse
    self.extend_nodelist(nodelist, compiled_result, token)
  File "C:\Users\HP\AppData\Roaming\Python\Python310\site-packages\django\template\base.py", line 540, in extend_nodelist
    raise self.error(
django.template.exceptions.TemplateSyntaxError: {% extends user|get_user_layout %} must be the first tag in 'dashboard.html'.

During handling of the above exception, another exception occurred:

Traceback (most recent call last):
  File "C:\Users\HP\AppData\Roaming\Python\Python310\site-packages\django\core\handlers\exception.py", line 55, in inner
    response = get_response(request)
  File "C:\Users\HP\AppData\Roaming\Python\Python310\site-packages\django\core\handlers\base.py", line 197, in _get_response
    response = wrapped_callback(request, *callback_args, **callback_kwargs)
  File "C:\Users\HP\AppData\Roaming\Python\Python310\site-packages\django\contrib\auth\decorators.py", line 59, in _view_wrapper
    return view_func(request, *args, **kwargs)
  File "D:\python\plagiarismcheckerextra\plag\views.py", line 151, in dashboard
    return render(request, "dashboard.html", context)
  File "C:\Users\HP\AppData\Roaming\Python\Python310\site-packages\django\shortcuts.py", line 25, in render
    content = loader.render_to_string(template_name, context, request, using=using)
  File "C:\Users\HP\AppData\Roaming\Python\Python310\site-packages\django\template\loader.py", line 61, in render_to_string
    template = get_template(template_name, using=using)
  File "C:\Users\HP\AppData\Roaming\Python\Python310\site-packages\django\template\loader.py", line 15, in get_template
    return engine.get_template(template_name)
  File "C:\Users\HP\AppData\Roaming\Python\Python310\site-packages\django\template\backends\django.py", line 79, in get_template
    return Template(self.engine.get_template(template_name), self)
  File "C:\Users\HP\AppData\Roaming\Python\Python310\site-packages\django\template\engine.py", line 177, in get_template
    template, origin = self.find_template(template_name)
  File "C:\Users\HP\AppData\Roaming\Python\Python310\site-packages\django\template\engine.py", line 159, in find_template
    template = loader.get_template(name, skip=skip)
  File "C:\Users\HP\AppData\Roaming\Python\Python310\site-packages\django\template\loaders\cached.py", line 57, in get_template
    template = super().get_template(template_name, skip)
  File "C:\Users\HP\AppData\Roaming\Python\Python310\site-packages\django\template\loaders\base.py", line 28, in get_template
    return Template(
  File "C:\Users\HP\AppData\Roaming\Python\Python310\site-packages\django\template\base.py", line 154, in __init__
    self.nodelist = self.compile_nodelist()
  File "C:\Users\HP\AppData\Roaming\Python\Python310\site-packages\django\template\base.py", line 196, in compile_nodelist
    nodelist = parser.parse()
  File "C:\Users\HP\AppData\Roaming\Python\Python310\site-packages\django\template\base.py", line 519, in parse
    self.extend_nodelist(nodelist, compiled_result, token)
  File "C:\Users\HP\AppData\Roaming\Python\Python310\site-packages\django\template\base.py", line 540, in extend_nodelist
    raise self.error(
django.template.exceptions.TemplateSyntaxError: {% extends user|get_user_layout %} must be the first tag in 'dashboard.html'.
"GET /dashboard/ HTTP/1.1" 500 228991
Dashboard error for user 3: {% extends user|get_user_layout %} must be the first tag in 'dashboard.html'.
Unhandled exception: {% extends user|get_user_layout %} must be the first tag in 'dashboard.html'.
Traceback (most recent call last):
  File "D:\python\plagiarismcheckerextra\plag\views.py", line 146, in dashboard
    return render(request, "dashboard.html", context)
  File "C:\Users\HP\AppData\Roaming\Python\Python310\site-packages\django\shortcuts.py", line 25, in render
    content = loader.render_to_string(template_name, context, request, using=using)
  File "C:\Users\HP\AppData\Roaming\Python\Python310\site-packages\django\template\loader.py", line 61, in render_to_string
    template = get_template(template_name, using=using)
  File "C:\Users\HP\AppData\Roaming\Python\Python310\site-packages\django\template\loader.py", line 15, in get_template
    return engine.get_template(template_name)
  File "C:\Users\HP\AppData\Roaming\Python\Python310\site-packages\django\template\backends\django.py", line 79, in get_template
    return Template(self.engine.get_template(template_name), self)
  File "C:\Users\HP\AppData\Roaming\Python\Python310\site-packages\django\template\engine.py", line 177, in get_template
    template, origin = self.find_template(template_name)
  File "C:\Users\HP\AppData\Roaming\Python\Python310\site-packages\django\template\engine.py", line 159, in find_template
    template = loader.get_template(name, skip=skip)
  File "C:\Users\HP\AppData\Roaming\Python\Python310\site-packages\django\template\loaders\cached.py", line 57, in get_template
    template = super().get_template(template_name, skip)
  File "C:\Users\HP\AppData\Roaming\Python\Python310\site-packages\django\template\loaders\base.py", line 28, in get_template
    return Template(
  File "C:\Users\HP\AppData\Roaming\Python\Python310\site-packages\django\template\base.py", line 154, in __init__
    self.nodelist = self.compile_nodelist()
  File "C:\Users\HP\AppData\Roaming\Python\Python310\site-packages\django\template\base.py", line 196, in compile_nodelist
    nodelist = parser.parse()
  File "C:\Users\HP\AppData\Roaming\Python\Python310\site-packages\django\template\base.py", line 519, in parse
    self.extend_nodelist(nodelist, compiled_result, token)
  File "C:\Users\HP\AppData\Roaming\Python\Python310\site-packages\django\template\base.py", line 540, in extend_nodelist
    raise self.error(
django.template.exceptions.TemplateSyntaxError: {% extends user|get_user_layout %} must be the first tag in 'dashboard.html'.

During handling of the above exception, another exception occurred:

Traceback (most recent call last):
  File "C:\Users\HP\AppData\Roaming\Python\Python310\site-packages\django\core\handlers\base.py", line 197, in _get_response
    response = wrapped_callback(request, *callback_args, **callback_kwargs)
  File "C:\Users\HP\AppData\Roaming\Python\Python310\site-packages\django\contrib\auth\decorators.py", line 59, in _view_wrapper
    return view_func(request, *args, **kwargs)
  File "D:\python\plagiarismcheckerextra\plag\views.py", line 151, in dashboard
    return render(request, "dashboard.html", context)
  File "C:\Users\HP\AppData\Roaming\Python\Python310\site-packages\django\shortcuts.py", line 25, in render
    content = loader.render_to_string(template_name, context, request, using=using)
  File "C:\Users\HP\AppData\Roaming\Python\Python310\site-packages\django\template\loader.py", line 61, in render_to_string
    template = get_template(template_name, using=using)
  File "C:\Users\HP\AppData\Roaming\Python\Python310\site-packages\django\template\loader.py", line 15, in get_template
    return engine.get_template(template_name)
  File "C:\Users\HP\AppData\Roaming\Python\Python310\site-packages\django\template\backends\django.py", line 79, in get_template
    return Template(self.engine.get_template(template_name), self)
  File "C:\Users\HP\AppData\Roaming\Python\Python310\site-packages\django\template\engine.py", line 177, in get_template
    template, origin = self.find_template(template_name)
  File "C:\Users\HP\AppData\Roaming\Python\Python310\site-packages\django\template\engine.py", line 159, in find_template
    template = loader.get_template(name, skip=skip)
  File "C:\Users\HP\AppData\Roaming\Python\Python310\site-packages\django\template\loaders\cached.py", line 57, in get_template
    template = super().get_template(template_name, skip)
  File "C:\Users\HP\AppData\Roaming\Python\Python310\site-packages\django\template\loaders\base.py", line 28, in get_template
    return Template(
  File "C:\Users\HP\AppData\Roaming\Python\Python310\site-packages\django\template\base.py", line 154, in __init__
    self.nodelist = self.compile_nodelist()
  File "C:\Users\HP\AppData\Roaming\Python\Python310\site-packages\django\template\base.py", line 196, in compile_nodelist
    nodelist = parser.parse()
  File "C:\Users\HP\AppData\Roaming\Python\Python310\site-packages\django\template\base.py", line 519, in parse
    self.extend_nodelist(nodelist, compiled_result, token)
  File "C:\Users\HP\AppData\Roaming\Python\Python310\site-packages\django\template\base.py", line 540, in extend_nodelist
    raise self.error(
django.template.exceptions.TemplateSyntaxError: {% extends user|get_user_layout %} must be the first tag in 'dashboard.html'.
Internal Server Error: /dashboard/
Traceback (most recent call last):
  File "D:\python\plagiarismcheckerextra\plag\views.py", line 146, in dashboard
    return render(request, "dashboard.html", context)
  File "C:\Users\HP\AppData\Roaming\Python\Python310\site-packages\django\shortcuts.py", line 25, in render
    content = loader.render_to_string(template_name, context, request, using=using)
  File "C:\Users\HP\AppData\Roaming\Python\Python310\site-packages\django\template\loader.py", line 61, in render_to_string
    template = get_template(template_name, using=using)
  File "C:\Users\HP\AppData\Roaming\Python\Python310\site-packages\django\template\loader.py", line 15, in get_template
    return engine.get_template(template_name)
  File "C:\Users\HP\AppData\Roaming\Python\Python310\site-packages\django\template\backends\django.py", line 79, in get_template
    return Template(self.engine.get_template(template_name), self)
  File "C:\Users\HP\AppData\Roaming\Python\Python310\site-packages\django\template\engine.py", line 177, in get_template
    template, origin = self.find_template(template_name)
  File "C:\Users\HP\AppData\Roaming\Python\Python310\site-packages\django\template\engine.py", line 159, in find_template
    template = loader.get_template(name, skip=skip)
  File "C:\Users\HP\AppData\Roaming\Python\Python310\site-packages\django\template\loaders\cached.py", line 57, in get_template
    template = super().get_template(template_name, skip)
  File "C:\Users\HP\AppData\Roaming\Python\Python310\site-packages\django\template\loaders\base.py", line 28, in get_template
    return Template(
  File "C:\Users\HP\AppData\Roaming\Python\Python310\site-packages\django\template\base.py", line 154, in __init__
    self.nodelist = self.compile_nodelist()
  File "C:\Users\HP\AppData\Roaming\Python\Python310\site-packages\django\template\base.py", line 196, in compile_nodelist
    nodelist = parser.parse()
  File "C:\Users\HP\AppData\Roaming\Python\Python310\site-packages\django\template\base.py", line 519, in parse
    self.extend_nodelist(nodelist, compiled_result, token)
  File "C:\Users\HP\AppData\Roaming\Python\Python310\site-packages\django\template\base.py", line 540, in extend_nodelist
    raise self.error(
django.template.exceptions.TemplateSyntaxError: {% extends user|get_user_layout %} must be the first tag in 'dashboard.html'.

During handling of the above exception, another exception occurred:

Traceback (most recent call last):
  File "C:\Users\HP\AppData\Roaming\Python\Python310\site-packages\django\core\handlers\exception.py", line 55, in inner
    response = get_response(request)
  File "C:\Users\HP\AppData\Roaming\Python\Python310\site-packages\django\core\handlers\base.py", line 197, in _get_response
    response = wrapped_callback(request, *callback_args, **callback_kwargs)
  File "C:\Users\HP\AppData\Roaming\Python\Python310\site-packages\django\contrib\auth\decorators.py", line 59, in _view_wrapper
    return view_func(request, *args, **kwargs)
  File "D:\python\plagiarismcheckerextra\plag\views.py", line 151, in dashboard
    return render(request, "dashboard.html", context)
  File "C:\Users\HP\AppData\Roaming\Python\Python310\site-packages\django\shortcuts.py", line 25, in render
    content = loader.render_to_string(template_name, context, request, using=using)
  File "C:\Users\HP\AppData\Roaming\Python\Python310\site-packages\django\template\loader.py", line 61, in render_to_string
    template = get_template(template_name, using=using)
  File "C:\Users\HP\AppData\Roaming\Python\Python310\site-packages\django\template\loader.py", line 15, in get_template
    return engine.get_template(template_name)
  File "C:\Users\HP\AppData\Roaming\Python\Python310\site-packages\django\template\backends\django.py", line 79, in get_template
    return Template(self.engine.get_template(template_name), self)
  File "C:\Users\HP\AppData\Roaming\Python\Python310\site-packages\django\template\engine.py", line 177, in get_template
    template, origin = self.find_template(template_name)
  File "C:\Users\HP\AppData\Roaming\Python\Python310\site-packages\django\template\engine.py", line 159, in find_template
    template = loader.get_template(name, skip=skip)
  File "C:\Users\HP\AppData\Roaming\Python\Python310\site-packages\django\template\loaders\cached.py", line 57, in get_template
    template = super().get_template(template_name, skip)
  File "C:\Users\HP\AppData\Roaming\Python\Python310\site-packages\django\template\loaders\base.py", line 28, in get_template
    return Template(
  File "C:\Users\HP\AppData\Roaming\Python\Python310\site-packages\django\template\base.py", line 154, in __init__
    self.nodelist = self.compile_nodelist()
  File "C:\Users\HP\AppData\Roaming\Python\Python310\site-packages\django\template\base.py", line 196, in compile_nodelist
    nodelist = parser.parse()
  File "C:\Users\HP\AppData\Roaming\Python\Python310\site-packages\django\template\base.py", line 519, in parse
    self.extend_nodelist(nodelist, compiled_result, token)
  File "C:\Users\HP\AppData\Roaming\Python\Python310\site-packages\django\template\base.py", line 540, in extend_nodelist
    raise self.error(
django.template.exceptions.TemplateSyntaxError: {% extends user|get_user_layout %} must be the first tag in 'dashboard.html'.
"GET /dashboard/ HTTP/1.1" 500 229142
Dashboard error for user 3: {% extends user|get_user_layout %} must be the first tag in 'dashboard.html'.
Unhandled exception: {% extends user|get_user_layout %} must be the first tag in 'dashboard.html'.
Traceback (most recent call last):
  File "D:\python\plagiarismcheckerextra\plag\views.py", line 146, in dashboard
    return render(request, "dashboard.html", context)
  File "C:\Users\HP\AppData\Roaming\Python\Python310\site-packages\django\shortcuts.py", line 25, in render
    content = loader.render_to_string(template_name, context, request, using=using)
  File "C:\Users\HP\AppData\Roaming\Python\Python310\site-packages\django\template\loader.py", line 61, in render_to_string
    template = get_template(template_name, using=using)
  File "C:\Users\HP\AppData\Roaming\Python\Python310\site-packages\django\template\loader.py", line 15, in get_template
    return engine.get_template(template_name)
  File "C:\Users\HP\AppData\Roaming\Python\Python310\site-packages\django\template\backends\django.py", line 79, in get_template
    return Template(self.engine.get_template(template_name), self)
  File "C:\Users\HP\AppData\Roaming\Python\Python310\site-packages\django\template\engine.py", line 177, in get_template
    template, origin = self.find_template(template_name)
  File "C:\Users\HP\AppData\Roaming\Python\Python310\site-packages\django\template\engine.py", line 159, in find_template
    template = loader.get_template(name, skip=skip)
  File "C:\Users\HP\AppData\Roaming\Python\Python310\site-packages\django\template\loaders\cached.py", line 57, in get_template
    template = super().get_template(template_name, skip)
  File "C:\Users\HP\AppData\Roaming\Python\Python310\site-packages\django\template\loaders\base.py", line 28, in get_template
    return Template(
  File "C:\Users\HP\AppData\Roaming\Python\Python310\site-packages\django\template\base.py", line 154, in __init__
    self.nodelist = self.compile_nodelist()
  File "C:\Users\HP\AppData\Roaming\Python\Python310\site-packages\django\template\base.py", line 196, in compile_nodelist
    nodelist = parser.parse()
  File "C:\Users\HP\AppData\Roaming\Python\Python310\site-packages\django\template\base.py", line 519, in parse
    self.extend_nodelist(nodelist, compiled_result, token)
  File "C:\Users\HP\AppData\Roaming\Python\Python310\site-packages\django\template\base.py", line 540, in extend_nodelist
    raise self.error(
django.template.exceptions.TemplateSyntaxError: {% extends user|get_user_layout %} must be the first tag in 'dashboard.html'.

During handling of the above exception, another exception occurred:

Traceback (most recent call last):
  File "C:\Users\HP\AppData\Roaming\Python\Python310\site-packages\django\core\handlers\base.py", line 197, in _get_response
    response = wrapped_callback(request, *callback_args, **callback_kwargs)
  File "C:\Users\HP\AppData\Roaming\Python\Python310\site-packages\django\contrib\auth\decorators.py", line 59, in _view_wrapper
    return view_func(request, *args, **kwargs)
  File "D:\python\plagiarismcheckerextra\plag\views.py", line 151, in dashboard
    return render(request, "dashboard.html", context)
  File "C:\Users\HP\AppData\Roaming\Python\Python310\site-packages\django\shortcuts.py", line 25, in render
    content = loader.render_to_string(template_name, context, request, using=using)
  File "C:\Users\HP\AppData\Roaming\Python\Python310\site-packages\django\template\loader.py", line 61, in render_to_string
    template = get_template(template_name, using=using)
  File "C:\Users\HP\AppData\Roaming\Python\Python310\site-packages\django\template\loader.py", line 15, in get_template
    return engine.get_template(template_name)
  File "C:\Users\HP\AppData\Roaming\Python\Python310\site-packages\django\template\backends\django.py", line 79, in get_template
    return Template(self.engine.get_template(template_name), self)
  File "C:\Users\HP\AppData\Roaming\Python\Python310\site-packages\django\template\engine.py", line 177, in get_template
    template, origin = self.find_template(template_name)
  File "C:\Users\HP\AppData\Roaming\Python\Python310\site-packages\django\template\engine.py", line 159, in find_template
    template = loader.get_template(name, skip=skip)
  File "C:\Users\HP\AppData\Roaming\Python\Python310\site-packages\django\template\loaders\cached.py", line 57, in get_template
    template = super().get_template(template_name, skip)
  File "C:\Users\HP\AppData\Roaming\Python\Python310\site-packages\django\template\loaders\base.py", line 28, in get_template
    return Template(
  File "C:\Users\HP\AppData\Roaming\Python\Python310\site-packages\django\template\base.py", line 154, in __init__
    self.nodelist = self.compile_nodelist()
  File "C:\Users\HP\AppData\Roaming\Python\Python310\site-packages\django\template\base.py", line 196, in compile_nodelist
    nodelist = parser.parse()
  File "C:\Users\HP\AppData\Roaming\Python\Python310\site-packages\django\template\base.py", line 519, in parse
    self.extend_nodelist(nodelist, compiled_result, token)
  File "C:\Users\HP\AppData\Roaming\Python\Python310\site-packages\django\template\base.py", line 540, in extend_nodelist
    raise self.error(
django.template.exceptions.TemplateSyntaxError: {% extends user|get_user_layout %} must be the first tag in 'dashboard.html'.
Internal Server Error: /dashboard/
Traceback (most recent call last):
  File "D:\python\plagiarismcheckerextra\plag\views.py", line 146, in dashboard
    return render(request, "dashboard.html", context)
  File "C:\Users\HP\AppData\Roaming\Python\Python310\site-packages\django\shortcuts.py", line 25, in render
    content = loader.render_to_string(template_name, context, request, using=using)
  File "C:\Users\HP\AppData\Roaming\Python\Python310\site-packages\django\template\loader.py", line 61, in render_to_string
    template = get_template(template_name, using=using)
  File "C:\Users\HP\AppData\Roaming\Python\Python310\site-packages\django\template\loader.py", line 15, in get_template
    return engine.get_template(template_name)
  File "C:\Users\HP\AppData\Roaming\Python\Python310\site-packages\django\template\backends\django.py", line 79, in get_template
    return Template(self.engine.get_template(template_name), self)
  File "C:\Users\HP\AppData\Roaming\Python\Python310\site-packages\django\template\engine.py", line 177, in get_template
    template, origin = self.find_template(template_name)
  File "C:\Users\HP\AppData\Roaming\Python\Python310\site-packages\django\template\engine.py", line 159, in find_template
    template = loader.get_template(name, skip=skip)
  File "C:\Users\HP\AppData\Roaming\Python\Python310\site-packages\django\template\loaders\cached.py", line 57, in get_template
    template = super().get_template(template_name, skip)
  File "C:\Users\HP\AppData\Roaming\Python\Python310\site-packages\django\template\loaders\base.py", line 28, in get_template
    return Template(
  File "C:\Users\HP\AppData\Roaming\Python\Python310\site-packages\django\template\base.py", line 154, in __init__
    self.nodelist = self.compile_nodelist()
  File "C:\Users\HP\AppData\Roaming\Python\Python310\site-packages\django\template\base.py", line 196, in compile_nodelist
    nodelist = parser.parse()
  File "C:\Users\HP\AppData\Roaming\Python\Python310\site-packages\django\template\base.py", line 519, in parse
    self.extend_nodelist(nodelist, compiled_result, token)
  File "C:\Users\HP\AppData\Roaming\Python\Python310\site-packages\django\template\base.py", line 540, in extend_nodelist
    raise self.error(
django.template.exceptions.TemplateSyntaxError: {% extends user|get_user_layout %} must be the first tag in 'dashboard.html'.

During handling of the above exception, another exception occurred:

Traceback (most recent call last):
  File "C:\Users\HP\AppData\Roaming\Python\Python310\site-packages\django\core\handlers\exception.py", line 55, in inner
    response = get_response(request)
  File "C:\Users\HP\AppData\Roaming\Python\Python310\site-packages\django\core\handlers\base.py", line 197, in _get_response
    response = wrapped_callback(request, *callback_args, **callback_kwargs)
  File "C:\Users\HP\AppData\Roaming\Python\Python310\site-packages\django\contrib\auth\decorators.py", line 59, in _view_wrapper
    return view_func(request, *args, **kwargs)
  File "D:\python\plagiarismcheckerextra\plag\views.py", line 151, in dashboard
    return render(request, "dashboard.html", context)
  File "C:\Users\HP\AppData\Roaming\Python\Python310\site-packages\django\shortcuts.py", line 25, in render
    content = loader.render_to_string(template_name, context, request, using=using)
  File "C:\Users\HP\AppData\Roaming\Python\Python310\site-packages\django\template\loader.py", line 61, in render_to_string
    template = get_template(template_name, using=using)
  File "C:\Users\HP\AppData\Roaming\Python\Python310\site-packages\django\template\loader.py", line 15, in get_template
    return engine.get_template(template_name)
  File "C:\Users\HP\AppData\Roaming\Python\Python310\site-packages\django\template\backends\django.py", line 79, in get_template
    return Template(self.engine.get_template(template_name), self)
  File "C:\Users\HP\AppData\Roaming\Python\Python310\site-packages\django\template\engine.py", line 177, in get_template
    template, origin = self.find_template(template_name)
  File "C:\Users\HP\AppData\Roaming\Python\Python310\site-packages\django\template\engine.py", line 159, in find_template
    template = loader.get_template(name, skip=skip)
  File "C:\Users\HP\AppData\Roaming\Python\Python310\site-packages\django\template\loaders\cached.py", line 57, in get_template
    template = super().get_template(template_name, skip)
  File "C:\Users\HP\AppData\Roaming\Python\Python310\site-packages\django\template\loaders\base.py", line 28, in get_template
    return Template(
  File "C:\Users\HP\AppData\Roaming\Python\Python310\site-packages\django\template\base.py", line 154, in __init__
    self.nodelist = self.compile_nodelist()
  File "C:\Users\HP\AppData\Roaming\Python\Python310\site-packages\django\template\base.py", line 196, in compile_nodelist
    nodelist = parser.parse()
  File "C:\Users\HP\AppData\Roaming\Python\Python310\site-packages\django\template\base.py", line 519, in parse
    self.extend_nodelist(nodelist, compiled_result, token)
  File "C:\Users\HP\AppData\Roaming\Python\Python310\site-packages\django\template\base.py", line 540, in extend_nodelist
    raise self.error(
django.template.exceptions.TemplateSyntaxError: {% extends user|get_user_layout %} must be the first tag in 'dashboard.html'.
"GET /dashboard/ HTTP/1.1" 500 229142
Dashboard error for user 3: {% extends user|get_user_layout %} must be the first tag in 'dashboard.html'.
Unhandled exception: {% extends user|get_user_layout %} must be the first tag in 'dashboard.html'.
Traceback (most recent call last):
  File "D:\python\plagiarismcheckerextra\plag\views.py", line 146, in dashboard
    return render(request, "dashboard.html", context)
  File "C:\Users\HP\AppData\Roaming\Python\Python310\site-packages\django\shortcuts.py", line 25, in render
    content = loader.render_to_string(template_name, context, request, using=using)
  File "C:\Users\HP\AppData\Roaming\Python\Python310\site-packages\django\template\loader.py", line 61, in render_to_string
    template = get_template(template_name, using=using)
  File "C:\Users\HP\AppData\Roaming\Python\Python310\site-packages\django\template\loader.py", line 15, in get_template
    return engine.get_template(template_name)
  File "C:\Users\HP\AppData\Roaming\Python\Python310\site-packages\django\template\backends\django.py", line 79, in get_template
    return Template(self.engine.get_template(template_name), self)
  File "C:\Users\HP\AppData\Roaming\Python\Python310\site-packages\django\template\engine.py", line 177, in get_template
    template, origin = self.find_template(template_name)
  File "C:\Users\HP\AppData\Roaming\Python\Python310\site-packages\django\template\engine.py", line 159, in find_template
    template = loader.get_template(name, skip=skip)
  File "C:\Users\HP\AppData\Roaming\Python\Python310\site-packages\django\template\loaders\cached.py", line 57, in get_template
    template = super().get_template(template_name, skip)
  File "C:\Users\HP\AppData\Roaming\Python\Python310\site-packages\django\template\loaders\base.py", line 28, in get_template
    return Template(
  File "C:\Users\HP\AppData\Roaming\Python\Python310\site-packages\django\template\base.py", line 154, in __init__
    self.nodelist = self.compile_nodelist()
  File "C:\Users\HP\AppData\Roaming\Python\Python310\site-packages\django\template\base.py", line 196, in compile_nodelist
    nodelist = parser.parse()
  File "C:\Users\HP\AppData\Roaming\Python\Python310\site-packages\django\template\base.py", line 519, in parse
    self.extend_nodelist(nodelist, compiled_result, token)
  File "C:\Users\HP\AppData\Roaming\Python\Python310\site-packages\django\template\base.py", line 540, in extend_nodelist
    raise self.error(
django.template.exceptions.TemplateSyntaxError: {% extends user|get_user_layout %} must be the first tag in 'dashboard.html'.

During handling of the above exception, another exception occurred:

Traceback (most recent call last):
  File "C:\Users\HP\AppData\Roaming\Python\Python310\site-packages\django\core\handlers\base.py", line 197, in _get_response
    response = wrapped_callback(request, *callback_args, **callback_kwargs)
  File "C:\Users\HP\AppData\Roaming\Python\Python310\site-packages\django\contrib\auth\decorators.py", line 59, in _view_wrapper
    return view_func(request, *args, **kwargs)
  File "D:\python\plagiarismcheckerextra\plag\views.py", line 151, in dashboard
    return render(request, "dashboard.html", context)
  File "C:\Users\HP\AppData\Roaming\Python\Python310\site-packages\django\shortcuts.py", line 25, in render
    content = loader.render_to_string(template_name, context, request, using=using)
  File "C:\Users\HP\AppData\Roaming\Python\Python310\site-packages\django\template\loader.py", line 61, in render_to_string
    template = get_template(template_name, using=using)
  File "C:\Users\HP\AppData\Roaming\Python\Python310\site-packages\django\template\loader.py", line 15, in get_template
    return engine.get_template(template_name)
  File "C:\Users\HP\AppData\Roaming\Python\Python310\site-packages\django\template\backends\django.py", line 79, in get_template
    return Template(self.engine.get_template(template_name), self)
  File "C:\Users\HP\AppData\Roaming\Python\Python310\site-packages\django\template\engine.py", line 177, in get_template
    template, origin = self.find_template(template_name)
  File "C:\Users\HP\AppData\Roaming\Python\Python310\site-packages\django\template\engine.py", line 159, in find_template
    template = loader.get_template(name, skip=skip)
  File "C:\Users\HP\AppData\Roaming\Python\Python310\site-packages\django\template\loaders\cached.py", line 57, in get_template
    template = super().get_template(template_name, skip)
  File "C:\Users\HP\AppData\Roaming\Python\Python310\site-packages\django\template\loaders\base.py", line 28, in get_template
    return Template(
  File "C:\Users\HP\AppData\Roaming\Python\Python310\site-packages\django\template\base.py", line 154, in __init__
    self.nodelist = self.compile_nodelist()
  File "C:\Users\HP\AppData\Roaming\Python\Python310\site-packages\django\template\base.py", line 196, in compile_nodelist
    nodelist = parser.parse()
  File "C:\Users\HP\AppData\Roaming\Python\Python310\site-packages\django\template\base.py", line 519, in parse
    self.extend_nodelist(nodelist, compiled_result, token)
  File "C:\Users\HP\AppData\Roaming\Python\Python310\site-packages\django\template\base.py", line 540, in extend_nodelist
    raise self.error(
django.template.exceptions.TemplateSyntaxError: {% extends user|get_user_layout %} must be the first tag in 'dashboard.html'.
Internal Server Error: /dashboard/
Traceback (most recent call last):
  File "D:\python\plagiarismcheckerextra\plag\views.py", line 146, in dashboard
    return render(request, "dashboard.html", context)
  File "C:\Users\HP\AppData\Roaming\Python\Python310\site-packages\django\shortcuts.py", line 25, in render
    content = loader.render_to_string(template_name, context, request, using=using)
  File "C:\Users\HP\AppData\Roaming\Python\Python310\site-packages\django\template\loader.py", line 61, in render_to_string
    template = get_template(template_name, using=using)
  File "C:\Users\HP\AppData\Roaming\Python\Python310\site-packages\django\template\loader.py", line 15, in get_template
    return engine.get_template(template_name)
  File "C:\Users\HP\AppData\Roaming\Python\Python310\site-packages\django\template\backends\django.py", line 79, in get_template
    return Template(self.engine.get_template(template_name), self)
  File "C:\Users\HP\AppData\Roaming\Python\Python310\site-packages\django\template\engine.py", line 177, in get_template
    template, origin = self.find_template(template_name)
  File "C:\Users\HP\AppData\Roaming\Python\Python310\site-packages\django\template\engine.py", line 159, in find_template
    template = loader.get_template(name, skip=skip)
  File "C:\Users\HP\AppData\Roaming\Python\Python310\site-packages\django\template\loaders\cached.py", line 57, in get_template
    template = super().get_template(template_name, skip)
  File "C:\Users\HP\AppData\Roaming\Python\Python310\site-packages\django\template\loaders\base.py", line 28, in get_template
    return Template(
  File "C:\Users\HP\AppData\Roaming\Python\Python310\site-packages\django\template\base.py", line 154, in __init__
    self.nodelist = self.compile_nodelist()
  File "C:\Users\HP\AppData\Roaming\Python\Python310\site-packages\django\template\base.py", line 196, in compile_nodelist
    nodelist = parser.parse()
  File "C:\Users\HP\AppData\Roaming\Python\Python310\site-packages\django\template\base.py", line 519, in parse
    self.extend_nodelist(nodelist, compiled_result, token)
  File "C:\Users\HP\AppData\Roaming\Python\Python310\site-packages\django\template\base.py", line 540, in extend_nodelist
    raise self.error(
django.template.exceptions.TemplateSyntaxError: {% extends user|get_user_layout %} must be the first tag in 'dashboard.html'.

During handling of the above exception, another exception occurred:

Traceback (most recent call last):
  File "C:\Users\HP\AppData\Roaming\Python\Python310\site-packages\django\core\handlers\exception.py", line 55, in inner
    response = get_response(request)
  File "C:\Users\HP\AppData\Roaming\Python\Python310\site-packages\django\core\handlers\base.py", line 197, in _get_response
    response = wrapped_callback(request, *callback_args, **callback_kwargs)
  File "C:\Users\HP\AppData\Roaming\Python\Python310\site-packages\django\contrib\auth\decorators.py", line 59, in _view_wrapper
    return view_func(request, *args, **kwargs)
  File "D:\python\plagiarismcheckerextra\plag\views.py", line 151, in dashboard
    return render(request, "dashboard.html", context)
  File "C:\Users\HP\AppData\Roaming\Python\Python310\site-packages\django\shortcuts.py", line 25, in render
    content = loader.render_to_string(template_name, context, request, using=using)
  File "C:\Users\HP\AppData\Roaming\Python\Python310\site-packages\django\template\loader.py", line 61, in render_to_string
    template = get_template(template_name, using=using)
  File "C:\Users\HP\AppData\Roaming\Python\Python310\site-packages\django\template\loader.py", line 15, in get_template
    return engine.get_template(template_name)
  File "C:\Users\HP\AppData\Roaming\Python\Python310\site-packages\django\template\backends\django.py", line 79, in get_template
    return Template(self.engine.get_template(template_name), self)
  File "C:\Users\HP\AppData\Roaming\Python\Python310\site-packages\django\template\engine.py", line 177, in get_template
    template, origin = self.find_template(template_name)
  File "C:\Users\HP\AppData\Roaming\Python\Python310\site-packages\django\template\engine.py", line 159, in find_template
    template = loader.get_template(name, skip=skip)
  File "C:\Users\HP\AppData\Roaming\Python\Python310\site-packages\django\template\loaders\cached.py", line 57, in get_template
    template = super().get_template(template_name, skip)
  File "C:\Users\HP\AppData\Roaming\Python\Python310\site-packages\django\template\loaders\base.py", line 28, in get_template
    return Template(
  File "C:\Users\HP\AppData\Roaming\Python\Python310\site-packages\django\template\base.py", line 154, in __init__
    self.nodelist = self.compile_nodelist()
  File "C:\Users\HP\AppData\Roaming\Python\Python310\site-packages\django\template\base.py", line 196, in compile_nodelist
    nodelist = parser.parse()
  File "C:\Users\HP\AppData\Roaming\Python\Python310\site-packages\django\template\base.py", line 519, in parse
    self.extend_nodelist(nodelist, compiled_result, token)
  File "C:\Users\HP\AppData\Roaming\Python\Python310\site-packages\django\template\base.py", line 540, in extend_nodelist
    raise self.error(
django.template.exceptions.TemplateSyntaxError: {% extends user|get_user_layout %} must be the first tag in 'dashboard.html'.
"GET /dashboard/ HTTP/1.1" 500 228628
Dashboard error for user 3: {% extends user|get_user_layout %} must be the first tag in 'dashboard.html'.
Unhandled exception: {% extends user|get_user_layout %} must be the first tag in 'dashboard.html'.
Traceback (most recent call last):
  File "D:\python\plagiarismcheckerextra\plag\views.py", line 146, in dashboard
    return render(request, "dashboard.html", context)
  File "C:\Users\HP\AppData\Roaming\Python\Python310\site-packages\django\shortcuts.py", line 25, in render
    content = loader.render_to_string(template_name, context, request, using=using)
  File "C:\Users\HP\AppData\Roaming\Python\Python310\site-packages\django\template\loader.py", line 61, in render_to_string
    template = get_template(template_name, using=using)
  File "C:\Users\HP\AppData\Roaming\Python\Python310\site-packages\django\template\loader.py", line 15, in get_template
    return engine.get_template(template_name)
  File "C:\Users\HP\AppData\Roaming\Python\Python310\site-packages\django\template\backends\django.py", line 79, in get_template
    return Template(self.engine.get_template(template_name), self)
  File "C:\Users\HP\AppData\Roaming\Python\Python310\site-packages\django\template\engine.py", line 177, in get_template
    template, origin = self.find_template(template_name)
  File "C:\Users\HP\AppData\Roaming\Python\Python310\site-packages\django\template\engine.py", line 159, in find_template
    template = loader.get_template(name, skip=skip)
  File "C:\Users\HP\AppData\Roaming\Python\Python310\site-packages\django\template\loaders\cached.py", line 57, in get_template
    template = super().get_template(template_name, skip)
  File "C:\Users\HP\AppData\Roaming\Python\Python310\site-packages\django\template\loaders\base.py", line 28, in get_template
    return Template(
  File "C:\Users\HP\AppData\Roaming\Python\Python310\site-packages\django\template\base.py", line 154, in __init__
    self.nodelist = self.compile_nodelist()
  File "C:\Users\HP\AppData\Roaming\Python\Python310\site-packages\django\template\base.py", line 196, in compile_nodelist
    nodelist = parser.parse()
  File "C:\Users\HP\AppData\Roaming\Python\Python310\site-packages\django\template\base.py", line 519, in parse
    self.extend_nodelist(nodelist, compiled_result, token)
  File "C:\Users\HP\AppData\Roaming\Python\Python310\site-packages\django\template\base.py", line 540, in extend_nodelist
    raise self.error(
django.template.exceptions.TemplateSyntaxError: {% extends user|get_user_layout %} must be the first tag in 'dashboard.html'.

During handling of the above exception, another exception occurred:

Traceback (most recent call last):
  File "C:\Users\HP\AppData\Roaming\Python\Python310\site-packages\django\core\handlers\base.py", line 197, in _get_response
    response = wrapped_callback(request, *callback_args, **callback_kwargs)
  File "C:\Users\HP\AppData\Roaming\Python\Python310\site-packages\django\contrib\auth\decorators.py", line 59, in _view_wrapper
    return view_func(request, *args, **kwargs)
  File "D:\python\plagiarismcheckerextra\plag\views.py", line 151, in dashboard
    return render(request, "dashboard.html", context)
  File "C:\Users\HP\AppData\Roaming\Python\Python310\site-packages\django\shortcuts.py", line 25, in render
    content = loader.render_to_string(template_name, context, request, using=using)
  File "C:\Users\HP\AppData\Roaming\Python\Python310\site-packages\django\template\loader.py", line 61, in render_to_string
    template = get_template(template_name, using=using)
  File "C:\Users\HP\AppData\Roaming\Python\Python310\site-packages\django\template\loader.py", line 15, in get_template
    return engine.get_template(template_name)
  File "C:\Users\HP\AppData\Roaming\Python\Python310\site-packages\django\template\backends\django.py", line 79, in get_template
    return Template(self.engine.get_template(template_name), self)
  File "C:\Users\HP\AppData\Roaming\Python\Python310\site-packages\django\template\engine.py", line 177, in get_template
    template, origin = self.find_template(template_name)
  File "C:\Users\HP\AppData\Roaming\Python\Python310\site-packages\django\template\engine.py", line 159, in find_template
    template = loader.get_template(name, skip=skip)
  File "C:\Users\HP\AppData\Roaming\Python\Python310\site-packages\django\template\loaders\cached.py", line 57, in get_template
    template = super().get_template(template_name, skip)
  File "C:\Users\HP\AppData\Roaming\Python\Python310\site-packages\django\template\loaders\base.py", line 28, in get_template
    return Template(
  File "C:\Users\HP\AppData\Roaming\Python\Python310\site-packages\django\template\base.py", line 154, in __init__
    self.nodelist = self.compile_nodelist()
  File "C:\Users\HP\AppData\Roaming\Python\Python310\site-packages\django\template\base.py", line 196, in compile_nodelist
    nodelist = parser.parse()
  File "C:\Users\HP\AppData\Roaming\Python\Python310\site-packages\django\template\base.py", line 519, in parse
    self.extend_nodelist(nodelist, compiled_result, token)
  File "C:\Users\HP\AppData\Roaming\Python\Python310\site-packages\django\template\base.py", line 540, in extend_nodelist
    raise self.error(
django.template.exceptions.TemplateSyntaxError: {% extends user|get_user_layout %} must be the first tag in 'dashboard.html'.
Internal Server Error: /dashboard/
Traceback (most recent call last):
  File "D:\python\plagiarismcheckerextra\plag\views.py", line 146, in dashboard
    return render(request, "dashboard.html", context)
  File "C:\Users\HP\AppData\Roaming\Python\Python310\site-packages\django\shortcuts.py", line 25, in render
    content = loader.render_to_string(template_name, context, request, using=using)
  File "C:\Users\HP\AppData\Roaming\Python\Python310\site-packages\django\template\loader.py", line 61, in render_to_string
    template = get_template(template_name, using=using)
  File "C:\Users\HP\AppData\Roaming\Python\Python310\site-packages\django\template\loader.py", line 15, in get_template
    return engine.get_template(template_name)
  File "C:\Users\HP\AppData\Roaming\Python\Python310\site-packages\django\template\backends\django.py", line 79, in get_template
    return Template(self.engine.get_template(template_name), self)
  File "C:\Users\HP\AppData\Roaming\Python\Python310\site-packages\django\template\engine.py", line 177, in get_template
    template, origin = self.find_template(template_name)
  File "C:\Users\HP\AppData\Roaming\Python\Python310\site-packages\django\template\engine.py", line 159, in find_template
    template = loader.get_template(name, skip=skip)
  File "C:\Users\HP\AppData\Roaming\Python\Python310\site-packages\django\template\loaders\cached.py", line 57, in get_template
    template = super().get_template(template_name, skip)
  File "C:\Users\HP\AppData\Roaming\Python\Python310\site-packages\django\template\loaders\base.py", line 28, in get_template
    return Template(
  File "C:\Users\HP\AppData\Roaming\Python\Python310\site-packages\django\template\base.py", line 154, in __init__
    self.nodelist = self.compile_nodelist()
  File "C:\Users\HP\AppData\Roaming\Python\Python310\site-packages\django\template\base.py", line 196, in compile_nodelist
    nodelist = parser.parse()
  File "C:\Users\HP\AppData\Roaming\Python\Python310\site-packages\django\template\base.py", line 519, in parse
    self.extend_nodelist(nodelist, compiled_result, token)
  File "C:\Users\HP\AppData\Roaming\Python\Python310\site-packages\django\template\base.py", line 540, in extend_nodelist
    raise self.error(
django.template.exceptions.TemplateSyntaxError: {% extends user|get_user_layout %} must be the first tag in 'dashboard.html'.

During handling of the above exception, another exception occurred:

Traceback (most recent call last):
  File "C:\Users\HP\AppData\Roaming\Python\Python310\site-packages\django\core\handlers\exception.py", line 55, in inner
    response = get_response(request)
  File "C:\Users\HP\AppData\Roaming\Python\Python310\site-packages\django\core\handlers\base.py", line 197, in _get_response
    response = wrapped_callback(request, *callback_args, **callback_kwargs)
  File "C:\Users\HP\AppData\Roaming\Python\Python310\site-packages\django\contrib\auth\decorators.py", line 59, in _view_wrapper
    return view_func(request, *args, **kwargs)
  File "D:\python\plagiarismcheckerextra\plag\views.py", line 151, in dashboard
    return render(request, "dashboard.html", context)
  File "C:\Users\HP\AppData\Roaming\Python\Python310\site-packages\django\shortcuts.py", line 25, in render
    content = loader.render_to_string(template_name, context, request, using=using)
  File "C:\Users\HP\AppData\Roaming\Python\Python310\site-packages\django\template\loader.py", line 61, in render_to_string
    template = get_template(template_name, using=using)
  File "C:\Users\HP\AppData\Roaming\Python\Python310\site-packages\django\template\loader.py", line 15, in get_template
    return engine.get_template(template_name)
  File "C:\Users\HP\AppData\Roaming\Python\Python310\site-packages\django\template\backends\django.py", line 79, in get_template
    return Template(self.engine.get_template(template_name), self)
  File "C:\Users\HP\AppData\Roaming\Python\Python310\site-packages\django\template\engine.py", line 177, in get_template
    template, origin = self.find_template(template_name)
  File "C:\Users\HP\AppData\Roaming\Python\Python310\site-packages\django\template\engine.py", line 159, in find_template
    template = loader.get_template(name, skip=skip)
  File "C:\Users\HP\AppData\Roaming\Python\Python310\site-packages\django\template\loaders\cached.py", line 57, in get_template
    template = super().get_template(template_name, skip)
  File "C:\Users\HP\AppData\Roaming\Python\Python310\site-packages\django\template\loaders\base.py", line 28, in get_template
    return Template(
  File "C:\Users\HP\AppData\Roaming\Python\Python310\site-packages\django\template\base.py", line 154, in __init__
    self.nodelist = self.compile_nodelist()
  File "C:\Users\HP\AppData\Roaming\Python\Python310\site-packages\django\template\base.py", line 196, in compile_nodelist
    nodelist = parser.parse()
  File "C:\Users\HP\AppData\Roaming\Python\Python310\site-packages\django\template\base.py", line 519, in parse
    self.extend_nodelist(nodelist, compiled_result, token)
  File "C:\Users\HP\AppData\Roaming\Python\Python310\site-packages\django\template\base.py", line 540, in extend_nodelist
    raise self.error(
django.template.exceptions.TemplateSyntaxError: {% extends user|get_user_layout %} must be the first tag in 'dashboard.html'.
"GET /dashboard/ HTTP/1.1" 500 228491
SECURITY EVENT - Type: LOGIN_FAILED, User: None, Details: Failed login for admin
Dashboard error for user 3: {% extends user|get_user_layout %} must be the first tag in 'dashboard.html'.
Unhandled exception: {% extends user|get_user_layout %} must be the first tag in 'dashboard.html'.
Traceback (most recent call last):
  File "D:\python\plagiarismcheckerextra\plag\views.py", line 146, in dashboard
    return render(request, "dashboard.html", context)
  File "C:\Users\HP\AppData\Roaming\Python\Python310\site-packages\django\shortcuts.py", line 25, in render
    content = loader.render_to_string(template_name, context, request, using=using)
  File "C:\Users\HP\AppData\Roaming\Python\Python310\site-packages\django\template\loader.py", line 61, in render_to_string
    template = get_template(template_name, using=using)
  File "C:\Users\HP\AppData\Roaming\Python\Python310\site-packages\django\template\loader.py", line 15, in get_template
    return engine.get_template(template_name)
  File "C:\Users\HP\AppData\Roaming\Python\Python310\site-packages\django\template\backends\django.py", line 79, in get_template
    return Template(self.engine.get_template(template_name), self)
  File "C:\Users\HP\AppData\Roaming\Python\Python310\site-packages\django\template\engine.py", line 177, in get_template
    template, origin = self.find_template(template_name)
  File "C:\Users\HP\AppData\Roaming\Python\Python310\site-packages\django\template\engine.py", line 159, in find_template
    template = loader.get_template(name, skip=skip)
  File "C:\Users\HP\AppData\Roaming\Python\Python310\site-packages\django\template\loaders\cached.py", line 57, in get_template
    template = super().get_template(template_name, skip)
  File "C:\Users\HP\AppData\Roaming\Python\Python310\site-packages\django\template\loaders\base.py", line 28, in get_template
    return Template(
  File "C:\Users\HP\AppData\Roaming\Python\Python310\site-packages\django\template\base.py", line 154, in __init__
    self.nodelist = self.compile_nodelist()
  File "C:\Users\HP\AppData\Roaming\Python\Python310\site-packages\django\template\base.py", line 196, in compile_nodelist
    nodelist = parser.parse()
  File "C:\Users\HP\AppData\Roaming\Python\Python310\site-packages\django\template\base.py", line 519, in parse
    self.extend_nodelist(nodelist, compiled_result, token)
  File "C:\Users\HP\AppData\Roaming\Python\Python310\site-packages\django\template\base.py", line 540, in extend_nodelist
    raise self.error(
django.template.exceptions.TemplateSyntaxError: {% extends user|get_user_layout %} must be the first tag in 'dashboard.html'.

During handling of the above exception, another exception occurred:

Traceback (most recent call last):
  File "C:\Users\HP\AppData\Roaming\Python\Python310\site-packages\django\core\handlers\base.py", line 197, in _get_response
    response = wrapped_callback(request, *callback_args, **callback_kwargs)
  File "C:\Users\HP\AppData\Roaming\Python\Python310\site-packages\django\contrib\auth\decorators.py", line 59, in _view_wrapper
    return view_func(request, *args, **kwargs)
  File "D:\python\plagiarismcheckerextra\plag\views.py", line 151, in dashboard
    return render(request, "dashboard.html", context)
  File "C:\Users\HP\AppData\Roaming\Python\Python310\site-packages\django\shortcuts.py", line 25, in render
    content = loader.render_to_string(template_name, context, request, using=using)
  File "C:\Users\HP\AppData\Roaming\Python\Python310\site-packages\django\template\loader.py", line 61, in render_to_string
    template = get_template(template_name, using=using)
  File "C:\Users\HP\AppData\Roaming\Python\Python310\site-packages\django\template\loader.py", line 15, in get_template
    return engine.get_template(template_name)
  File "C:\Users\HP\AppData\Roaming\Python\Python310\site-packages\django\template\backends\django.py", line 79, in get_template
    return Template(self.engine.get_template(template_name), self)
  File "C:\Users\HP\AppData\Roaming\Python\Python310\site-packages\django\template\engine.py", line 177, in get_template
    template, origin = self.find_template(template_name)
  File "C:\Users\HP\AppData\Roaming\Python\Python310\site-packages\django\template\engine.py", line 159, in find_template
    template = loader.get_template(name, skip=skip)
  File "C:\Users\HP\AppData\Roaming\Python\Python310\site-packages\django\template\loaders\cached.py", line 57, in get_template
    template = super().get_template(template_name, skip)
  File "C:\Users\HP\AppData\Roaming\Python\Python310\site-packages\django\template\loaders\base.py", line 28, in get_template
    return Template(
  File "C:\Users\HP\AppData\Roaming\Python\Python310\site-packages\django\template\base.py", line 154, in __init__
    self.nodelist = self.compile_nodelist()
  File "C:\Users\HP\AppData\Roaming\Python\Python310\site-packages\django\template\base.py", line 196, in compile_nodelist
    nodelist = parser.parse()
  File "C:\Users\HP\AppData\Roaming\Python\Python310\site-packages\django\template\base.py", line 519, in parse
    self.extend_nodelist(nodelist, compiled_result, token)
  File "C:\Users\HP\AppData\Roaming\Python\Python310\site-packages\django\template\base.py", line 540, in extend_nodelist
    raise self.error(
django.template.exceptions.TemplateSyntaxError: {% extends user|get_user_layout %} must be the first tag in 'dashboard.html'.
Internal Server Error: /dashboard/
Traceback (most recent call last):
  File "D:\python\plagiarismcheckerextra\plag\views.py", line 146, in dashboard
    return render(request, "dashboard.html", context)
  File "C:\Users\HP\AppData\Roaming\Python\Python310\site-packages\django\shortcuts.py", line 25, in render
    content = loader.render_to_string(template_name, context, request, using=using)
  File "C:\Users\HP\AppData\Roaming\Python\Python310\site-packages\django\template\loader.py", line 61, in render_to_string
    template = get_template(template_name, using=using)
  File "C:\Users\HP\AppData\Roaming\Python\Python310\site-packages\django\template\loader.py", line 15, in get_template
    return engine.get_template(template_name)
  File "C:\Users\HP\AppData\Roaming\Python\Python310\site-packages\django\template\backends\django.py", line 79, in get_template
    return Template(self.engine.get_template(template_name), self)
  File "C:\Users\HP\AppData\Roaming\Python\Python310\site-packages\django\template\engine.py", line 177, in get_template
    template, origin = self.find_template(template_name)
  File "C:\Users\HP\AppData\Roaming\Python\Python310\site-packages\django\template\engine.py", line 159, in find_template
    template = loader.get_template(name, skip=skip)
  File "C:\Users\HP\AppData\Roaming\Python\Python310\site-packages\django\template\loaders\cached.py", line 57, in get_template
    template = super().get_template(template_name, skip)
  File "C:\Users\HP\AppData\Roaming\Python\Python310\site-packages\django\template\loaders\base.py", line 28, in get_template
    return Template(
  File "C:\Users\HP\AppData\Roaming\Python\Python310\site-packages\django\template\base.py", line 154, in __init__
    self.nodelist = self.compile_nodelist()
  File "C:\Users\HP\AppData\Roaming\Python\Python310\site-packages\django\template\base.py", line 196, in compile_nodelist
    nodelist = parser.parse()
  File "C:\Users\HP\AppData\Roaming\Python\Python310\site-packages\django\template\base.py", line 519, in parse
    self.extend_nodelist(nodelist, compiled_result, token)
  File "C:\Users\HP\AppData\Roaming\Python\Python310\site-packages\django\template\base.py", line 540, in extend_nodelist
    raise self.error(
django.template.exceptions.TemplateSyntaxError: {% extends user|get_user_layout %} must be the first tag in 'dashboard.html'.

During handling of the above exception, another exception occurred:

Traceback (most recent call last):
  File "C:\Users\HP\AppData\Roaming\Python\Python310\site-packages\django\core\handlers\exception.py", line 55, in inner
    response = get_response(request)
  File "C:\Users\HP\AppData\Roaming\Python\Python310\site-packages\django\core\handlers\base.py", line 197, in _get_response
    response = wrapped_callback(request, *callback_args, **callback_kwargs)
  File "C:\Users\HP\AppData\Roaming\Python\Python310\site-packages\django\contrib\auth\decorators.py", line 59, in _view_wrapper
    return view_func(request, *args, **kwargs)
  File "D:\python\plagiarismcheckerextra\plag\views.py", line 151, in dashboard
    return render(request, "dashboard.html", context)
  File "C:\Users\HP\AppData\Roaming\Python\Python310\site-packages\django\shortcuts.py", line 25, in render
    content = loader.render_to_string(template_name, context, request, using=using)
  File "C:\Users\HP\AppData\Roaming\Python\Python310\site-packages\django\template\loader.py", line 61, in render_to_string
    template = get_template(template_name, using=using)
  File "C:\Users\HP\AppData\Roaming\Python\Python310\site-packages\django\template\loader.py", line 15, in get_template
    return engine.get_template(template_name)
  File "C:\Users\HP\AppData\Roaming\Python\Python310\site-packages\django\template\backends\django.py", line 79, in get_template
    return Template(self.engine.get_template(template_name), self)
  File "C:\Users\HP\AppData\Roaming\Python\Python310\site-packages\django\template\engine.py", line 177, in get_template
    template, origin = self.find_template(template_name)
  File "C:\Users\HP\AppData\Roaming\Python\Python310\site-packages\django\template\engine.py", line 159, in find_template
    template = loader.get_template(name, skip=skip)
  File "C:\Users\HP\AppData\Roaming\Python\Python310\site-packages\django\template\loaders\cached.py", line 57, in get_template
    template = super().get_template(template_name, skip)
  File "C:\Users\HP\AppData\Roaming\Python\Python310\site-packages\django\template\loaders\base.py", line 28, in get_template
    return Template(
  File "C:\Users\HP\AppData\Roaming\Python\Python310\site-packages\django\template\base.py", line 154, in __init__
    self.nodelist = self.compile_nodelist()
  File "C:\Users\HP\AppData\Roaming\Python\Python310\site-packages\django\template\base.py", line 196, in compile_nodelist
    nodelist = parser.parse()
  File "C:\Users\HP\AppData\Roaming\Python\Python310\site-packages\django\template\base.py", line 519, in parse
    self.extend_nodelist(nodelist, compiled_result, token)
  File "C:\Users\HP\AppData\Roaming\Python\Python310\site-packages\django\template\base.py", line 540, in extend_nodelist
    raise self.error(
django.template.exceptions.TemplateSyntaxError: {% extends user|get_user_layout %} must be the first tag in 'dashboard.html'.
"GET /dashboard/ HTTP/1.1" 500 228634
Dashboard error for user 3: {% extends user|get_user_layout %} must be the first tag in 'dashboard.html'.
Unhandled exception: {% extends user|get_user_layout %} must be the first tag in 'dashboard.html'.
Traceback (most recent call last):
  File "D:\python\plagiarismcheckerextra\plag\views.py", line 146, in dashboard
    return render(request, "dashboard.html", context)
  File "C:\Users\HP\AppData\Roaming\Python\Python310\site-packages\django\shortcuts.py", line 25, in render
    content = loader.render_to_string(template_name, context, request, using=using)
  File "C:\Users\HP\AppData\Roaming\Python\Python310\site-packages\django\template\loader.py", line 61, in render_to_string
    template = get_template(template_name, using=using)
  File "C:\Users\HP\AppData\Roaming\Python\Python310\site-packages\django\template\loader.py", line 15, in get_template
    return engine.get_template(template_name)
  File "C:\Users\HP\AppData\Roaming\Python\Python310\site-packages\django\template\backends\django.py", line 79, in get_template
    return Template(self.engine.get_template(template_name), self)
  File "C:\Users\HP\AppData\Roaming\Python\Python310\site-packages\django\template\engine.py", line 177, in get_template
    template, origin = self.find_template(template_name)
  File "C:\Users\HP\AppData\Roaming\Python\Python310\site-packages\django\template\engine.py", line 159, in find_template
    template = loader.get_template(name, skip=skip)
  File "C:\Users\HP\AppData\Roaming\Python\Python310\site-packages\django\template\loaders\cached.py", line 57, in get_template
    template = super().get_template(template_name, skip)
  File "C:\Users\HP\AppData\Roaming\Python\Python310\site-packages\django\template\loaders\base.py", line 28, in get_template
    return Template(
  File "C:\Users\HP\AppData\Roaming\Python\Python310\site-packages\django\template\base.py", line 154, in __init__
    self.nodelist = self.compile_nodelist()
  File "C:\Users\HP\AppData\Roaming\Python\Python310\site-packages\django\template\base.py", line 196, in compile_nodelist
    nodelist = parser.parse()
  File "C:\Users\HP\AppData\Roaming\Python\Python310\site-packages\django\template\base.py", line 519, in parse
    self.extend_nodelist(nodelist, compiled_result, token)
  File "C:\Users\HP\AppData\Roaming\Python\Python310\site-packages\django\template\base.py", line 540, in extend_nodelist
    raise self.error(
django.template.exceptions.TemplateSyntaxError: {% extends user|get_user_layout %} must be the first tag in 'dashboard.html'.

During handling of the above exception, another exception occurred:

Traceback (most recent call last):
  File "C:\Users\HP\AppData\Roaming\Python\Python310\site-packages\django\core\handlers\base.py", line 197, in _get_response
    response = wrapped_callback(request, *callback_args, **callback_kwargs)
  File "C:\Users\HP\AppData\Roaming\Python\Python310\site-packages\django\contrib\auth\decorators.py", line 59, in _view_wrapper
    return view_func(request, *args, **kwargs)
  File "D:\python\plagiarismcheckerextra\plag\views.py", line 151, in dashboard
    return render(request, "dashboard.html", context)
  File "C:\Users\HP\AppData\Roaming\Python\Python310\site-packages\django\shortcuts.py", line 25, in render
    content = loader.render_to_string(template_name, context, request, using=using)
  File "C:\Users\HP\AppData\Roaming\Python\Python310\site-packages\django\template\loader.py", line 61, in render_to_string
    template = get_template(template_name, using=using)
  File "C:\Users\HP\AppData\Roaming\Python\Python310\site-packages\django\template\loader.py", line 15, in get_template
    return engine.get_template(template_name)
  File "C:\Users\HP\AppData\Roaming\Python\Python310\site-packages\django\template\backends\django.py", line 79, in get_template
    return Template(self.engine.get_template(template_name), self)
  File "C:\Users\HP\AppData\Roaming\Python\Python310\site-packages\django\template\engine.py", line 177, in get_template
    template, origin = self.find_template(template_name)
  File "C:\Users\HP\AppData\Roaming\Python\Python310\site-packages\django\template\engine.py", line 159, in find_template
    template = loader.get_template(name, skip=skip)
  File "C:\Users\HP\AppData\Roaming\Python\Python310\site-packages\django\template\loaders\cached.py", line 57, in get_template
    template = super().get_template(template_name, skip)
  File "C:\Users\HP\AppData\Roaming\Python\Python310\site-packages\django\template\loaders\base.py", line 28, in get_template
    return Template(
  File "C:\Users\HP\AppData\Roaming\Python\Python310\site-packages\django\template\base.py", line 154, in __init__
    self.nodelist = self.compile_nodelist()
  File "C:\Users\HP\AppData\Roaming\Python\Python310\site-packages\django\template\base.py", line 196, in compile_nodelist
    nodelist = parser.parse()
  File "C:\Users\HP\AppData\Roaming\Python\Python310\site-packages\django\template\base.py", line 519, in parse
    self.extend_nodelist(nodelist, compiled_result, token)
  File "C:\Users\HP\AppData\Roaming\Python\Python310\site-packages\django\template\base.py", line 540, in extend_nodelist
    raise self.error(
django.template.exceptions.TemplateSyntaxError: {% extends user|get_user_layout %} must be the first tag in 'dashboard.html'.
Internal Server Error: /dashboard/
Traceback (most recent call last):
  File "D:\python\plagiarismcheckerextra\plag\views.py", line 146, in dashboard
    return render(request, "dashboard.html", context)
  File "C:\Users\HP\AppData\Roaming\Python\Python310\site-packages\django\shortcuts.py", line 25, in render
    content = loader.render_to_string(template_name, context, request, using=using)
  File "C:\Users\HP\AppData\Roaming\Python\Python310\site-packages\django\template\loader.py", line 61, in render_to_string
    template = get_template(template_name, using=using)
  File "C:\Users\HP\AppData\Roaming\Python\Python310\site-packages\django\template\loader.py", line 15, in get_template
    return engine.get_template(template_name)
  File "C:\Users\HP\AppData\Roaming\Python\Python310\site-packages\django\template\backends\django.py", line 79, in get_template
    return Template(self.engine.get_template(template_name), self)
  File "C:\Users\HP\AppData\Roaming\Python\Python310\site-packages\django\template\engine.py", line 177, in get_template
    template, origin = self.find_template(template_name)
  File "C:\Users\HP\AppData\Roaming\Python\Python310\site-packages\django\template\engine.py", line 159, in find_template
    template = loader.get_template(name, skip=skip)
  File "C:\Users\HP\AppData\Roaming\Python\Python310\site-packages\django\template\loaders\cached.py", line 57, in get_template
    template = super().get_template(template_name, skip)
  File "C:\Users\HP\AppData\Roaming\Python\Python310\site-packages\django\template\loaders\base.py", line 28, in get_template
    return Template(
  File "C:\Users\HP\AppData\Roaming\Python\Python310\site-packages\django\template\base.py", line 154, in __init__
    self.nodelist = self.compile_nodelist()
  File "C:\Users\HP\AppData\Roaming\Python\Python310\site-packages\django\template\base.py", line 196, in compile_nodelist
    nodelist = parser.parse()
  File "C:\Users\HP\AppData\Roaming\Python\Python310\site-packages\django\template\base.py", line 519, in parse
    self.extend_nodelist(nodelist, compiled_result, token)
  File "C:\Users\HP\AppData\Roaming\Python\Python310\site-packages\django\template\base.py", line 540, in extend_nodelist
    raise self.error(
django.template.exceptions.TemplateSyntaxError: {% extends user|get_user_layout %} must be the first tag in 'dashboard.html'.

During handling of the above exception, another exception occurred:

Traceback (most recent call last):
  File "C:\Users\HP\AppData\Roaming\Python\Python310\site-packages\django\core\handlers\exception.py", line 55, in inner
    response = get_response(request)
  File "C:\Users\HP\AppData\Roaming\Python\Python310\site-packages\django\core\handlers\base.py", line 197, in _get_response
    response = wrapped_callback(request, *callback_args, **callback_kwargs)
  File "C:\Users\HP\AppData\Roaming\Python\Python310\site-packages\django\contrib\auth\decorators.py", line 59, in _view_wrapper
    return view_func(request, *args, **kwargs)
  File "D:\python\plagiarismcheckerextra\plag\views.py", line 151, in dashboard
    return render(request, "dashboard.html", context)
  File "C:\Users\HP\AppData\Roaming\Python\Python310\site-packages\django\shortcuts.py", line 25, in render
    content = loader.render_to_string(template_name, context, request, using=using)
  File "C:\Users\HP\AppData\Roaming\Python\Python310\site-packages\django\template\loader.py", line 61, in render_to_string
    template = get_template(template_name, using=using)
  File "C:\Users\HP\AppData\Roaming\Python\Python310\site-packages\django\template\loader.py", line 15, in get_template
    return engine.get_template(template_name)
  File "C:\Users\HP\AppData\Roaming\Python\Python310\site-packages\django\template\backends\django.py", line 79, in get_template
    return Template(self.engine.get_template(template_name), self)
  File "C:\Users\HP\AppData\Roaming\Python\Python310\site-packages\django\template\engine.py", line 177, in get_template
    template, origin = self.find_template(template_name)
  File "C:\Users\HP\AppData\Roaming\Python\Python310\site-packages\django\template\engine.py", line 159, in find_template
    template = loader.get_template(name, skip=skip)
  File "C:\Users\HP\AppData\Roaming\Python\Python310\site-packages\django\template\loaders\cached.py", line 57, in get_template
    template = super().get_template(template_name, skip)
  File "C:\Users\HP\AppData\Roaming\Python\Python310\site-packages\django\template\loaders\base.py", line 28, in get_template
    return Template(
  File "C:\Users\HP\AppData\Roaming\Python\Python310\site-packages\django\template\base.py", line 154, in __init__
    self.nodelist = self.compile_nodelist()
  File "C:\Users\HP\AppData\Roaming\Python\Python310\site-packages\django\template\base.py", line 196, in compile_nodelist
    nodelist = parser.parse()
  File "C:\Users\HP\AppData\Roaming\Python\Python310\site-packages\django\template\base.py", line 519, in parse
    self.extend_nodelist(nodelist, compiled_result, token)
  File "C:\Users\HP\AppData\Roaming\Python\Python310\site-packages\django\template\base.py", line 540, in extend_nodelist
    raise self.error(
django.template.exceptions.TemplateSyntaxError: {% extends user|get_user_layout %} must be the first tag in 'dashboard.html'.
"GET /dashboard/ HTTP/1.1" 500 228634
Dashboard error for user 3: {% extends user|get_user_layout %} must be the first tag in 'dashboard.html'.
Unhandled exception: {% extends user|get_user_layout %} must be the first tag in 'dashboard.html'.
Traceback (most recent call last):
  File "D:\python\plagiarismcheckerextra\plag\views.py", line 146, in dashboard
    return render(request, "dashboard.html", context)
  File "C:\Users\HP\AppData\Roaming\Python\Python310\site-packages\django\shortcuts.py", line 25, in render
    content = loader.render_to_string(template_name, context, request, using=using)
  File "C:\Users\HP\AppData\Roaming\Python\Python310\site-packages\django\template\loader.py", line 61, in render_to_string
    template = get_template(template_name, using=using)
  File "C:\Users\HP\AppData\Roaming\Python\Python310\site-packages\django\template\loader.py", line 15, in get_template
    return engine.get_template(template_name)
  File "C:\Users\HP\AppData\Roaming\Python\Python310\site-packages\django\template\backends\django.py", line 79, in get_template
    return Template(self.engine.get_template(template_name), self)
  File "C:\Users\HP\AppData\Roaming\Python\Python310\site-packages\django\template\engine.py", line 177, in get_template
    template, origin = self.find_template(template_name)
  File "C:\Users\HP\AppData\Roaming\Python\Python310\site-packages\django\template\engine.py", line 159, in find_template
    template = loader.get_template(name, skip=skip)
  File "C:\Users\HP\AppData\Roaming\Python\Python310\site-packages\django\template\loaders\cached.py", line 57, in get_template
    template = super().get_template(template_name, skip)
  File "C:\Users\HP\AppData\Roaming\Python\Python310\site-packages\django\template\loaders\base.py", line 28, in get_template
    return Template(
  File "C:\Users\HP\AppData\Roaming\Python\Python310\site-packages\django\template\base.py", line 154, in __init__
    self.nodelist = self.compile_nodelist()
  File "C:\Users\HP\AppData\Roaming\Python\Python310\site-packages\django\template\base.py", line 196, in compile_nodelist
    nodelist = parser.parse()
  File "C:\Users\HP\AppData\Roaming\Python\Python310\site-packages\django\template\base.py", line 519, in parse
    self.extend_nodelist(nodelist, compiled_result, token)
  File "C:\Users\HP\AppData\Roaming\Python\Python310\site-packages\django\template\base.py", line 540, in extend_nodelist
    raise self.error(
django.template.exceptions.TemplateSyntaxError: {% extends user|get_user_layout %} must be the first tag in 'dashboard.html'.

During handling of the above exception, another exception occurred:

Traceback (most recent call last):
  File "C:\Users\HP\AppData\Roaming\Python\Python310\site-packages\django\core\handlers\base.py", line 197, in _get_response
    response = wrapped_callback(request, *callback_args, **callback_kwargs)
  File "C:\Users\HP\AppData\Roaming\Python\Python310\site-packages\django\contrib\auth\decorators.py", line 59, in _view_wrapper
    return view_func(request, *args, **kwargs)
  File "D:\python\plagiarismcheckerextra\plag\views.py", line 151, in dashboard
    return render(request, "dashboard.html", context)
  File "C:\Users\HP\AppData\Roaming\Python\Python310\site-packages\django\shortcuts.py", line 25, in render
    content = loader.render_to_string(template_name, context, request, using=using)
  File "C:\Users\HP\AppData\Roaming\Python\Python310\site-packages\django\template\loader.py", line 61, in render_to_string
    template = get_template(template_name, using=using)
  File "C:\Users\HP\AppData\Roaming\Python\Python310\site-packages\django\template\loader.py", line 15, in get_template
    return engine.get_template(template_name)
  File "C:\Users\HP\AppData\Roaming\Python\Python310\site-packages\django\template\backends\django.py", line 79, in get_template
    return Template(self.engine.get_template(template_name), self)
  File "C:\Users\HP\AppData\Roaming\Python\Python310\site-packages\django\template\engine.py", line 177, in get_template
    template, origin = self.find_template(template_name)
  File "C:\Users\HP\AppData\Roaming\Python\Python310\site-packages\django\template\engine.py", line 159, in find_template
    template = loader.get_template(name, skip=skip)
  File "C:\Users\HP\AppData\Roaming\Python\Python310\site-packages\django\template\loaders\cached.py", line 57, in get_template
    template = super().get_template(template_name, skip)
  File "C:\Users\HP\AppData\Roaming\Python\Python310\site-packages\django\template\loaders\base.py", line 28, in get_template
    return Template(
  File "C:\Users\HP\AppData\Roaming\Python\Python310\site-packages\django\template\base.py", line 154, in __init__
    self.nodelist = self.compile_nodelist()
  File "C:\Users\HP\AppData\Roaming\Python\Python310\site-packages\django\template\base.py", line 196, in compile_nodelist
    nodelist = parser.parse()
  File "C:\Users\HP\AppData\Roaming\Python\Python310\site-packages\django\template\base.py", line 519, in parse
    self.extend_nodelist(nodelist, compiled_result, token)
  File "C:\Users\HP\AppData\Roaming\Python\Python310\site-packages\django\template\base.py", line 540, in extend_nodelist
    raise self.error(
django.template.exceptions.TemplateSyntaxError: {% extends user|get_user_layout %} must be the first tag in 'dashboard.html'.
Internal Server Error: /dashboard/
Traceback (most recent call last):
  File "D:\python\plagiarismcheckerextra\plag\views.py", line 146, in dashboard
    return render(request, "dashboard.html", context)
  File "C:\Users\HP\AppData\Roaming\Python\Python310\site-packages\django\shortcuts.py", line 25, in render
    content = loader.render_to_string(template_name, context, request, using=using)
  File "C:\Users\HP\AppData\Roaming\Python\Python310\site-packages\django\template\loader.py", line 61, in render_to_string
    template = get_template(template_name, using=using)
  File "C:\Users\HP\AppData\Roaming\Python\Python310\site-packages\django\template\loader.py", line 15, in get_template
    return engine.get_template(template_name)
  File "C:\Users\HP\AppData\Roaming\Python\Python310\site-packages\django\template\backends\django.py", line 79, in get_template
    return Template(self.engine.get_template(template_name), self)
  File "C:\Users\HP\AppData\Roaming\Python\Python310\site-packages\django\template\engine.py", line 177, in get_template
    template, origin = self.find_template(template_name)
  File "C:\Users\HP\AppData\Roaming\Python\Python310\site-packages\django\template\engine.py", line 159, in find_template
    template = loader.get_template(name, skip=skip)
  File "C:\Users\HP\AppData\Roaming\Python\Python310\site-packages\django\template\loaders\cached.py", line 57, in get_template
    template = super().get_template(template_name, skip)
  File "C:\Users\HP\AppData\Roaming\Python\Python310\site-packages\django\template\loaders\base.py", line 28, in get_template
    return Template(
  File "C:\Users\HP\AppData\Roaming\Python\Python310\site-packages\django\template\base.py", line 154, in __init__
    self.nodelist = self.compile_nodelist()
  File "C:\Users\HP\AppData\Roaming\Python\Python310\site-packages\django\template\base.py", line 196, in compile_nodelist
    nodelist = parser.parse()
  File "C:\Users\HP\AppData\Roaming\Python\Python310\site-packages\django\template\base.py", line 519, in parse
    self.extend_nodelist(nodelist, compiled_result, token)
  File "C:\Users\HP\AppData\Roaming\Python\Python310\site-packages\django\template\base.py", line 540, in extend_nodelist
    raise self.error(
django.template.exceptions.TemplateSyntaxError: {% extends user|get_user_layout %} must be the first tag in 'dashboard.html'.

During handling of the above exception, another exception occurred:

Traceback (most recent call last):
  File "C:\Users\HP\AppData\Roaming\Python\Python310\site-packages\django\core\handlers\exception.py", line 55, in inner
    response = get_response(request)
  File "C:\Users\HP\AppData\Roaming\Python\Python310\site-packages\django\core\handlers\base.py", line 197, in _get_response
    response = wrapped_callback(request, *callback_args, **callback_kwargs)
  File "C:\Users\HP\AppData\Roaming\Python\Python310\site-packages\django\contrib\auth\decorators.py", line 59, in _view_wrapper
    return view_func(request, *args, **kwargs)
  File "D:\python\plagiarismcheckerextra\plag\views.py", line 151, in dashboard
    return render(request, "dashboard.html", context)
  File "C:\Users\HP\AppData\Roaming\Python\Python310\site-packages\django\shortcuts.py", line 25, in render
    content = loader.render_to_string(template_name, context, request, using=using)
  File "C:\Users\HP\AppData\Roaming\Python\Python310\site-packages\django\template\loader.py", line 61, in render_to_string
    template = get_template(template_name, using=using)
  File "C:\Users\HP\AppData\Roaming\Python\Python310\site-packages\django\template\loader.py", line 15, in get_template
    return engine.get_template(template_name)
  File "C:\Users\HP\AppData\Roaming\Python\Python310\site-packages\django\template\backends\django.py", line 79, in get_template
    return Template(self.engine.get_template(template_name), self)
  File "C:\Users\HP\AppData\Roaming\Python\Python310\site-packages\django\template\engine.py", line 177, in get_template
    template, origin = self.find_template(template_name)
  File "C:\Users\HP\AppData\Roaming\Python\Python310\site-packages\django\template\engine.py", line 159, in find_template
    template = loader.get_template(name, skip=skip)
  File "C:\Users\HP\AppData\Roaming\Python\Python310\site-packages\django\template\loaders\cached.py", line 57, in get_template
    template = super().get_template(template_name, skip)
  File "C:\Users\HP\AppData\Roaming\Python\Python310\site-packages\django\template\loaders\base.py", line 28, in get_template
    return Template(
  File "C:\Users\HP\AppData\Roaming\Python\Python310\site-packages\django\template\base.py", line 154, in __init__
    self.nodelist = self.compile_nodelist()
  File "C:\Users\HP\AppData\Roaming\Python\Python310\site-packages\django\template\base.py", line 196, in compile_nodelist
    nodelist = parser.parse()
  File "C:\Users\HP\AppData\Roaming\Python\Python310\site-packages\django\template\base.py", line 519, in parse
    self.extend_nodelist(nodelist, compiled_result, token)
  File "C:\Users\HP\AppData\Roaming\Python\Python310\site-packages\django\template\base.py", line 540, in extend_nodelist
    raise self.error(
django.template.exceptions.TemplateSyntaxError: {% extends user|get_user_layout %} must be the first tag in 'dashboard.html'.
"GET /dashboard/ HTTP/1.1" 500 228634
Dashboard error for user 3: {% extends user|get_user_layout %} must be the first tag in 'dashboard.html'.
Unhandled exception: {% extends user|get_user_layout %} must be the first tag in 'dashboard.html'.
Traceback (most recent call last):
  File "D:\python\plagiarismcheckerextra\plag\views.py", line 146, in dashboard
    return render(request, "dashboard.html", context)
  File "C:\Users\HP\AppData\Roaming\Python\Python310\site-packages\django\shortcuts.py", line 25, in render
    content = loader.render_to_string(template_name, context, request, using=using)
  File "C:\Users\HP\AppData\Roaming\Python\Python310\site-packages\django\template\loader.py", line 61, in render_to_string
    template = get_template(template_name, using=using)
  File "C:\Users\HP\AppData\Roaming\Python\Python310\site-packages\django\template\loader.py", line 15, in get_template
    return engine.get_template(template_name)
  File "C:\Users\HP\AppData\Roaming\Python\Python310\site-packages\django\template\backends\django.py", line 79, in get_template
    return Template(self.engine.get_template(template_name), self)
  File "C:\Users\HP\AppData\Roaming\Python\Python310\site-packages\django\template\engine.py", line 177, in get_template
    template, origin = self.find_template(template_name)
  File "C:\Users\HP\AppData\Roaming\Python\Python310\site-packages\django\template\engine.py", line 159, in find_template
    template = loader.get_template(name, skip=skip)
  File "C:\Users\HP\AppData\Roaming\Python\Python310\site-packages\django\template\loaders\cached.py", line 57, in get_template
    template = super().get_template(template_name, skip)
  File "C:\Users\HP\AppData\Roaming\Python\Python310\site-packages\django\template\loaders\base.py", line 28, in get_template
    return Template(
  File "C:\Users\HP\AppData\Roaming\Python\Python310\site-packages\django\template\base.py", line 154, in __init__
    self.nodelist = self.compile_nodelist()
  File "C:\Users\HP\AppData\Roaming\Python\Python310\site-packages\django\template\base.py", line 196, in compile_nodelist
    nodelist = parser.parse()
  File "C:\Users\HP\AppData\Roaming\Python\Python310\site-packages\django\template\base.py", line 519, in parse
    self.extend_nodelist(nodelist, compiled_result, token)
  File "C:\Users\HP\AppData\Roaming\Python\Python310\site-packages\django\template\base.py", line 540, in extend_nodelist
    raise self.error(
django.template.exceptions.TemplateSyntaxError: {% extends user|get_user_layout %} must be the first tag in 'dashboard.html'.

During handling of the above exception, another exception occurred:

Traceback (most recent call last):
  File "C:\Users\HP\AppData\Roaming\Python\Python310\site-packages\django\core\handlers\base.py", line 197, in _get_response
    response = wrapped_callback(request, *callback_args, **callback_kwargs)
  File "C:\Users\HP\AppData\Roaming\Python\Python310\site-packages\django\contrib\auth\decorators.py", line 59, in _view_wrapper
    return view_func(request, *args, **kwargs)
  File "D:\python\plagiarismcheckerextra\plag\views.py", line 151, in dashboard
    return render(request, "dashboard.html", context)
  File "C:\Users\HP\AppData\Roaming\Python\Python310\site-packages\django\shortcuts.py", line 25, in render
    content = loader.render_to_string(template_name, context, request, using=using)
  File "C:\Users\HP\AppData\Roaming\Python\Python310\site-packages\django\template\loader.py", line 61, in render_to_string
    template = get_template(template_name, using=using)
  File "C:\Users\HP\AppData\Roaming\Python\Python310\site-packages\django\template\loader.py", line 15, in get_template
    return engine.get_template(template_name)
  File "C:\Users\HP\AppData\Roaming\Python\Python310\site-packages\django\template\backends\django.py", line 79, in get_template
    return Template(self.engine.get_template(template_name), self)
  File "C:\Users\HP\AppData\Roaming\Python\Python310\site-packages\django\template\engine.py", line 177, in get_template
    template, origin = self.find_template(template_name)
  File "C:\Users\HP\AppData\Roaming\Python\Python310\site-packages\django\template\engine.py", line 159, in find_template
    template = loader.get_template(name, skip=skip)
  File "C:\Users\HP\AppData\Roaming\Python\Python310\site-packages\django\template\loaders\cached.py", line 57, in get_template
    template = super().get_template(template_name, skip)
  File "C:\Users\HP\AppData\Roaming\Python\Python310\site-packages\django\template\loaders\base.py", line 28, in get_template
    return Template(
  File "C:\Users\HP\AppData\Roaming\Python\Python310\site-packages\django\template\base.py", line 154, in __init__
    self.nodelist = self.compile_nodelist()
  File "C:\Users\HP\AppData\Roaming\Python\Python310\site-packages\django\template\base.py", line 196, in compile_nodelist
    nodelist = parser.parse()
  File "C:\Users\HP\AppData\Roaming\Python\Python310\site-packages\django\template\base.py", line 519, in parse
    self.extend_nodelist(nodelist, compiled_result, token)
  File "C:\Users\HP\AppData\Roaming\Python\Python310\site-packages\django\template\base.py", line 540, in extend_nodelist
    raise self.error(
django.template.exceptions.TemplateSyntaxError: {% extends user|get_user_layout %} must be the first tag in 'dashboard.html'.
Internal Server Error: /dashboard/
Traceback (most recent call last):
  File "D:\python\plagiarismcheckerextra\plag\views.py", line 146, in dashboard
    return render(request, "dashboard.html", context)
  File "C:\Users\HP\AppData\Roaming\Python\Python310\site-packages\django\shortcuts.py", line 25, in render
    content = loader.render_to_string(template_name, context, request, using=using)
  File "C:\Users\HP\AppData\Roaming\Python\Python310\site-packages\django\template\loader.py", line 61, in render_to_string
    template = get_template(template_name, using=using)
  File "C:\Users\HP\AppData\Roaming\Python\Python310\site-packages\django\template\loader.py", line 15, in get_template
    return engine.get_template(template_name)
  File "C:\Users\HP\AppData\Roaming\Python\Python310\site-packages\django\template\backends\django.py", line 79, in get_template
    return Template(self.engine.get_template(template_name), self)
  File "C:\Users\HP\AppData\Roaming\Python\Python310\site-packages\django\template\engine.py", line 177, in get_template
    template, origin = self.find_template(template_name)
  File "C:\Users\HP\AppData\Roaming\Python\Python310\site-packages\django\template\engine.py", line 159, in find_template
    template = loader.get_template(name, skip=skip)
  File "C:\Users\HP\AppData\Roaming\Python\Python310\site-packages\django\template\loaders\cached.py", line 57, in get_template
    template = super().get_template(template_name, skip)
  File "C:\Users\HP\AppData\Roaming\Python\Python310\site-packages\django\template\loaders\base.py", line 28, in get_template
    return Template(
  File "C:\Users\HP\AppData\Roaming\Python\Python310\site-packages\django\template\base.py", line 154, in __init__
    self.nodelist = self.compile_nodelist()
  File "C:\Users\HP\AppData\Roaming\Python\Python310\site-packages\django\template\base.py", line 196, in compile_nodelist
    nodelist = parser.parse()
  File "C:\Users\HP\AppData\Roaming\Python\Python310\site-packages\django\template\base.py", line 519, in parse
    self.extend_nodelist(nodelist, compiled_result, token)
  File "C:\Users\HP\AppData\Roaming\Python\Python310\site-packages\django\template\base.py", line 540, in extend_nodelist
    raise self.error(
django.template.exceptions.TemplateSyntaxError: {% extends user|get_user_layout %} must be the first tag in 'dashboard.html'.

During handling of the above exception, another exception occurred:

Traceback (most recent call last):
  File "C:\Users\HP\AppData\Roaming\Python\Python310\site-packages\django\core\handlers\exception.py", line 55, in inner
    response = get_response(request)
  File "C:\Users\HP\AppData\Roaming\Python\Python310\site-packages\django\core\handlers\base.py", line 197, in _get_response
    response = wrapped_callback(request, *callback_args, **callback_kwargs)
  File "C:\Users\HP\AppData\Roaming\Python\Python310\site-packages\django\contrib\auth\decorators.py", line 59, in _view_wrapper
    return view_func(request, *args, **kwargs)
  File "D:\python\plagiarismcheckerextra\plag\views.py", line 151, in dashboard
    return render(request, "dashboard.html", context)
  File "C:\Users\HP\AppData\Roaming\Python\Python310\site-packages\django\shortcuts.py", line 25, in render
    content = loader.render_to_string(template_name, context, request, using=using)
  File "C:\Users\HP\AppData\Roaming\Python\Python310\site-packages\django\template\loader.py", line 61, in render_to_string
    template = get_template(template_name, using=using)
  File "C:\Users\HP\AppData\Roaming\Python\Python310\site-packages\django\template\loader.py", line 15, in get_template
    return engine.get_template(template_name)
  File "C:\Users\HP\AppData\Roaming\Python\Python310\site-packages\django\template\backends\django.py", line 79, in get_template
    return Template(self.engine.get_template(template_name), self)
  File "C:\Users\HP\AppData\Roaming\Python\Python310\site-packages\django\template\engine.py", line 177, in get_template
    template, origin = self.find_template(template_name)
  File "C:\Users\HP\AppData\Roaming\Python\Python310\site-packages\django\template\engine.py", line 159, in find_template
    template = loader.get_template(name, skip=skip)
  File "C:\Users\HP\AppData\Roaming\Python\Python310\site-packages\django\template\loaders\cached.py", line 57, in get_template
    template = super().get_template(template_name, skip)
  File "C:\Users\HP\AppData\Roaming\Python\Python310\site-packages\django\template\loaders\base.py", line 28, in get_template
    return Template(
  File "C:\Users\HP\AppData\Roaming\Python\Python310\site-packages\django\template\base.py", line 154, in __init__
    self.nodelist = self.compile_nodelist()
  File "C:\Users\HP\AppData\Roaming\Python\Python310\site-packages\django\template\base.py", line 196, in compile_nodelist
    nodelist = parser.parse()
  File "C:\Users\HP\AppData\Roaming\Python\Python310\site-packages\django\template\base.py", line 519, in parse
    self.extend_nodelist(nodelist, compiled_result, token)
  File "C:\Users\HP\AppData\Roaming\Python\Python310\site-packages\django\template\base.py", line 540, in extend_nodelist
    raise self.error(
django.template.exceptions.TemplateSyntaxError: {% extends user|get_user_layout %} must be the first tag in 'dashboard.html'.
"GET /dashboard/ HTTP/1.1" 500 228634
Dashboard error for user 3: {% extends user|get_user_layout %} must be the first tag in 'dashboard.html'.
Unhandled exception: {% extends user|get_user_layout %} must be the first tag in 'dashboard.html'.
Traceback (most recent call last):
  File "D:\python\plagiarismcheckerextra\plag\views.py", line 146, in dashboard
    return render(request, "dashboard.html", context)
  File "C:\Users\HP\AppData\Roaming\Python\Python310\site-packages\django\shortcuts.py", line 25, in render
    content = loader.render_to_string(template_name, context, request, using=using)
  File "C:\Users\HP\AppData\Roaming\Python\Python310\site-packages\django\template\loader.py", line 61, in render_to_string
    template = get_template(template_name, using=using)
  File "C:\Users\HP\AppData\Roaming\Python\Python310\site-packages\django\template\loader.py", line 15, in get_template
    return engine.get_template(template_name)
  File "C:\Users\HP\AppData\Roaming\Python\Python310\site-packages\django\template\backends\django.py", line 79, in get_template
    return Template(self.engine.get_template(template_name), self)
  File "C:\Users\HP\AppData\Roaming\Python\Python310\site-packages\django\template\engine.py", line 177, in get_template
    template, origin = self.find_template(template_name)
  File "C:\Users\HP\AppData\Roaming\Python\Python310\site-packages\django\template\engine.py", line 159, in find_template
    template = loader.get_template(name, skip=skip)
  File "C:\Users\HP\AppData\Roaming\Python\Python310\site-packages\django\template\loaders\cached.py", line 57, in get_template
    template = super().get_template(template_name, skip)
  File "C:\Users\HP\AppData\Roaming\Python\Python310\site-packages\django\template\loaders\base.py", line 28, in get_template
    return Template(
  File "C:\Users\HP\AppData\Roaming\Python\Python310\site-packages\django\template\base.py", line 154, in __init__
    self.nodelist = self.compile_nodelist()
  File "C:\Users\HP\AppData\Roaming\Python\Python310\site-packages\django\template\base.py", line 196, in compile_nodelist
    nodelist = parser.parse()
  File "C:\Users\HP\AppData\Roaming\Python\Python310\site-packages\django\template\base.py", line 519, in parse
    self.extend_nodelist(nodelist, compiled_result, token)
  File "C:\Users\HP\AppData\Roaming\Python\Python310\site-packages\django\template\base.py", line 540, in extend_nodelist
    raise self.error(
django.template.exceptions.TemplateSyntaxError: {% extends user|get_user_layout %} must be the first tag in 'dashboard.html'.

During handling of the above exception, another exception occurred:

Traceback (most recent call last):
  File "C:\Users\HP\AppData\Roaming\Python\Python310\site-packages\django\core\handlers\base.py", line 197, in _get_response
    response = wrapped_callback(request, *callback_args, **callback_kwargs)
  File "C:\Users\HP\AppData\Roaming\Python\Python310\site-packages\django\contrib\auth\decorators.py", line 59, in _view_wrapper
    return view_func(request, *args, **kwargs)
  File "D:\python\plagiarismcheckerextra\plag\views.py", line 151, in dashboard
    return render(request, "dashboard.html", context)
  File "C:\Users\HP\AppData\Roaming\Python\Python310\site-packages\django\shortcuts.py", line 25, in render
    content = loader.render_to_string(template_name, context, request, using=using)
  File "C:\Users\HP\AppData\Roaming\Python\Python310\site-packages\django\template\loader.py", line 61, in render_to_string
    template = get_template(template_name, using=using)
  File "C:\Users\HP\AppData\Roaming\Python\Python310\site-packages\django\template\loader.py", line 15, in get_template
    return engine.get_template(template_name)
  File "C:\Users\HP\AppData\Roaming\Python\Python310\site-packages\django\template\backends\django.py", line 79, in get_template
    return Template(self.engine.get_template(template_name), self)
  File "C:\Users\HP\AppData\Roaming\Python\Python310\site-packages\django\template\engine.py", line 177, in get_template
    template, origin = self.find_template(template_name)
  File "C:\Users\HP\AppData\Roaming\Python\Python310\site-packages\django\template\engine.py", line 159, in find_template
    template = loader.get_template(name, skip=skip)
  File "C:\Users\HP\AppData\Roaming\Python\Python310\site-packages\django\template\loaders\cached.py", line 57, in get_template
    template = super().get_template(template_name, skip)
  File "C:\Users\HP\AppData\Roaming\Python\Python310\site-packages\django\template\loaders\base.py", line 28, in get_template
    return Template(
  File "C:\Users\HP\AppData\Roaming\Python\Python310\site-packages\django\template\base.py", line 154, in __init__
    self.nodelist = self.compile_nodelist()
  File "C:\Users\HP\AppData\Roaming\Python\Python310\site-packages\django\template\base.py", line 196, in compile_nodelist
    nodelist = parser.parse()
  File "C:\Users\HP\AppData\Roaming\Python\Python310\site-packages\django\template\base.py", line 519, in parse
    self.extend_nodelist(nodelist, compiled_result, token)
  File "C:\Users\HP\AppData\Roaming\Python\Python310\site-packages\django\template\base.py", line 540, in extend_nodelist
    raise self.error(
django.template.exceptions.TemplateSyntaxError: {% extends user|get_user_layout %} must be the first tag in 'dashboard.html'.
Internal Server Error: /dashboard/
Traceback (most recent call last):
  File "D:\python\plagiarismcheckerextra\plag\views.py", line 146, in dashboard
    return render(request, "dashboard.html", context)
  File "C:\Users\HP\AppData\Roaming\Python\Python310\site-packages\django\shortcuts.py", line 25, in render
    content = loader.render_to_string(template_name, context, request, using=using)
  File "C:\Users\HP\AppData\Roaming\Python\Python310\site-packages\django\template\loader.py", line 61, in render_to_string
    template = get_template(template_name, using=using)
  File "C:\Users\HP\AppData\Roaming\Python\Python310\site-packages\django\template\loader.py", line 15, in get_template
    return engine.get_template(template_name)
  File "C:\Users\HP\AppData\Roaming\Python\Python310\site-packages\django\template\backends\django.py", line 79, in get_template
    return Template(self.engine.get_template(template_name), self)
  File "C:\Users\HP\AppData\Roaming\Python\Python310\site-packages\django\template\engine.py", line 177, in get_template
    template, origin = self.find_template(template_name)
  File "C:\Users\HP\AppData\Roaming\Python\Python310\site-packages\django\template\engine.py", line 159, in find_template
    template = loader.get_template(name, skip=skip)
  File "C:\Users\HP\AppData\Roaming\Python\Python310\site-packages\django\template\loaders\cached.py", line 57, in get_template
    template = super().get_template(template_name, skip)
  File "C:\Users\HP\AppData\Roaming\Python\Python310\site-packages\django\template\loaders\base.py", line 28, in get_template
    return Template(
  File "C:\Users\HP\AppData\Roaming\Python\Python310\site-packages\django\template\base.py", line 154, in __init__
    self.nodelist = self.compile_nodelist()
  File "C:\Users\HP\AppData\Roaming\Python\Python310\site-packages\django\template\base.py", line 196, in compile_nodelist
    nodelist = parser.parse()
  File "C:\Users\HP\AppData\Roaming\Python\Python310\site-packages\django\template\base.py", line 519, in parse
    self.extend_nodelist(nodelist, compiled_result, token)
  File "C:\Users\HP\AppData\Roaming\Python\Python310\site-packages\django\template\base.py", line 540, in extend_nodelist
    raise self.error(
django.template.exceptions.TemplateSyntaxError: {% extends user|get_user_layout %} must be the first tag in 'dashboard.html'.

During handling of the above exception, another exception occurred:

Traceback (most recent call last):
  File "C:\Users\HP\AppData\Roaming\Python\Python310\site-packages\django\core\handlers\exception.py", line 55, in inner
    response = get_response(request)
  File "C:\Users\HP\AppData\Roaming\Python\Python310\site-packages\django\core\handlers\base.py", line 197, in _get_response
    response = wrapped_callback(request, *callback_args, **callback_kwargs)
  File "C:\Users\HP\AppData\Roaming\Python\Python310\site-packages\django\contrib\auth\decorators.py", line 59, in _view_wrapper
    return view_func(request, *args, **kwargs)
  File "D:\python\plagiarismcheckerextra\plag\views.py", line 151, in dashboard
    return render(request, "dashboard.html", context)
  File "C:\Users\HP\AppData\Roaming\Python\Python310\site-packages\django\shortcuts.py", line 25, in render
    content = loader.render_to_string(template_name, context, request, using=using)
  File "C:\Users\HP\AppData\Roaming\Python\Python310\site-packages\django\template\loader.py", line 61, in render_to_string
    template = get_template(template_name, using=using)
  File "C:\Users\HP\AppData\Roaming\Python\Python310\site-packages\django\template\loader.py", line 15, in get_template
    return engine.get_template(template_name)
  File "C:\Users\HP\AppData\Roaming\Python\Python310\site-packages\django\template\backends\django.py", line 79, in get_template
    return Template(self.engine.get_template(template_name), self)
  File "C:\Users\HP\AppData\Roaming\Python\Python310\site-packages\django\template\engine.py", line 177, in get_template
    template, origin = self.find_template(template_name)
  File "C:\Users\HP\AppData\Roaming\Python\Python310\site-packages\django\template\engine.py", line 159, in find_template
    template = loader.get_template(name, skip=skip)
  File "C:\Users\HP\AppData\Roaming\Python\Python310\site-packages\django\template\loaders\cached.py", line 57, in get_template
    template = super().get_template(template_name, skip)
  File "C:\Users\HP\AppData\Roaming\Python\Python310\site-packages\django\template\loaders\base.py", line 28, in get_template
    return Template(
  File "C:\Users\HP\AppData\Roaming\Python\Python310\site-packages\django\template\base.py", line 154, in __init__
    self.nodelist = self.compile_nodelist()
  File "C:\Users\HP\AppData\Roaming\Python\Python310\site-packages\django\template\base.py", line 196, in compile_nodelist
    nodelist = parser.parse()
  File "C:\Users\HP\AppData\Roaming\Python\Python310\site-packages\django\template\base.py", line 519, in parse
    self.extend_nodelist(nodelist, compiled_result, token)
  File "C:\Users\HP\AppData\Roaming\Python\Python310\site-packages\django\template\base.py", line 540, in extend_nodelist
    raise self.error(
django.template.exceptions.TemplateSyntaxError: {% extends user|get_user_layout %} must be the first tag in 'dashboard.html'.
"GET /dashboard/ HTTP/1.1" 500 228572
Dashboard error for user 3: {% extends user|get_user_layout %} must be the first tag in 'dashboard.html'.
Unhandled exception: {% extends user|get_user_layout %} must be the first tag in 'dashboard.html'.
Traceback (most recent call last):
  File "D:\python\plagiarismcheckerextra\plag\views.py", line 146, in dashboard
    return render(request, "dashboard.html", context)
  File "C:\Users\HP\AppData\Roaming\Python\Python310\site-packages\django\shortcuts.py", line 25, in render
    content = loader.render_to_string(template_name, context, request, using=using)
  File "C:\Users\HP\AppData\Roaming\Python\Python310\site-packages\django\template\loader.py", line 61, in render_to_string
    template = get_template(template_name, using=using)
  File "C:\Users\HP\AppData\Roaming\Python\Python310\site-packages\django\template\loader.py", line 15, in get_template
    return engine.get_template(template_name)
  File "C:\Users\HP\AppData\Roaming\Python\Python310\site-packages\django\template\backends\django.py", line 79, in get_template
    return Template(self.engine.get_template(template_name), self)
  File "C:\Users\HP\AppData\Roaming\Python\Python310\site-packages\django\template\engine.py", line 177, in get_template
    template, origin = self.find_template(template_name)
  File "C:\Users\HP\AppData\Roaming\Python\Python310\site-packages\django\template\engine.py", line 159, in find_template
    template = loader.get_template(name, skip=skip)
  File "C:\Users\HP\AppData\Roaming\Python\Python310\site-packages\django\template\loaders\cached.py", line 57, in get_template
    template = super().get_template(template_name, skip)
  File "C:\Users\HP\AppData\Roaming\Python\Python310\site-packages\django\template\loaders\base.py", line 28, in get_template
    return Template(
  File "C:\Users\HP\AppData\Roaming\Python\Python310\site-packages\django\template\base.py", line 154, in __init__
    self.nodelist = self.compile_nodelist()
  File "C:\Users\HP\AppData\Roaming\Python\Python310\site-packages\django\template\base.py", line 196, in compile_nodelist
    nodelist = parser.parse()
  File "C:\Users\HP\AppData\Roaming\Python\Python310\site-packages\django\template\base.py", line 519, in parse
    self.extend_nodelist(nodelist, compiled_result, token)
  File "C:\Users\HP\AppData\Roaming\Python\Python310\site-packages\django\template\base.py", line 540, in extend_nodelist
    raise self.error(
django.template.exceptions.TemplateSyntaxError: {% extends user|get_user_layout %} must be the first tag in 'dashboard.html'.

During handling of the above exception, another exception occurred:

Traceback (most recent call last):
  File "C:\Users\HP\AppData\Roaming\Python\Python310\site-packages\django\core\handlers\base.py", line 197, in _get_response
    response = wrapped_callback(request, *callback_args, **callback_kwargs)
  File "C:\Users\HP\AppData\Roaming\Python\Python310\site-packages\django\contrib\auth\decorators.py", line 59, in _view_wrapper
    return view_func(request, *args, **kwargs)
  File "D:\python\plagiarismcheckerextra\plag\views.py", line 151, in dashboard
    return render(request, "dashboard.html", context)
  File "C:\Users\HP\AppData\Roaming\Python\Python310\site-packages\django\shortcuts.py", line 25, in render
    content = loader.render_to_string(template_name, context, request, using=using)
  File "C:\Users\HP\AppData\Roaming\Python\Python310\site-packages\django\template\loader.py", line 61, in render_to_string
    template = get_template(template_name, using=using)
  File "C:\Users\HP\AppData\Roaming\Python\Python310\site-packages\django\template\loader.py", line 15, in get_template
    return engine.get_template(template_name)
  File "C:\Users\HP\AppData\Roaming\Python\Python310\site-packages\django\template\backends\django.py", line 79, in get_template
    return Template(self.engine.get_template(template_name), self)
  File "C:\Users\HP\AppData\Roaming\Python\Python310\site-packages\django\template\engine.py", line 177, in get_template
    template, origin = self.find_template(template_name)
  File "C:\Users\HP\AppData\Roaming\Python\Python310\site-packages\django\template\engine.py", line 159, in find_template
    template = loader.get_template(name, skip=skip)
  File "C:\Users\HP\AppData\Roaming\Python\Python310\site-packages\django\template\loaders\cached.py", line 57, in get_template
    template = super().get_template(template_name, skip)
  File "C:\Users\HP\AppData\Roaming\Python\Python310\site-packages\django\template\loaders\base.py", line 28, in get_template
    return Template(
  File "C:\Users\HP\AppData\Roaming\Python\Python310\site-packages\django\template\base.py", line 154, in __init__
    self.nodelist = self.compile_nodelist()
  File "C:\Users\HP\AppData\Roaming\Python\Python310\site-packages\django\template\base.py", line 196, in compile_nodelist
    nodelist = parser.parse()
  File "C:\Users\HP\AppData\Roaming\Python\Python310\site-packages\django\template\base.py", line 519, in parse
    self.extend_nodelist(nodelist, compiled_result, token)
  File "C:\Users\HP\AppData\Roaming\Python\Python310\site-packages\django\template\base.py", line 540, in extend_nodelist
    raise self.error(
django.template.exceptions.TemplateSyntaxError: {% extends user|get_user_layout %} must be the first tag in 'dashboard.html'.
Internal Server Error: /dashboard/
Traceback (most recent call last):
  File "D:\python\plagiarismcheckerextra\plag\views.py", line 146, in dashboard
    return render(request, "dashboard.html", context)
  File "C:\Users\HP\AppData\Roaming\Python\Python310\site-packages\django\shortcuts.py", line 25, in render
    content = loader.render_to_string(template_name, context, request, using=using)
  File "C:\Users\HP\AppData\Roaming\Python\Python310\site-packages\django\template\loader.py", line 61, in render_to_string
    template = get_template(template_name, using=using)
  File "C:\Users\HP\AppData\Roaming\Python\Python310\site-packages\django\template\loader.py", line 15, in get_template
    return engine.get_template(template_name)
  File "C:\Users\HP\AppData\Roaming\Python\Python310\site-packages\django\template\backends\django.py", line 79, in get_template
    return Template(self.engine.get_template(template_name), self)
  File "C:\Users\HP\AppData\Roaming\Python\Python310\site-packages\django\template\engine.py", line 177, in get_template
    template, origin = self.find_template(template_name)
  File "C:\Users\HP\AppData\Roaming\Python\Python310\site-packages\django\template\engine.py", line 159, in find_template
    template = loader.get_template(name, skip=skip)
  File "C:\Users\HP\AppData\Roaming\Python\Python310\site-packages\django\template\loaders\cached.py", line 57, in get_template
    template = super().get_template(template_name, skip)
  File "C:\Users\HP\AppData\Roaming\Python\Python310\site-packages\django\template\loaders\base.py", line 28, in get_template
    return Template(
  File "C:\Users\HP\AppData\Roaming\Python\Python310\site-packages\django\template\base.py", line 154, in __init__
    self.nodelist = self.compile_nodelist()
  File "C:\Users\HP\AppData\Roaming\Python\Python310\site-packages\django\template\base.py", line 196, in compile_nodelist
    nodelist = parser.parse()
  File "C:\Users\HP\AppData\Roaming\Python\Python310\site-packages\django\template\base.py", line 519, in parse
    self.extend_nodelist(nodelist, compiled_result, token)
  File "C:\Users\HP\AppData\Roaming\Python\Python310\site-packages\django\template\base.py", line 540, in extend_nodelist
    raise self.error(
django.template.exceptions.TemplateSyntaxError: {% extends user|get_user_layout %} must be the first tag in 'dashboard.html'.

During handling of the above exception, another exception occurred:

Traceback (most recent call last):
  File "C:\Users\HP\AppData\Roaming\Python\Python310\site-packages\django\core\handlers\exception.py", line 55, in inner
    response = get_response(request)
  File "C:\Users\HP\AppData\Roaming\Python\Python310\site-packages\django\core\handlers\base.py", line 197, in _get_response
    response = wrapped_callback(request, *callback_args, **callback_kwargs)
  File "C:\Users\HP\AppData\Roaming\Python\Python310\site-packages\django\contrib\auth\decorators.py", line 59, in _view_wrapper
    return view_func(request, *args, **kwargs)
  File "D:\python\plagiarismcheckerextra\plag\views.py", line 151, in dashboard
    return render(request, "dashboard.html", context)
  File "C:\Users\HP\AppData\Roaming\Python\Python310\site-packages\django\shortcuts.py", line 25, in render
    content = loader.render_to_string(template_name, context, request, using=using)
  File "C:\Users\HP\AppData\Roaming\Python\Python310\site-packages\django\template\loader.py", line 61, in render_to_string
    template = get_template(template_name, using=using)
  File "C:\Users\HP\AppData\Roaming\Python\Python310\site-packages\django\template\loader.py", line 15, in get_template
    return engine.get_template(template_name)
  File "C:\Users\HP\AppData\Roaming\Python\Python310\site-packages\django\template\backends\django.py", line 79, in get_template
    return Template(self.engine.get_template(template_name), self)
  File "C:\Users\HP\AppData\Roaming\Python\Python310\site-packages\django\template\engine.py", line 177, in get_template
    template, origin = self.find_template(template_name)
  File "C:\Users\HP\AppData\Roaming\Python\Python310\site-packages\django\template\engine.py", line 159, in find_template
    template = loader.get_template(name, skip=skip)
  File "C:\Users\HP\AppData\Roaming\Python\Python310\site-packages\django\template\loaders\cached.py", line 57, in get_template
    template = super().get_template(template_name, skip)
  File "C:\Users\HP\AppData\Roaming\Python\Python310\site-packages\django\template\loaders\base.py", line 28, in get_template
    return Template(
  File "C:\Users\HP\AppData\Roaming\Python\Python310\site-packages\django\template\base.py", line 154, in __init__
    self.nodelist = self.compile_nodelist()
  File "C:\Users\HP\AppData\Roaming\Python\Python310\site-packages\django\template\base.py", line 196, in compile_nodelist
    nodelist = parser.parse()
  File "C:\Users\HP\AppData\Roaming\Python\Python310\site-packages\django\template\base.py", line 519, in parse
    self.extend_nodelist(nodelist, compiled_result, token)
  File "C:\Users\HP\AppData\Roaming\Python\Python310\site-packages\django\template\base.py", line 540, in extend_nodelist
    raise self.error(
django.template.exceptions.TemplateSyntaxError: {% extends user|get_user_layout %} must be the first tag in 'dashboard.html'.
"GET /dashboard/ HTTP/1.1" 500 228896
Dashboard error for user 3: {% extends user|get_user_layout %} must be the first tag in 'dashboard.html'.
Unhandled exception: {% extends user|get_user_layout %} must be the first tag in 'dashboard.html'.
Traceback (most recent call last):
  File "D:\python\plagiarismcheckerextra\plag\views.py", line 146, in dashboard
    return render(request, "dashboard.html", context)
  File "C:\Users\HP\AppData\Roaming\Python\Python310\site-packages\django\shortcuts.py", line 25, in render
    content = loader.render_to_string(template_name, context, request, using=using)
  File "C:\Users\HP\AppData\Roaming\Python\Python310\site-packages\django\template\loader.py", line 61, in render_to_string
    template = get_template(template_name, using=using)
  File "C:\Users\HP\AppData\Roaming\Python\Python310\site-packages\django\template\loader.py", line 15, in get_template
    return engine.get_template(template_name)
  File "C:\Users\HP\AppData\Roaming\Python\Python310\site-packages\django\template\backends\django.py", line 79, in get_template
    return Template(self.engine.get_template(template_name), self)
  File "C:\Users\HP\AppData\Roaming\Python\Python310\site-packages\django\template\engine.py", line 177, in get_template
    template, origin = self.find_template(template_name)
  File "C:\Users\HP\AppData\Roaming\Python\Python310\site-packages\django\template\engine.py", line 159, in find_template
    template = loader.get_template(name, skip=skip)
  File "C:\Users\HP\AppData\Roaming\Python\Python310\site-packages\django\template\loaders\cached.py", line 57, in get_template
    template = super().get_template(template_name, skip)
  File "C:\Users\HP\AppData\Roaming\Python\Python310\site-packages\django\template\loaders\base.py", line 28, in get_template
    return Template(
  File "C:\Users\HP\AppData\Roaming\Python\Python310\site-packages\django\template\base.py", line 154, in __init__
    self.nodelist = self.compile_nodelist()
  File "C:\Users\HP\AppData\Roaming\Python\Python310\site-packages\django\template\base.py", line 196, in compile_nodelist
    nodelist = parser.parse()
  File "C:\Users\HP\AppData\Roaming\Python\Python310\site-packages\django\template\base.py", line 519, in parse
    self.extend_nodelist(nodelist, compiled_result, token)
  File "C:\Users\HP\AppData\Roaming\Python\Python310\site-packages\django\template\base.py", line 540, in extend_nodelist
    raise self.error(
django.template.exceptions.TemplateSyntaxError: {% extends user|get_user_layout %} must be the first tag in 'dashboard.html'.

During handling of the above exception, another exception occurred:

Traceback (most recent call last):
  File "C:\Users\HP\AppData\Roaming\Python\Python310\site-packages\django\core\handlers\base.py", line 197, in _get_response
    response = wrapped_callback(request, *callback_args, **callback_kwargs)
  File "C:\Users\HP\AppData\Roaming\Python\Python310\site-packages\django\contrib\auth\decorators.py", line 59, in _view_wrapper
    return view_func(request, *args, **kwargs)
  File "D:\python\plagiarismcheckerextra\plag\views.py", line 151, in dashboard
    return render(request, "dashboard.html", context)
  File "C:\Users\HP\AppData\Roaming\Python\Python310\site-packages\django\shortcuts.py", line 25, in render
    content = loader.render_to_string(template_name, context, request, using=using)
  File "C:\Users\HP\AppData\Roaming\Python\Python310\site-packages\django\template\loader.py", line 61, in render_to_string
    template = get_template(template_name, using=using)
  File "C:\Users\HP\AppData\Roaming\Python\Python310\site-packages\django\template\loader.py", line 15, in get_template
    return engine.get_template(template_name)
  File "C:\Users\HP\AppData\Roaming\Python\Python310\site-packages\django\template\backends\django.py", line 79, in get_template
    return Template(self.engine.get_template(template_name), self)
  File "C:\Users\HP\AppData\Roaming\Python\Python310\site-packages\django\template\engine.py", line 177, in get_template
    template, origin = self.find_template(template_name)
  File "C:\Users\HP\AppData\Roaming\Python\Python310\site-packages\django\template\engine.py", line 159, in find_template
    template = loader.get_template(name, skip=skip)
  File "C:\Users\HP\AppData\Roaming\Python\Python310\site-packages\django\template\loaders\cached.py", line 57, in get_template
    template = super().get_template(template_name, skip)
  File "C:\Users\HP\AppData\Roaming\Python\Python310\site-packages\django\template\loaders\base.py", line 28, in get_template
    return Template(
  File "C:\Users\HP\AppData\Roaming\Python\Python310\site-packages\django\template\base.py", line 154, in __init__
    self.nodelist = self.compile_nodelist()
  File "C:\Users\HP\AppData\Roaming\Python\Python310\site-packages\django\template\base.py", line 196, in compile_nodelist
    nodelist = parser.parse()
  File "C:\Users\HP\AppData\Roaming\Python\Python310\site-packages\django\template\base.py", line 519, in parse
    self.extend_nodelist(nodelist, compiled_result, token)
  File "C:\Users\HP\AppData\Roaming\Python\Python310\site-packages\django\template\base.py", line 540, in extend_nodelist
    raise self.error(
django.template.exceptions.TemplateSyntaxError: {% extends user|get_user_layout %} must be the first tag in 'dashboard.html'.
Internal Server Error: /dashboard/
Traceback (most recent call last):
  File "D:\python\plagiarismcheckerextra\plag\views.py", line 146, in dashboard
    return render(request, "dashboard.html", context)
  File "C:\Users\HP\AppData\Roaming\Python\Python310\site-packages\django\shortcuts.py", line 25, in render
    content = loader.render_to_string(template_name, context, request, using=using)
  File "C:\Users\HP\AppData\Roaming\Python\Python310\site-packages\django\template\loader.py", line 61, in render_to_string
    template = get_template(template_name, using=using)
  File "C:\Users\HP\AppData\Roaming\Python\Python310\site-packages\django\template\loader.py", line 15, in get_template
    return engine.get_template(template_name)
  File "C:\Users\HP\AppData\Roaming\Python\Python310\site-packages\django\template\backends\django.py", line 79, in get_template
    return Template(self.engine.get_template(template_name), self)
  File "C:\Users\HP\AppData\Roaming\Python\Python310\site-packages\django\template\engine.py", line 177, in get_template
    template, origin = self.find_template(template_name)
  File "C:\Users\HP\AppData\Roaming\Python\Python310\site-packages\django\template\engine.py", line 159, in find_template
    template = loader.get_template(name, skip=skip)
  File "C:\Users\HP\AppData\Roaming\Python\Python310\site-packages\django\template\loaders\cached.py", line 57, in get_template
    template = super().get_template(template_name, skip)
  File "C:\Users\HP\AppData\Roaming\Python\Python310\site-packages\django\template\loaders\base.py", line 28, in get_template
    return Template(
  File "C:\Users\HP\AppData\Roaming\Python\Python310\site-packages\django\template\base.py", line 154, in __init__
    self.nodelist = self.compile_nodelist()
  File "C:\Users\HP\AppData\Roaming\Python\Python310\site-packages\django\template\base.py", line 196, in compile_nodelist
    nodelist = parser.parse()
  File "C:\Users\HP\AppData\Roaming\Python\Python310\site-packages\django\template\base.py", line 519, in parse
    self.extend_nodelist(nodelist, compiled_result, token)
  File "C:\Users\HP\AppData\Roaming\Python\Python310\site-packages\django\template\base.py", line 540, in extend_nodelist
    raise self.error(
django.template.exceptions.TemplateSyntaxError: {% extends user|get_user_layout %} must be the first tag in 'dashboard.html'.

During handling of the above exception, another exception occurred:

Traceback (most recent call last):
  File "C:\Users\HP\AppData\Roaming\Python\Python310\site-packages\django\core\handlers\exception.py", line 55, in inner
    response = get_response(request)
  File "C:\Users\HP\AppData\Roaming\Python\Python310\site-packages\django\core\handlers\base.py", line 197, in _get_response
    response = wrapped_callback(request, *callback_args, **callback_kwargs)
  File "C:\Users\HP\AppData\Roaming\Python\Python310\site-packages\django\contrib\auth\decorators.py", line 59, in _view_wrapper
    return view_func(request, *args, **kwargs)
  File "D:\python\plagiarismcheckerextra\plag\views.py", line 151, in dashboard
    return render(request, "dashboard.html", context)
  File "C:\Users\HP\AppData\Roaming\Python\Python310\site-packages\django\shortcuts.py", line 25, in render
    content = loader.render_to_string(template_name, context, request, using=using)
  File "C:\Users\HP\AppData\Roaming\Python\Python310\site-packages\django\template\loader.py", line 61, in render_to_string
    template = get_template(template_name, using=using)
  File "C:\Users\HP\AppData\Roaming\Python\Python310\site-packages\django\template\loader.py", line 15, in get_template
    return engine.get_template(template_name)
  File "C:\Users\HP\AppData\Roaming\Python\Python310\site-packages\django\template\backends\django.py", line 79, in get_template
    return Template(self.engine.get_template(template_name), self)
  File "C:\Users\HP\AppData\Roaming\Python\Python310\site-packages\django\template\engine.py", line 177, in get_template
    template, origin = self.find_template(template_name)
  File "C:\Users\HP\AppData\Roaming\Python\Python310\site-packages\django\template\engine.py", line 159, in find_template
    template = loader.get_template(name, skip=skip)
  File "C:\Users\HP\AppData\Roaming\Python\Python310\site-packages\django\template\loaders\cached.py", line 57, in get_template
    template = super().get_template(template_name, skip)
  File "C:\Users\HP\AppData\Roaming\Python\Python310\site-packages\django\template\loaders\base.py", line 28, in get_template
    return Template(
  File "C:\Users\HP\AppData\Roaming\Python\Python310\site-packages\django\template\base.py", line 154, in __init__
    self.nodelist = self.compile_nodelist()
  File "C:\Users\HP\AppData\Roaming\Python\Python310\site-packages\django\template\base.py", line 196, in compile_nodelist
    nodelist = parser.parse()
  File "C:\Users\HP\AppData\Roaming\Python\Python310\site-packages\django\template\base.py", line 519, in parse
    self.extend_nodelist(nodelist, compiled_result, token)
  File "C:\Users\HP\AppData\Roaming\Python\Python310\site-packages\django\template\base.py", line 540, in extend_nodelist
    raise self.error(
django.template.exceptions.TemplateSyntaxError: {% extends user|get_user_layout %} must be the first tag in 'dashboard.html'.
"GET /dashboard/ HTTP/1.1" 500 228896
Dashboard error for user 3: {% extends user|get_user_layout %} must be the first tag in 'dashboard.html'.
Unhandled exception: {% extends user|get_user_layout %} must be the first tag in 'dashboard.html'.
Traceback (most recent call last):
  File "D:\python\plagiarismcheckerextra\plag\views.py", line 146, in dashboard
    return render(request, "dashboard.html", context)
  File "C:\Users\HP\AppData\Roaming\Python\Python310\site-packages\django\shortcuts.py", line 25, in render
    content = loader.render_to_string(template_name, context, request, using=using)
  File "C:\Users\HP\AppData\Roaming\Python\Python310\site-packages\django\template\loader.py", line 61, in render_to_string
    template = get_template(template_name, using=using)
  File "C:\Users\HP\AppData\Roaming\Python\Python310\site-packages\django\template\loader.py", line 15, in get_template
    return engine.get_template(template_name)
  File "C:\Users\HP\AppData\Roaming\Python\Python310\site-packages\django\template\backends\django.py", line 79, in get_template
    return Template(self.engine.get_template(template_name), self)
  File "C:\Users\HP\AppData\Roaming\Python\Python310\site-packages\django\template\engine.py", line 177, in get_template
    template, origin = self.find_template(template_name)
  File "C:\Users\HP\AppData\Roaming\Python\Python310\site-packages\django\template\engine.py", line 159, in find_template
    template = loader.get_template(name, skip=skip)
  File "C:\Users\HP\AppData\Roaming\Python\Python310\site-packages\django\template\loaders\cached.py", line 57, in get_template
    template = super().get_template(template_name, skip)
  File "C:\Users\HP\AppData\Roaming\Python\Python310\site-packages\django\template\loaders\base.py", line 28, in get_template
    return Template(
  File "C:\Users\HP\AppData\Roaming\Python\Python310\site-packages\django\template\base.py", line 154, in __init__
    self.nodelist = self.compile_nodelist()
  File "C:\Users\HP\AppData\Roaming\Python\Python310\site-packages\django\template\base.py", line 196, in compile_nodelist
    nodelist = parser.parse()
  File "C:\Users\HP\AppData\Roaming\Python\Python310\site-packages\django\template\base.py", line 519, in parse
    self.extend_nodelist(nodelist, compiled_result, token)
  File "C:\Users\HP\AppData\Roaming\Python\Python310\site-packages\django\template\base.py", line 540, in extend_nodelist
    raise self.error(
django.template.exceptions.TemplateSyntaxError: {% extends user|get_user_layout %} must be the first tag in 'dashboard.html'.

During handling of the above exception, another exception occurred:

Traceback (most recent call last):
  File "C:\Users\HP\AppData\Roaming\Python\Python310\site-packages\django\core\handlers\base.py", line 197, in _get_response
    response = wrapped_callback(request, *callback_args, **callback_kwargs)
  File "C:\Users\HP\AppData\Roaming\Python\Python310\site-packages\django\contrib\auth\decorators.py", line 59, in _view_wrapper
    return view_func(request, *args, **kwargs)
  File "D:\python\plagiarismcheckerextra\plag\views.py", line 151, in dashboard
    return render(request, "dashboard.html", context)
  File "C:\Users\HP\AppData\Roaming\Python\Python310\site-packages\django\shortcuts.py", line 25, in render
    content = loader.render_to_string(template_name, context, request, using=using)
  File "C:\Users\HP\AppData\Roaming\Python\Python310\site-packages\django\template\loader.py", line 61, in render_to_string
    template = get_template(template_name, using=using)
  File "C:\Users\HP\AppData\Roaming\Python\Python310\site-packages\django\template\loader.py", line 15, in get_template
    return engine.get_template(template_name)
  File "C:\Users\HP\AppData\Roaming\Python\Python310\site-packages\django\template\backends\django.py", line 79, in get_template
    return Template(self.engine.get_template(template_name), self)
  File "C:\Users\HP\AppData\Roaming\Python\Python310\site-packages\django\template\engine.py", line 177, in get_template
    template, origin = self.find_template(template_name)
  File "C:\Users\HP\AppData\Roaming\Python\Python310\site-packages\django\template\engine.py", line 159, in find_template
    template = loader.get_template(name, skip=skip)
  File "C:\Users\HP\AppData\Roaming\Python\Python310\site-packages\django\template\loaders\cached.py", line 57, in get_template
    template = super().get_template(template_name, skip)
  File "C:\Users\HP\AppData\Roaming\Python\Python310\site-packages\django\template\loaders\base.py", line 28, in get_template
    return Template(
  File "C:\Users\HP\AppData\Roaming\Python\Python310\site-packages\django\template\base.py", line 154, in __init__
    self.nodelist = self.compile_nodelist()
  File "C:\Users\HP\AppData\Roaming\Python\Python310\site-packages\django\template\base.py", line 196, in compile_nodelist
    nodelist = parser.parse()
  File "C:\Users\HP\AppData\Roaming\Python\Python310\site-packages\django\template\base.py", line 519, in parse
    self.extend_nodelist(nodelist, compiled_result, token)
  File "C:\Users\HP\AppData\Roaming\Python\Python310\site-packages\django\template\base.py", line 540, in extend_nodelist
    raise self.error(
django.template.exceptions.TemplateSyntaxError: {% extends user|get_user_layout %} must be the first tag in 'dashboard.html'.
Internal Server Error: /dashboard/
Traceback (most recent call last):
  File "D:\python\plagiarismcheckerextra\plag\views.py", line 146, in dashboard
    return render(request, "dashboard.html", context)
  File "C:\Users\HP\AppData\Roaming\Python\Python310\site-packages\django\shortcuts.py", line 25, in render
    content = loader.render_to_string(template_name, context, request, using=using)
  File "C:\Users\HP\AppData\Roaming\Python\Python310\site-packages\django\template\loader.py", line 61, in render_to_string
    template = get_template(template_name, using=using)
  File "C:\Users\HP\AppData\Roaming\Python\Python310\site-packages\django\template\loader.py", line 15, in get_template
    return engine.get_template(template_name)
  File "C:\Users\HP\AppData\Roaming\Python\Python310\site-packages\django\template\backends\django.py", line 79, in get_template
    return Template(self.engine.get_template(template_name), self)
  File "C:\Users\HP\AppData\Roaming\Python\Python310\site-packages\django\template\engine.py", line 177, in get_template
    template, origin = self.find_template(template_name)
  File "C:\Users\HP\AppData\Roaming\Python\Python310\site-packages\django\template\engine.py", line 159, in find_template
    template = loader.get_template(name, skip=skip)
  File "C:\Users\HP\AppData\Roaming\Python\Python310\site-packages\django\template\loaders\cached.py", line 57, in get_template
    template = super().get_template(template_name, skip)
  File "C:\Users\HP\AppData\Roaming\Python\Python310\site-packages\django\template\loaders\base.py", line 28, in get_template
    return Template(
  File "C:\Users\HP\AppData\Roaming\Python\Python310\site-packages\django\template\base.py", line 154, in __init__
    self.nodelist = self.compile_nodelist()
  File "C:\Users\HP\AppData\Roaming\Python\Python310\site-packages\django\template\base.py", line 196, in compile_nodelist
    nodelist = parser.parse()
  File "C:\Users\HP\AppData\Roaming\Python\Python310\site-packages\django\template\base.py", line 519, in parse
    self.extend_nodelist(nodelist, compiled_result, token)
  File "C:\Users\HP\AppData\Roaming\Python\Python310\site-packages\django\template\base.py", line 540, in extend_nodelist
    raise self.error(
django.template.exceptions.TemplateSyntaxError: {% extends user|get_user_layout %} must be the first tag in 'dashboard.html'.

During handling of the above exception, another exception occurred:

Traceback (most recent call last):
  File "C:\Users\HP\AppData\Roaming\Python\Python310\site-packages\django\core\handlers\exception.py", line 55, in inner
    response = get_response(request)
  File "C:\Users\HP\AppData\Roaming\Python\Python310\site-packages\django\core\handlers\base.py", line 197, in _get_response
    response = wrapped_callback(request, *callback_args, **callback_kwargs)
  File "C:\Users\HP\AppData\Roaming\Python\Python310\site-packages\django\contrib\auth\decorators.py", line 59, in _view_wrapper
    return view_func(request, *args, **kwargs)
  File "D:\python\plagiarismcheckerextra\plag\views.py", line 151, in dashboard
    return render(request, "dashboard.html", context)
  File "C:\Users\HP\AppData\Roaming\Python\Python310\site-packages\django\shortcuts.py", line 25, in render
    content = loader.render_to_string(template_name, context, request, using=using)
  File "C:\Users\HP\AppData\Roaming\Python\Python310\site-packages\django\template\loader.py", line 61, in render_to_string
    template = get_template(template_name, using=using)
  File "C:\Users\HP\AppData\Roaming\Python\Python310\site-packages\django\template\loader.py", line 15, in get_template
    return engine.get_template(template_name)
  File "C:\Users\HP\AppData\Roaming\Python\Python310\site-packages\django\template\backends\django.py", line 79, in get_template
    return Template(self.engine.get_template(template_name), self)
  File "C:\Users\HP\AppData\Roaming\Python\Python310\site-packages\django\template\engine.py", line 177, in get_template
    template, origin = self.find_template(template_name)
  File "C:\Users\HP\AppData\Roaming\Python\Python310\site-packages\django\template\engine.py", line 159, in find_template
    template = loader.get_template(name, skip=skip)
  File "C:\Users\HP\AppData\Roaming\Python\Python310\site-packages\django\template\loaders\cached.py", line 57, in get_template
    template = super().get_template(template_name, skip)
  File "C:\Users\HP\AppData\Roaming\Python\Python310\site-packages\django\template\loaders\base.py", line 28, in get_template
    return Template(
  File "C:\Users\HP\AppData\Roaming\Python\Python310\site-packages\django\template\base.py", line 154, in __init__
    self.nodelist = self.compile_nodelist()
  File "C:\Users\HP\AppData\Roaming\Python\Python310\site-packages\django\template\base.py", line 196, in compile_nodelist
    nodelist = parser.parse()
  File "C:\Users\HP\AppData\Roaming\Python\Python310\site-packages\django\template\base.py", line 519, in parse
    self.extend_nodelist(nodelist, compiled_result, token)
  File "C:\Users\HP\AppData\Roaming\Python\Python310\site-packages\django\template\base.py", line 540, in extend_nodelist
    raise self.error(
django.template.exceptions.TemplateSyntaxError: {% extends user|get_user_layout %} must be the first tag in 'dashboard.html'.
"GET /dashboard/ HTTP/1.1" 500 228602
Dashboard error for user 3: {% extends user|get_user_layout %} must be the first tag in 'dashboard.html'.
Unhandled exception: {% extends user|get_user_layout %} must be the first tag in 'dashboard.html'.
Traceback (most recent call last):
  File "D:\python\plagiarismcheckerextra\plag\views.py", line 146, in dashboard
    return render(request, "dashboard.html", context)
  File "C:\Users\HP\AppData\Roaming\Python\Python310\site-packages\django\shortcuts.py", line 25, in render
    content = loader.render_to_string(template_name, context, request, using=using)
  File "C:\Users\HP\AppData\Roaming\Python\Python310\site-packages\django\template\loader.py", line 61, in render_to_string
    template = get_template(template_name, using=using)
  File "C:\Users\HP\AppData\Roaming\Python\Python310\site-packages\django\template\loader.py", line 15, in get_template
    return engine.get_template(template_name)
  File "C:\Users\HP\AppData\Roaming\Python\Python310\site-packages\django\template\backends\django.py", line 79, in get_template
    return Template(self.engine.get_template(template_name), self)
  File "C:\Users\HP\AppData\Roaming\Python\Python310\site-packages\django\template\engine.py", line 177, in get_template
    template, origin = self.find_template(template_name)
  File "C:\Users\HP\AppData\Roaming\Python\Python310\site-packages\django\template\engine.py", line 159, in find_template
    template = loader.get_template(name, skip=skip)
  File "C:\Users\HP\AppData\Roaming\Python\Python310\site-packages\django\template\loaders\cached.py", line 57, in get_template
    template = super().get_template(template_name, skip)
  File "C:\Users\HP\AppData\Roaming\Python\Python310\site-packages\django\template\loaders\base.py", line 28, in get_template
    return Template(
  File "C:\Users\HP\AppData\Roaming\Python\Python310\site-packages\django\template\base.py", line 154, in __init__
    self.nodelist = self.compile_nodelist()
  File "C:\Users\HP\AppData\Roaming\Python\Python310\site-packages\django\template\base.py", line 196, in compile_nodelist
    nodelist = parser.parse()
  File "C:\Users\HP\AppData\Roaming\Python\Python310\site-packages\django\template\base.py", line 519, in parse
    self.extend_nodelist(nodelist, compiled_result, token)
  File "C:\Users\HP\AppData\Roaming\Python\Python310\site-packages\django\template\base.py", line 540, in extend_nodelist
    raise self.error(
django.template.exceptions.TemplateSyntaxError: {% extends user|get_user_layout %} must be the first tag in 'dashboard.html'.

During handling of the above exception, another exception occurred:

Traceback (most recent call last):
  File "C:\Users\HP\AppData\Roaming\Python\Python310\site-packages\django\core\handlers\base.py", line 197, in _get_response
    response = wrapped_callback(request, *callback_args, **callback_kwargs)
  File "C:\Users\HP\AppData\Roaming\Python\Python310\site-packages\django\contrib\auth\decorators.py", line 59, in _view_wrapper
    return view_func(request, *args, **kwargs)
  File "D:\python\plagiarismcheckerextra\plag\views.py", line 151, in dashboard
    return render(request, "dashboard.html", context)
  File "C:\Users\HP\AppData\Roaming\Python\Python310\site-packages\django\shortcuts.py", line 25, in render
    content = loader.render_to_string(template_name, context, request, using=using)
  File "C:\Users\HP\AppData\Roaming\Python\Python310\site-packages\django\template\loader.py", line 61, in render_to_string
    template = get_template(template_name, using=using)
  File "C:\Users\HP\AppData\Roaming\Python\Python310\site-packages\django\template\loader.py", line 15, in get_template
    return engine.get_template(template_name)
  File "C:\Users\HP\AppData\Roaming\Python\Python310\site-packages\django\template\backends\django.py", line 79, in get_template
    return Template(self.engine.get_template(template_name), self)
  File "C:\Users\HP\AppData\Roaming\Python\Python310\site-packages\django\template\engine.py", line 177, in get_template
    template, origin = self.find_template(template_name)
  File "C:\Users\HP\AppData\Roaming\Python\Python310\site-packages\django\template\engine.py", line 159, in find_template
    template = loader.get_template(name, skip=skip)
  File "C:\Users\HP\AppData\Roaming\Python\Python310\site-packages\django\template\loaders\cached.py", line 57, in get_template
    template = super().get_template(template_name, skip)
  File "C:\Users\HP\AppData\Roaming\Python\Python310\site-packages\django\template\loaders\base.py", line 28, in get_template
    return Template(
  File "C:\Users\HP\AppData\Roaming\Python\Python310\site-packages\django\template\base.py", line 154, in __init__
    self.nodelist = self.compile_nodelist()
  File "C:\Users\HP\AppData\Roaming\Python\Python310\site-packages\django\template\base.py", line 196, in compile_nodelist
    nodelist = parser.parse()
  File "C:\Users\HP\AppData\Roaming\Python\Python310\site-packages\django\template\base.py", line 519, in parse
    self.extend_nodelist(nodelist, compiled_result, token)
  File "C:\Users\HP\AppData\Roaming\Python\Python310\site-packages\django\template\base.py", line 540, in extend_nodelist
    raise self.error(
django.template.exceptions.TemplateSyntaxError: {% extends user|get_user_layout %} must be the first tag in 'dashboard.html'.
Internal Server Error: /dashboard/
Traceback (most recent call last):
  File "D:\python\plagiarismcheckerextra\plag\views.py", line 146, in dashboard
    return render(request, "dashboard.html", context)
  File "C:\Users\HP\AppData\Roaming\Python\Python310\site-packages\django\shortcuts.py", line 25, in render
    content = loader.render_to_string(template_name, context, request, using=using)
  File "C:\Users\HP\AppData\Roaming\Python\Python310\site-packages\django\template\loader.py", line 61, in render_to_string
    template = get_template(template_name, using=using)
  File "C:\Users\HP\AppData\Roaming\Python\Python310\site-packages\django\template\loader.py", line 15, in get_template
    return engine.get_template(template_name)
  File "C:\Users\HP\AppData\Roaming\Python\Python310\site-packages\django\template\backends\django.py", line 79, in get_template
    return Template(self.engine.get_template(template_name), self)
  File "C:\Users\HP\AppData\Roaming\Python\Python310\site-packages\django\template\engine.py", line 177, in get_template
    template, origin = self.find_template(template_name)
  File "C:\Users\HP\AppData\Roaming\Python\Python310\site-packages\django\template\engine.py", line 159, in find_template
    template = loader.get_template(name, skip=skip)
  File "C:\Users\HP\AppData\Roaming\Python\Python310\site-packages\django\template\loaders\cached.py", line 57, in get_template
    template = super().get_template(template_name, skip)
  File "C:\Users\HP\AppData\Roaming\Python\Python310\site-packages\django\template\loaders\base.py", line 28, in get_template
    return Template(
  File "C:\Users\HP\AppData\Roaming\Python\Python310\site-packages\django\template\base.py", line 154, in __init__
    self.nodelist = self.compile_nodelist()
  File "C:\Users\HP\AppData\Roaming\Python\Python310\site-packages\django\template\base.py", line 196, in compile_nodelist
    nodelist = parser.parse()
  File "C:\Users\HP\AppData\Roaming\Python\Python310\site-packages\django\template\base.py", line 519, in parse
    self.extend_nodelist(nodelist, compiled_result, token)
  File "C:\Users\HP\AppData\Roaming\Python\Python310\site-packages\django\template\base.py", line 540, in extend_nodelist
    raise self.error(
django.template.exceptions.TemplateSyntaxError: {% extends user|get_user_layout %} must be the first tag in 'dashboard.html'.

During handling of the above exception, another exception occurred:

Traceback (most recent call last):
  File "C:\Users\HP\AppData\Roaming\Python\Python310\site-packages\django\core\handlers\exception.py", line 55, in inner
    response = get_response(request)
  File "C:\Users\HP\AppData\Roaming\Python\Python310\site-packages\django\core\handlers\base.py", line 197, in _get_response
    response = wrapped_callback(request, *callback_args, **callback_kwargs)
  File "C:\Users\HP\AppData\Roaming\Python\Python310\site-packages\django\contrib\auth\decorators.py", line 59, in _view_wrapper
    return view_func(request, *args, **kwargs)
  File "D:\python\plagiarismcheckerextra\plag\views.py", line 151, in dashboard
    return render(request, "dashboard.html", context)
  File "C:\Users\HP\AppData\Roaming\Python\Python310\site-packages\django\shortcuts.py", line 25, in render
    content = loader.render_to_string(template_name, context, request, using=using)
  File "C:\Users\HP\AppData\Roaming\Python\Python310\site-packages\django\template\loader.py", line 61, in render_to_string
    template = get_template(template_name, using=using)
  File "C:\Users\HP\AppData\Roaming\Python\Python310\site-packages\django\template\loader.py", line 15, in get_template
    return engine.get_template(template_name)
  File "C:\Users\HP\AppData\Roaming\Python\Python310\site-packages\django\template\backends\django.py", line 79, in get_template
    return Template(self.engine.get_template(template_name), self)
  File "C:\Users\HP\AppData\Roaming\Python\Python310\site-packages\django\template\engine.py", line 177, in get_template
    template, origin = self.find_template(template_name)
  File "C:\Users\HP\AppData\Roaming\Python\Python310\site-packages\django\template\engine.py", line 159, in find_template
    template = loader.get_template(name, skip=skip)
  File "C:\Users\HP\AppData\Roaming\Python\Python310\site-packages\django\template\loaders\cached.py", line 57, in get_template
    template = super().get_template(template_name, skip)
  File "C:\Users\HP\AppData\Roaming\Python\Python310\site-packages\django\template\loaders\base.py", line 28, in get_template
    return Template(
  File "C:\Users\HP\AppData\Roaming\Python\Python310\site-packages\django\template\base.py", line 154, in __init__
    self.nodelist = self.compile_nodelist()
  File "C:\Users\HP\AppData\Roaming\Python\Python310\site-packages\django\template\base.py", line 196, in compile_nodelist
    nodelist = parser.parse()
  File "C:\Users\HP\AppData\Roaming\Python\Python310\site-packages\django\template\base.py", line 519, in parse
    self.extend_nodelist(nodelist, compiled_result, token)
  File "C:\Users\HP\AppData\Roaming\Python\Python310\site-packages\django\template\base.py", line 540, in extend_nodelist
    raise self.error(
django.template.exceptions.TemplateSyntaxError: {% extends user|get_user_layout %} must be the first tag in 'dashboard.html'.
"GET /dashboard/ HTTP/1.1" 500 228739
Dashboard error for user 3: {% extends user|get_user_layout %} must be the first tag in 'dashboard.html'.
Unhandled exception: {% extends user|get_user_layout %} must be the first tag in 'dashboard.html'.
Traceback (most recent call last):
  File "D:\python\plagiarismcheckerextra\plag\views.py", line 146, in dashboard
    return render(request, "dashboard.html", context)
  File "C:\Users\HP\AppData\Roaming\Python\Python310\site-packages\django\shortcuts.py", line 25, in render
    content = loader.render_to_string(template_name, context, request, using=using)
  File "C:\Users\HP\AppData\Roaming\Python\Python310\site-packages\django\template\loader.py", line 61, in render_to_string
    template = get_template(template_name, using=using)
  File "C:\Users\HP\AppData\Roaming\Python\Python310\site-packages\django\template\loader.py", line 15, in get_template
    return engine.get_template(template_name)
  File "C:\Users\HP\AppData\Roaming\Python\Python310\site-packages\django\template\backends\django.py", line 79, in get_template
    return Template(self.engine.get_template(template_name), self)
  File "C:\Users\HP\AppData\Roaming\Python\Python310\site-packages\django\template\engine.py", line 177, in get_template
    template, origin = self.find_template(template_name)
  File "C:\Users\HP\AppData\Roaming\Python\Python310\site-packages\django\template\engine.py", line 159, in find_template
    template = loader.get_template(name, skip=skip)
  File "C:\Users\HP\AppData\Roaming\Python\Python310\site-packages\django\template\loaders\cached.py", line 57, in get_template
    template = super().get_template(template_name, skip)
  File "C:\Users\HP\AppData\Roaming\Python\Python310\site-packages\django\template\loaders\base.py", line 28, in get_template
    return Template(
  File "C:\Users\HP\AppData\Roaming\Python\Python310\site-packages\django\template\base.py", line 154, in __init__
    self.nodelist = self.compile_nodelist()
  File "C:\Users\HP\AppData\Roaming\Python\Python310\site-packages\django\template\base.py", line 196, in compile_nodelist
    nodelist = parser.parse()
  File "C:\Users\HP\AppData\Roaming\Python\Python310\site-packages\django\template\base.py", line 519, in parse
    self.extend_nodelist(nodelist, compiled_result, token)
  File "C:\Users\HP\AppData\Roaming\Python\Python310\site-packages\django\template\base.py", line 540, in extend_nodelist
    raise self.error(
django.template.exceptions.TemplateSyntaxError: {% extends user|get_user_layout %} must be the first tag in 'dashboard.html'.

During handling of the above exception, another exception occurred:

Traceback (most recent call last):
  File "C:\Users\HP\AppData\Roaming\Python\Python310\site-packages\django\core\handlers\base.py", line 197, in _get_response
    response = wrapped_callback(request, *callback_args, **callback_kwargs)
  File "C:\Users\HP\AppData\Roaming\Python\Python310\site-packages\django\contrib\auth\decorators.py", line 59, in _view_wrapper
    return view_func(request, *args, **kwargs)
  File "D:\python\plagiarismcheckerextra\plag\views.py", line 151, in dashboard
    return render(request, "dashboard.html", context)
  File "C:\Users\HP\AppData\Roaming\Python\Python310\site-packages\django\shortcuts.py", line 25, in render
    content = loader.render_to_string(template_name, context, request, using=using)
  File "C:\Users\HP\AppData\Roaming\Python\Python310\site-packages\django\template\loader.py", line 61, in render_to_string
    template = get_template(template_name, using=using)
  File "C:\Users\HP\AppData\Roaming\Python\Python310\site-packages\django\template\loader.py", line 15, in get_template
    return engine.get_template(template_name)
  File "C:\Users\HP\AppData\Roaming\Python\Python310\site-packages\django\template\backends\django.py", line 79, in get_template
    return Template(self.engine.get_template(template_name), self)
  File "C:\Users\HP\AppData\Roaming\Python\Python310\site-packages\django\template\engine.py", line 177, in get_template
    template, origin = self.find_template(template_name)
  File "C:\Users\HP\AppData\Roaming\Python\Python310\site-packages\django\template\engine.py", line 159, in find_template
    template = loader.get_template(name, skip=skip)
  File "C:\Users\HP\AppData\Roaming\Python\Python310\site-packages\django\template\loaders\cached.py", line 57, in get_template
    template = super().get_template(template_name, skip)
  File "C:\Users\HP\AppData\Roaming\Python\Python310\site-packages\django\template\loaders\base.py", line 28, in get_template
    return Template(
  File "C:\Users\HP\AppData\Roaming\Python\Python310\site-packages\django\template\base.py", line 154, in __init__
    self.nodelist = self.compile_nodelist()
  File "C:\Users\HP\AppData\Roaming\Python\Python310\site-packages\django\template\base.py", line 196, in compile_nodelist
    nodelist = parser.parse()
  File "C:\Users\HP\AppData\Roaming\Python\Python310\site-packages\django\template\base.py", line 519, in parse
    self.extend_nodelist(nodelist, compiled_result, token)
  File "C:\Users\HP\AppData\Roaming\Python\Python310\site-packages\django\template\base.py", line 540, in extend_nodelist
    raise self.error(
django.template.exceptions.TemplateSyntaxError: {% extends user|get_user_layout %} must be the first tag in 'dashboard.html'.
Internal Server Error: /dashboard/
Traceback (most recent call last):
  File "D:\python\plagiarismcheckerextra\plag\views.py", line 146, in dashboard
    return render(request, "dashboard.html", context)
  File "C:\Users\HP\AppData\Roaming\Python\Python310\site-packages\django\shortcuts.py", line 25, in render
    content = loader.render_to_string(template_name, context, request, using=using)
  File "C:\Users\HP\AppData\Roaming\Python\Python310\site-packages\django\template\loader.py", line 61, in render_to_string
    template = get_template(template_name, using=using)
  File "C:\Users\HP\AppData\Roaming\Python\Python310\site-packages\django\template\loader.py", line 15, in get_template
    return engine.get_template(template_name)
  File "C:\Users\HP\AppData\Roaming\Python\Python310\site-packages\django\template\backends\django.py", line 79, in get_template
    return Template(self.engine.get_template(template_name), self)
  File "C:\Users\HP\AppData\Roaming\Python\Python310\site-packages\django\template\engine.py", line 177, in get_template
    template, origin = self.find_template(template_name)
  File "C:\Users\HP\AppData\Roaming\Python\Python310\site-packages\django\template\engine.py", line 159, in find_template
    template = loader.get_template(name, skip=skip)
  File "C:\Users\HP\AppData\Roaming\Python\Python310\site-packages\django\template\loaders\cached.py", line 57, in get_template
    template = super().get_template(template_name, skip)
  File "C:\Users\HP\AppData\Roaming\Python\Python310\site-packages\django\template\loaders\base.py", line 28, in get_template
    return Template(
  File "C:\Users\HP\AppData\Roaming\Python\Python310\site-packages\django\template\base.py", line 154, in __init__
    self.nodelist = self.compile_nodelist()
  File "C:\Users\HP\AppData\Roaming\Python\Python310\site-packages\django\template\base.py", line 196, in compile_nodelist
    nodelist = parser.parse()
  File "C:\Users\HP\AppData\Roaming\Python\Python310\site-packages\django\template\base.py", line 519, in parse
    self.extend_nodelist(nodelist, compiled_result, token)
  File "C:\Users\HP\AppData\Roaming\Python\Python310\site-packages\django\template\base.py", line 540, in extend_nodelist
    raise self.error(
django.template.exceptions.TemplateSyntaxError: {% extends user|get_user_layout %} must be the first tag in 'dashboard.html'.

During handling of the above exception, another exception occurred:

Traceback (most recent call last):
  File "C:\Users\HP\AppData\Roaming\Python\Python310\site-packages\django\core\handlers\exception.py", line 55, in inner
    response = get_response(request)
  File "C:\Users\HP\AppData\Roaming\Python\Python310\site-packages\django\core\handlers\base.py", line 197, in _get_response
    response = wrapped_callback(request, *callback_args, **callback_kwargs)
  File "C:\Users\HP\AppData\Roaming\Python\Python310\site-packages\django\contrib\auth\decorators.py", line 59, in _view_wrapper
    return view_func(request, *args, **kwargs)
  File "D:\python\plagiarismcheckerextra\plag\views.py", line 151, in dashboard
    return render(request, "dashboard.html", context)
  File "C:\Users\HP\AppData\Roaming\Python\Python310\site-packages\django\shortcuts.py", line 25, in render
    content = loader.render_to_string(template_name, context, request, using=using)
  File "C:\Users\HP\AppData\Roaming\Python\Python310\site-packages\django\template\loader.py", line 61, in render_to_string
    template = get_template(template_name, using=using)
  File "C:\Users\HP\AppData\Roaming\Python\Python310\site-packages\django\template\loader.py", line 15, in get_template
    return engine.get_template(template_name)
  File "C:\Users\HP\AppData\Roaming\Python\Python310\site-packages\django\template\backends\django.py", line 79, in get_template
    return Template(self.engine.get_template(template_name), self)
  File "C:\Users\HP\AppData\Roaming\Python\Python310\site-packages\django\template\engine.py", line 177, in get_template
    template, origin = self.find_template(template_name)
  File "C:\Users\HP\AppData\Roaming\Python\Python310\site-packages\django\template\engine.py", line 159, in find_template
    template = loader.get_template(name, skip=skip)
  File "C:\Users\HP\AppData\Roaming\Python\Python310\site-packages\django\template\loaders\cached.py", line 57, in get_template
    template = super().get_template(template_name, skip)
  File "C:\Users\HP\AppData\Roaming\Python\Python310\site-packages\django\template\loaders\base.py", line 28, in get_template
    return Template(
  File "C:\Users\HP\AppData\Roaming\Python\Python310\site-packages\django\template\base.py", line 154, in __init__
    self.nodelist = self.compile_nodelist()
  File "C:\Users\HP\AppData\Roaming\Python\Python310\site-packages\django\template\base.py", line 196, in compile_nodelist
    nodelist = parser.parse()
  File "C:\Users\HP\AppData\Roaming\Python\Python310\site-packages\django\template\base.py", line 519, in parse
    self.extend_nodelist(nodelist, compiled_result, token)
  File "C:\Users\HP\AppData\Roaming\Python\Python310\site-packages\django\template\base.py", line 540, in extend_nodelist
    raise self.error(
django.template.exceptions.TemplateSyntaxError: {% extends user|get_user_layout %} must be the first tag in 'dashboard.html'.
"GET /dashboard/ HTTP/1.1" 500 228622
Dashboard error for user 3: {% extends user|get_user_layout %} must be the first tag in 'dashboard.html'.
Unhandled exception: {% extends user|get_user_layout %} must be the first tag in 'dashboard.html'.
Traceback (most recent call last):
  File "D:\python\plagiarismcheckerextra\plag\views.py", line 146, in dashboard
    return render(request, "dashboard.html", context)
  File "C:\Users\HP\AppData\Roaming\Python\Python310\site-packages\django\shortcuts.py", line 25, in render
    content = loader.render_to_string(template_name, context, request, using=using)
  File "C:\Users\HP\AppData\Roaming\Python\Python310\site-packages\django\template\loader.py", line 61, in render_to_string
    template = get_template(template_name, using=using)
  File "C:\Users\HP\AppData\Roaming\Python\Python310\site-packages\django\template\loader.py", line 15, in get_template
    return engine.get_template(template_name)
  File "C:\Users\HP\AppData\Roaming\Python\Python310\site-packages\django\template\backends\django.py", line 79, in get_template
    return Template(self.engine.get_template(template_name), self)
  File "C:\Users\HP\AppData\Roaming\Python\Python310\site-packages\django\template\engine.py", line 177, in get_template
    template, origin = self.find_template(template_name)
  File "C:\Users\HP\AppData\Roaming\Python\Python310\site-packages\django\template\engine.py", line 159, in find_template
    template = loader.get_template(name, skip=skip)
  File "C:\Users\HP\AppData\Roaming\Python\Python310\site-packages\django\template\loaders\cached.py", line 57, in get_template
    template = super().get_template(template_name, skip)
  File "C:\Users\HP\AppData\Roaming\Python\Python310\site-packages\django\template\loaders\base.py", line 28, in get_template
    return Template(
  File "C:\Users\HP\AppData\Roaming\Python\Python310\site-packages\django\template\base.py", line 154, in __init__
    self.nodelist = self.compile_nodelist()
  File "C:\Users\HP\AppData\Roaming\Python\Python310\site-packages\django\template\base.py", line 196, in compile_nodelist
    nodelist = parser.parse()
  File "C:\Users\HP\AppData\Roaming\Python\Python310\site-packages\django\template\base.py", line 519, in parse
    self.extend_nodelist(nodelist, compiled_result, token)
  File "C:\Users\HP\AppData\Roaming\Python\Python310\site-packages\django\template\base.py", line 540, in extend_nodelist
    raise self.error(
django.template.exceptions.TemplateSyntaxError: {% extends user|get_user_layout %} must be the first tag in 'dashboard.html'.

During handling of the above exception, another exception occurred:

Traceback (most recent call last):
  File "C:\Users\HP\AppData\Roaming\Python\Python310\site-packages\django\core\handlers\base.py", line 197, in _get_response
    response = wrapped_callback(request, *callback_args, **callback_kwargs)
  File "C:\Users\HP\AppData\Roaming\Python\Python310\site-packages\django\contrib\auth\decorators.py", line 59, in _view_wrapper
    return view_func(request, *args, **kwargs)
  File "D:\python\plagiarismcheckerextra\plag\views.py", line 151, in dashboard
    return render(request, "dashboard.html", context)
  File "C:\Users\HP\AppData\Roaming\Python\Python310\site-packages\django\shortcuts.py", line 25, in render
    content = loader.render_to_string(template_name, context, request, using=using)
  File "C:\Users\HP\AppData\Roaming\Python\Python310\site-packages\django\template\loader.py", line 61, in render_to_string
    template = get_template(template_name, using=using)
  File "C:\Users\HP\AppData\Roaming\Python\Python310\site-packages\django\template\loader.py", line 15, in get_template
    return engine.get_template(template_name)
  File "C:\Users\HP\AppData\Roaming\Python\Python310\site-packages\django\template\backends\django.py", line 79, in get_template
    return Template(self.engine.get_template(template_name), self)
  File "C:\Users\HP\AppData\Roaming\Python\Python310\site-packages\django\template\engine.py", line 177, in get_template
    template, origin = self.find_template(template_name)
  File "C:\Users\HP\AppData\Roaming\Python\Python310\site-packages\django\template\engine.py", line 159, in find_template
    template = loader.get_template(name, skip=skip)
  File "C:\Users\HP\AppData\Roaming\Python\Python310\site-packages\django\template\loaders\cached.py", line 57, in get_template
    template = super().get_template(template_name, skip)
  File "C:\Users\HP\AppData\Roaming\Python\Python310\site-packages\django\template\loaders\base.py", line 28, in get_template
    return Template(
  File "C:\Users\HP\AppData\Roaming\Python\Python310\site-packages\django\template\base.py", line 154, in __init__
    self.nodelist = self.compile_nodelist()
  File "C:\Users\HP\AppData\Roaming\Python\Python310\site-packages\django\template\base.py", line 196, in compile_nodelist
    nodelist = parser.parse()
  File "C:\Users\HP\AppData\Roaming\Python\Python310\site-packages\django\template\base.py", line 519, in parse
    self.extend_nodelist(nodelist, compiled_result, token)
  File "C:\Users\HP\AppData\Roaming\Python\Python310\site-packages\django\template\base.py", line 540, in extend_nodelist
    raise self.error(
django.template.exceptions.TemplateSyntaxError: {% extends user|get_user_layout %} must be the first tag in 'dashboard.html'.
Internal Server Error: /dashboard/
Traceback (most recent call last):
  File "D:\python\plagiarismcheckerextra\plag\views.py", line 146, in dashboard
    return render(request, "dashboard.html", context)
  File "C:\Users\HP\AppData\Roaming\Python\Python310\site-packages\django\shortcuts.py", line 25, in render
    content = loader.render_to_string(template_name, context, request, using=using)
  File "C:\Users\HP\AppData\Roaming\Python\Python310\site-packages\django\template\loader.py", line 61, in render_to_string
    template = get_template(template_name, using=using)
  File "C:\Users\HP\AppData\Roaming\Python\Python310\site-packages\django\template\loader.py", line 15, in get_template
    return engine.get_template(template_name)
  File "C:\Users\HP\AppData\Roaming\Python\Python310\site-packages\django\template\backends\django.py", line 79, in get_template
    return Template(self.engine.get_template(template_name), self)
  File "C:\Users\HP\AppData\Roaming\Python\Python310\site-packages\django\template\engine.py", line 177, in get_template
    template, origin = self.find_template(template_name)
  File "C:\Users\HP\AppData\Roaming\Python\Python310\site-packages\django\template\engine.py", line 159, in find_template
    template = loader.get_template(name, skip=skip)
  File "C:\Users\HP\AppData\Roaming\Python\Python310\site-packages\django\template\loaders\cached.py", line 57, in get_template
    template = super().get_template(template_name, skip)
  File "C:\Users\HP\AppData\Roaming\Python\Python310\site-packages\django\template\loaders\base.py", line 28, in get_template
    return Template(
  File "C:\Users\HP\AppData\Roaming\Python\Python310\site-packages\django\template\base.py", line 154, in __init__
    self.nodelist = self.compile_nodelist()
  File "C:\Users\HP\AppData\Roaming\Python\Python310\site-packages\django\template\base.py", line 196, in compile_nodelist
    nodelist = parser.parse()
  File "C:\Users\HP\AppData\Roaming\Python\Python310\site-packages\django\template\base.py", line 519, in parse
    self.extend_nodelist(nodelist, compiled_result, token)
  File "C:\Users\HP\AppData\Roaming\Python\Python310\site-packages\django\template\base.py", line 540, in extend_nodelist
    raise self.error(
django.template.exceptions.TemplateSyntaxError: {% extends user|get_user_layout %} must be the first tag in 'dashboard.html'.

During handling of the above exception, another exception occurred:

Traceback (most recent call last):
  File "C:\Users\HP\AppData\Roaming\Python\Python310\site-packages\django\core\handlers\exception.py", line 55, in inner
    response = get_response(request)
  File "C:\Users\HP\AppData\Roaming\Python\Python310\site-packages\django\core\handlers\base.py", line 197, in _get_response
    response = wrapped_callback(request, *callback_args, **callback_kwargs)
  File "C:\Users\HP\AppData\Roaming\Python\Python310\site-packages\django\contrib\auth\decorators.py", line 59, in _view_wrapper
    return view_func(request, *args, **kwargs)
  File "D:\python\plagiarismcheckerextra\plag\views.py", line 151, in dashboard
    return render(request, "dashboard.html", context)
  File "C:\Users\HP\AppData\Roaming\Python\Python310\site-packages\django\shortcuts.py", line 25, in render
    content = loader.render_to_string(template_name, context, request, using=using)
  File "C:\Users\HP\AppData\Roaming\Python\Python310\site-packages\django\template\loader.py", line 61, in render_to_string
    template = get_template(template_name, using=using)
  File "C:\Users\HP\AppData\Roaming\Python\Python310\site-packages\django\template\loader.py", line 15, in get_template
    return engine.get_template(template_name)
  File "C:\Users\HP\AppData\Roaming\Python\Python310\site-packages\django\template\backends\django.py", line 79, in get_template
    return Template(self.engine.get_template(template_name), self)
  File "C:\Users\HP\AppData\Roaming\Python\Python310\site-packages\django\template\engine.py", line 177, in get_template
    template, origin = self.find_template(template_name)
  File "C:\Users\HP\AppData\Roaming\Python\Python310\site-packages\django\template\engine.py", line 159, in find_template
    template = loader.get_template(name, skip=skip)
  File "C:\Users\HP\AppData\Roaming\Python\Python310\site-packages\django\template\loaders\cached.py", line 57, in get_template
    template = super().get_template(template_name, skip)
  File "C:\Users\HP\AppData\Roaming\Python\Python310\site-packages\django\template\loaders\base.py", line 28, in get_template
    return Template(
  File "C:\Users\HP\AppData\Roaming\Python\Python310\site-packages\django\template\base.py", line 154, in __init__
    self.nodelist = self.compile_nodelist()
  File "C:\Users\HP\AppData\Roaming\Python\Python310\site-packages\django\template\base.py", line 196, in compile_nodelist
    nodelist = parser.parse()
  File "C:\Users\HP\AppData\Roaming\Python\Python310\site-packages\django\template\base.py", line 519, in parse
    self.extend_nodelist(nodelist, compiled_result, token)
  File "C:\Users\HP\AppData\Roaming\Python\Python310\site-packages\django\template\base.py", line 540, in extend_nodelist
    raise self.error(
django.template.exceptions.TemplateSyntaxError: {% extends user|get_user_layout %} must be the first tag in 'dashboard.html'.
"GET /dashboard/ HTTP/1.1" 500 228753
Not Found: /favicon.ico
"GET /favicon.ico HTTP/1.1" 404 8478
Dashboard error for user 2: Cannot resolve keyword 'organization' into field. Choices are: comment, date_joined, email, first_name, groups, id, is_active, is_staff, is_superuser, last_login, last_name, logentry, notifications, password, readerdocument, user_permissions, username, userprofile
Unhandled exception: {% extends user|get_user_layout %} must be the first tag in 'dashboard.html'.
Traceback (most recent call last):
  File "D:\python\plagiarismcheckerextra\plag\views.py", line 81, in dashboard
    'org_students': User.objects.filter(role='student', organization__isnull=False).count(),
  File "C:\Users\HP\AppData\Roaming\Python\Python310\site-packages\django\db\models\manager.py", line 87, in manager_method
    return getattr(self.get_queryset(), name)(*args, **kwargs)
  File "C:\Users\HP\AppData\Roaming\Python\Python310\site-packages\django\db\models\query.py", line 1493, in filter
    return self._filter_or_exclude(False, args, kwargs)
  File "C:\Users\HP\AppData\Roaming\Python\Python310\site-packages\django\db\models\query.py", line 1511, in _filter_or_exclude
    clone._filter_or_exclude_inplace(negate, args, kwargs)
  File "C:\Users\HP\AppData\Roaming\Python\Python310\site-packages\django\db\models\query.py", line 1518, in _filter_or_exclude_inplace
    self._query.add_q(Q(*args, **kwargs))
  File "C:\Users\HP\AppData\Roaming\Python\Python310\site-packages\django\db\models\sql\query.py", line 1646, in add_q
    clause, _ = self._add_q(q_object, can_reuse)
  File "C:\Users\HP\AppData\Roaming\Python\Python310\site-packages\django\db\models\sql\query.py", line 1678, in _add_q
    child_clause, needed_inner = self.build_filter(
  File "C:\Users\HP\AppData\Roaming\Python\Python310\site-packages\django\db\models\sql\query.py", line 1526, in build_filter
    lookups, parts, reffed_expression = self.solve_lookup_type(arg, summarize)
  File "C:\Users\HP\AppData\Roaming\Python\Python310\site-packages\django\db\models\sql\query.py", line 1333, in solve_lookup_type
    _, field, _, lookup_parts = self.names_to_path(lookup_splitted, self.get_meta())
  File "C:\Users\HP\AppData\Roaming\Python\Python310\site-packages\django\db\models\sql\query.py", line 1806, in names_to_path
    raise FieldError(
django.core.exceptions.FieldError: Cannot resolve keyword 'organization' into field. Choices are: comment, date_joined, email, first_name, groups, id, is_active, is_staff, is_superuser, last_login, last_name, logentry, notifications, password, readerdocument, user_permissions, username, userprofile

During handling of the above exception, another exception occurred:

Traceback (most recent call last):
  File "C:\Users\HP\AppData\Roaming\Python\Python310\site-packages\django\core\handlers\base.py", line 197, in _get_response
    response = wrapped_callback(request, *callback_args, **callback_kwargs)
  File "C:\Users\HP\AppData\Roaming\Python\Python310\site-packages\django\contrib\auth\decorators.py", line 59, in _view_wrapper
    return view_func(request, *args, **kwargs)
  File "D:\python\plagiarismcheckerextra\plag\views.py", line 151, in dashboard
    return render(request, "dashboard.html", context)
  File "C:\Users\HP\AppData\Roaming\Python\Python310\site-packages\django\shortcuts.py", line 25, in render
    content = loader.render_to_string(template_name, context, request, using=using)
  File "C:\Users\HP\AppData\Roaming\Python\Python310\site-packages\django\template\loader.py", line 61, in render_to_string
    template = get_template(template_name, using=using)
  File "C:\Users\HP\AppData\Roaming\Python\Python310\site-packages\django\template\loader.py", line 15, in get_template
    return engine.get_template(template_name)
  File "C:\Users\HP\AppData\Roaming\Python\Python310\site-packages\django\template\backends\django.py", line 79, in get_template
    return Template(self.engine.get_template(template_name), self)
  File "C:\Users\HP\AppData\Roaming\Python\Python310\site-packages\django\template\engine.py", line 177, in get_template
    template, origin = self.find_template(template_name)
  File "C:\Users\HP\AppData\Roaming\Python\Python310\site-packages\django\template\engine.py", line 159, in find_template
    template = loader.get_template(name, skip=skip)
  File "C:\Users\HP\AppData\Roaming\Python\Python310\site-packages\django\template\loaders\cached.py", line 57, in get_template
    template = super().get_template(template_name, skip)
  File "C:\Users\HP\AppData\Roaming\Python\Python310\site-packages\django\template\loaders\base.py", line 28, in get_template
    return Template(
  File "C:\Users\HP\AppData\Roaming\Python\Python310\site-packages\django\template\base.py", line 154, in __init__
    self.nodelist = self.compile_nodelist()
  File "C:\Users\HP\AppData\Roaming\Python\Python310\site-packages\django\template\base.py", line 196, in compile_nodelist
    nodelist = parser.parse()
  File "C:\Users\HP\AppData\Roaming\Python\Python310\site-packages\django\template\base.py", line 519, in parse
    self.extend_nodelist(nodelist, compiled_result, token)
  File "C:\Users\HP\AppData\Roaming\Python\Python310\site-packages\django\template\base.py", line 540, in extend_nodelist
    raise self.error(
django.template.exceptions.TemplateSyntaxError: {% extends user|get_user_layout %} must be the first tag in 'dashboard.html'.
Internal Server Error: /dashboard/
Traceback (most recent call last):
  File "D:\python\plagiarismcheckerextra\plag\views.py", line 81, in dashboard
    'org_students': User.objects.filter(role='student', organization__isnull=False).count(),
  File "C:\Users\HP\AppData\Roaming\Python\Python310\site-packages\django\db\models\manager.py", line 87, in manager_method
    return getattr(self.get_queryset(), name)(*args, **kwargs)
  File "C:\Users\HP\AppData\Roaming\Python\Python310\site-packages\django\db\models\query.py", line 1493, in filter
    return self._filter_or_exclude(False, args, kwargs)
  File "C:\Users\HP\AppData\Roaming\Python\Python310\site-packages\django\db\models\query.py", line 1511, in _filter_or_exclude
    clone._filter_or_exclude_inplace(negate, args, kwargs)
  File "C:\Users\HP\AppData\Roaming\Python\Python310\site-packages\django\db\models\query.py", line 1518, in _filter_or_exclude_inplace
    self._query.add_q(Q(*args, **kwargs))
  File "C:\Users\HP\AppData\Roaming\Python\Python310\site-packages\django\db\models\sql\query.py", line 1646, in add_q
    clause, _ = self._add_q(q_object, can_reuse)
  File "C:\Users\HP\AppData\Roaming\Python\Python310\site-packages\django\db\models\sql\query.py", line 1678, in _add_q
    child_clause, needed_inner = self.build_filter(
  File "C:\Users\HP\AppData\Roaming\Python\Python310\site-packages\django\db\models\sql\query.py", line 1526, in build_filter
    lookups, parts, reffed_expression = self.solve_lookup_type(arg, summarize)
  File "C:\Users\HP\AppData\Roaming\Python\Python310\site-packages\django\db\models\sql\query.py", line 1333, in solve_lookup_type
    _, field, _, lookup_parts = self.names_to_path(lookup_splitted, self.get_meta())
  File "C:\Users\HP\AppData\Roaming\Python\Python310\site-packages\django\db\models\sql\query.py", line 1806, in names_to_path
    raise FieldError(
django.core.exceptions.FieldError: Cannot resolve keyword 'organization' into field. Choices are: comment, date_joined, email, first_name, groups, id, is_active, is_staff, is_superuser, last_login, last_name, logentry, notifications, password, readerdocument, user_permissions, username, userprofile

During handling of the above exception, another exception occurred:

Traceback (most recent call last):
  File "C:\Users\HP\AppData\Roaming\Python\Python310\site-packages\django\core\handlers\exception.py", line 55, in inner
    response = get_response(request)
  File "C:\Users\HP\AppData\Roaming\Python\Python310\site-packages\django\core\handlers\base.py", line 197, in _get_response
    response = wrapped_callback(request, *callback_args, **callback_kwargs)
  File "C:\Users\HP\AppData\Roaming\Python\Python310\site-packages\django\contrib\auth\decorators.py", line 59, in _view_wrapper
    return view_func(request, *args, **kwargs)
  File "D:\python\plagiarismcheckerextra\plag\views.py", line 151, in dashboard
    return render(request, "dashboard.html", context)
  File "C:\Users\HP\AppData\Roaming\Python\Python310\site-packages\django\shortcuts.py", line 25, in render
    content = loader.render_to_string(template_name, context, request, using=using)
  File "C:\Users\HP\AppData\Roaming\Python\Python310\site-packages\django\template\loader.py", line 61, in render_to_string
    template = get_template(template_name, using=using)
  File "C:\Users\HP\AppData\Roaming\Python\Python310\site-packages\django\template\loader.py", line 15, in get_template
    return engine.get_template(template_name)
  File "C:\Users\HP\AppData\Roaming\Python\Python310\site-packages\django\template\backends\django.py", line 79, in get_template
    return Template(self.engine.get_template(template_name), self)
  File "C:\Users\HP\AppData\Roaming\Python\Python310\site-packages\django\template\engine.py", line 177, in get_template
    template, origin = self.find_template(template_name)
  File "C:\Users\HP\AppData\Roaming\Python\Python310\site-packages\django\template\engine.py", line 159, in find_template
    template = loader.get_template(name, skip=skip)
  File "C:\Users\HP\AppData\Roaming\Python\Python310\site-packages\django\template\loaders\cached.py", line 57, in get_template
    template = super().get_template(template_name, skip)
  File "C:\Users\HP\AppData\Roaming\Python\Python310\site-packages\django\template\loaders\base.py", line 28, in get_template
    return Template(
  File "C:\Users\HP\AppData\Roaming\Python\Python310\site-packages\django\template\base.py", line 154, in __init__
    self.nodelist = self.compile_nodelist()
  File "C:\Users\HP\AppData\Roaming\Python\Python310\site-packages\django\template\base.py", line 196, in compile_nodelist
    nodelist = parser.parse()
  File "C:\Users\HP\AppData\Roaming\Python\Python310\site-packages\django\template\base.py", line 519, in parse
    self.extend_nodelist(nodelist, compiled_result, token)
  File "C:\Users\HP\AppData\Roaming\Python\Python310\site-packages\django\template\base.py", line 540, in extend_nodelist
    raise self.error(
django.template.exceptions.TemplateSyntaxError: {% extends user|get_user_layout %} must be the first tag in 'dashboard.html'.
"GET /dashboard/ HTTP/1.1" 500 200260
Dashboard error for user 2: Cannot resolve keyword 'organization' into field. Choices are: comment, date_joined, email, first_name, groups, id, is_active, is_staff, is_superuser, last_login, last_name, logentry, notifications, password, readerdocument, user_permissions, username, userprofile
Unhandled exception: no such table: plag_userprofile
Traceback (most recent call last):
  File "D:\python\plagiarismcheckerextra\plag\views.py", line 81, in dashboard
    'org_students': User.objects.filter(role='student', organization__isnull=False).count(),
  File "C:\Users\HP\AppData\Roaming\Python\Python310\site-packages\django\db\models\manager.py", line 87, in manager_method
    return getattr(self.get_queryset(), name)(*args, **kwargs)
  File "C:\Users\HP\AppData\Roaming\Python\Python310\site-packages\django\db\models\query.py", line 1493, in filter
    return self._filter_or_exclude(False, args, kwargs)
  File "C:\Users\HP\AppData\Roaming\Python\Python310\site-packages\django\db\models\query.py", line 1511, in _filter_or_exclude
    clone._filter_or_exclude_inplace(negate, args, kwargs)
  File "C:\Users\HP\AppData\Roaming\Python\Python310\site-packages\django\db\models\query.py", line 1518, in _filter_or_exclude_inplace
    self._query.add_q(Q(*args, **kwargs))
  File "C:\Users\HP\AppData\Roaming\Python\Python310\site-packages\django\db\models\sql\query.py", line 1646, in add_q
    clause, _ = self._add_q(q_object, can_reuse)
  File "C:\Users\HP\AppData\Roaming\Python\Python310\site-packages\django\db\models\sql\query.py", line 1678, in _add_q
    child_clause, needed_inner = self.build_filter(
  File "C:\Users\HP\AppData\Roaming\Python\Python310\site-packages\django\db\models\sql\query.py", line 1526, in build_filter
    lookups, parts, reffed_expression = self.solve_lookup_type(arg, summarize)
  File "C:\Users\HP\AppData\Roaming\Python\Python310\site-packages\django\db\models\sql\query.py", line 1333, in solve_lookup_type
    _, field, _, lookup_parts = self.names_to_path(lookup_splitted, self.get_meta())
  File "C:\Users\HP\AppData\Roaming\Python\Python310\site-packages\django\db\models\sql\query.py", line 1806, in names_to_path
    raise FieldError(
django.core.exceptions.FieldError: Cannot resolve keyword 'organization' into field. Choices are: comment, date_joined, email, first_name, groups, id, is_active, is_staff, is_superuser, last_login, last_name, logentry, notifications, password, readerdocument, user_permissions, username, userprofile

During handling of the above exception, another exception occurred:

Traceback (most recent call last):
  File "C:\Users\HP\AppData\Roaming\Python\Python310\site-packages\django\template\base.py", line 891, in _resolve_lookup
    current = current[bit]
  File "C:\Users\HP\AppData\Roaming\Python\Python310\site-packages\django\utils\functional.py", line 253, in inner
    return func(_wrapped, *args)
TypeError: 'User' object is not subscriptable

During handling of the above exception, another exception occurred:

Traceback (most recent call last):
  File "C:\Users\HP\AppData\Roaming\Python\Python310\site-packages\django\db\models\fields\related_descriptors.py", line 516, in __get__
    rel_obj = self.related.get_cached_value(instance)
  File "C:\Users\HP\AppData\Roaming\Python\Python310\site-packages\django\db\models\fields\mixins.py", line 37, in get_cached_value
    return instance._state.fields_cache[self.cache_name]
KeyError: 'userprofile'

During handling of the above exception, another exception occurred:

Traceback (most recent call last):
  File "C:\Users\HP\AppData\Roaming\Python\Python310\site-packages\django\db\backends\utils.py", line 105, in _execute
    return self.cursor.execute(sql, params)
  File "C:\Users\HP\AppData\Roaming\Python\Python310\site-packages\django\db\backends\sqlite3\base.py", line 360, in execute
    return super().execute(query, params)
sqlite3.OperationalError: no such table: plag_userprofile

The above exception was the direct cause of the following exception:

Traceback (most recent call last):
  File "C:\Users\HP\AppData\Roaming\Python\Python310\site-packages\django\core\handlers\base.py", line 197, in _get_response
    response = wrapped_callback(request, *callback_args, **callback_kwargs)
  File "C:\Users\HP\AppData\Roaming\Python\Python310\site-packages\django\contrib\auth\decorators.py", line 59, in _view_wrapper
    return view_func(request, *args, **kwargs)
  File "D:\python\plagiarismcheckerextra\plag\views.py", line 154, in dashboard
    return render(request, "dashboard.html", context)
  File "C:\Users\HP\AppData\Roaming\Python\Python310\site-packages\django\shortcuts.py", line 25, in render
    content = loader.render_to_string(template_name, context, request, using=using)
  File "C:\Users\HP\AppData\Roaming\Python\Python310\site-packages\django\template\loader.py", line 62, in render_to_string
    return template.render(context, request)
  File "C:\Users\HP\AppData\Roaming\Python\Python310\site-packages\django\template\backends\django.py", line 107, in render
    return self.template.render(context)
  File "C:\Users\HP\AppData\Roaming\Python\Python310\site-packages\django\template\base.py", line 171, in render
    return self._render(context)
  File "C:\Users\HP\AppData\Roaming\Python\Python310\site-packages\django\template\base.py", line 163, in _render
    return self.nodelist.render(context)
  File "C:\Users\HP\AppData\Roaming\Python\Python310\site-packages\django\template\base.py", line 1016, in render
    return SafeString("".join([node.render_annotated(context) for node in self]))
  File "C:\Users\HP\AppData\Roaming\Python\Python310\site-packages\django\template\base.py", line 1016, in <listcomp>
    return SafeString("".join([node.render_annotated(context) for node in self]))
  File "C:\Users\HP\AppData\Roaming\Python\Python310\site-packages\django\template\base.py", line 977, in render_annotated
    return self.render(context)
  File "C:\Users\HP\AppData\Roaming\Python\Python310\site-packages\django\template\loader_tags.py", line 159, in render
    return compiled_parent._render(context)
  File "C:\Users\HP\AppData\Roaming\Python\Python310\site-packages\django\template\base.py", line 163, in _render
    return self.nodelist.render(context)
  File "C:\Users\HP\AppData\Roaming\Python\Python310\site-packages\django\template\base.py", line 1016, in render
    return SafeString("".join([node.render_annotated(context) for node in self]))
  File "C:\Users\HP\AppData\Roaming\Python\Python310\site-packages\django\template\base.py", line 1016, in <listcomp>
    return SafeString("".join([node.render_annotated(context) for node in self]))
  File "C:\Users\HP\AppData\Roaming\Python\Python310\site-packages\django\template\base.py", line 977, in render_annotated
    return self.render(context)
  File "C:\Users\HP\AppData\Roaming\Python\Python310\site-packages\django\template\loader_tags.py", line 65, in render
    result = block.nodelist.render(context)
  File "C:\Users\HP\AppData\Roaming\Python\Python310\site-packages\django\template\base.py", line 1016, in render
    return SafeString("".join([node.render_annotated(context) for node in self]))
  File "C:\Users\HP\AppData\Roaming\Python\Python310\site-packages\django\template\base.py", line 1016, in <listcomp>
    return SafeString("".join([node.render_annotated(context) for node in self]))
  File "C:\Users\HP\AppData\Roaming\Python\Python310\site-packages\django\template\base.py", line 977, in render_annotated
    return self.render(context)
  File "C:\Users\HP\AppData\Roaming\Python\Python310\site-packages\django\template\defaulttags.py", line 320, in render
    match = condition.eval(context)
  File "C:\Users\HP\AppData\Roaming\Python\Python310\site-packages\django\template\defaulttags.py", line 886, in eval
    return self.value.resolve(context, ignore_failures=True)
  File "C:\Users\HP\AppData\Roaming\Python\Python310\site-packages\django\template\base.py", line 722, in resolve
    obj = self.var.resolve(context)
  File "C:\Users\HP\AppData\Roaming\Python\Python310\site-packages\django\template\base.py", line 854, in resolve
    value = self._resolve_lookup(context)
  File "C:\Users\HP\AppData\Roaming\Python\Python310\site-packages\django\template\base.py", line 901, in _resolve_lookup
    current = getattr(current, bit)
  File "C:\Users\HP\AppData\Roaming\Python\Python310\site-packages\django\utils\functional.py", line 253, in inner
    return func(_wrapped, *args)
  File "C:\Users\HP\AppData\Roaming\Python\Python310\site-packages\django\db\models\fields\related_descriptors.py", line 523, in __get__
    rel_obj = self.get_queryset(instance=instance).get(**filter_args)
  File "C:\Users\HP\AppData\Roaming\Python\Python310\site-packages\django\db\models\query.py", line 629, in get
    num = len(clone)
  File "C:\Users\HP\AppData\Roaming\Python\Python310\site-packages\django\db\models\query.py", line 366, in __len__
    self._fetch_all()
  File "C:\Users\HP\AppData\Roaming\Python\Python310\site-packages\django\db\models\query.py", line 1949, in _fetch_all
    self._result_cache = list(self._iterable_class(self))
  File "C:\Users\HP\AppData\Roaming\Python\Python310\site-packages\django\db\models\query.py", line 91, in __iter__
    results = compiler.execute_sql(
  File "C:\Users\HP\AppData\Roaming\Python\Python310\site-packages\django\db\models\sql\compiler.py", line 1623, in execute_sql
    cursor.execute(sql, params)
  File "C:\Users\HP\AppData\Roaming\Python\Python310\site-packages\django\db\backends\utils.py", line 122, in execute
    return super().execute(sql, params)
  File "C:\Users\HP\AppData\Roaming\Python\Python310\site-packages\django\db\backends\utils.py", line 79, in execute
    return self._execute_with_wrappers(
  File "C:\Users\HP\AppData\Roaming\Python\Python310\site-packages\django\db\backends\utils.py", line 92, in _execute_with_wrappers
    return executor(sql, params, many, context)
  File "C:\Users\HP\AppData\Roaming\Python\Python310\site-packages\django\db\backends\utils.py", line 100, in _execute
    with self.db.wrap_database_errors:
  File "C:\Users\HP\AppData\Roaming\Python\Python310\site-packages\django\db\utils.py", line 91, in __exit__
    raise dj_exc_value.with_traceback(traceback) from exc_value
  File "C:\Users\HP\AppData\Roaming\Python\Python310\site-packages\django\db\backends\utils.py", line 105, in _execute
    return self.cursor.execute(sql, params)
  File "C:\Users\HP\AppData\Roaming\Python\Python310\site-packages\django\db\backends\sqlite3\base.py", line 360, in execute
    return super().execute(query, params)
django.db.utils.OperationalError: no such table: plag_userprofile
Internal Server Error: /dashboard/
Traceback (most recent call last):
  File "D:\python\plagiarismcheckerextra\plag\views.py", line 81, in dashboard
    'org_students': User.objects.filter(role='student', organization__isnull=False).count(),
  File "C:\Users\HP\AppData\Roaming\Python\Python310\site-packages\django\db\models\manager.py", line 87, in manager_method
    return getattr(self.get_queryset(), name)(*args, **kwargs)
  File "C:\Users\HP\AppData\Roaming\Python\Python310\site-packages\django\db\models\query.py", line 1493, in filter
    return self._filter_or_exclude(False, args, kwargs)
  File "C:\Users\HP\AppData\Roaming\Python\Python310\site-packages\django\db\models\query.py", line 1511, in _filter_or_exclude
    clone._filter_or_exclude_inplace(negate, args, kwargs)
  File "C:\Users\HP\AppData\Roaming\Python\Python310\site-packages\django\db\models\query.py", line 1518, in _filter_or_exclude_inplace
    self._query.add_q(Q(*args, **kwargs))
  File "C:\Users\HP\AppData\Roaming\Python\Python310\site-packages\django\db\models\sql\query.py", line 1646, in add_q
    clause, _ = self._add_q(q_object, can_reuse)
  File "C:\Users\HP\AppData\Roaming\Python\Python310\site-packages\django\db\models\sql\query.py", line 1678, in _add_q
    child_clause, needed_inner = self.build_filter(
  File "C:\Users\HP\AppData\Roaming\Python\Python310\site-packages\django\db\models\sql\query.py", line 1526, in build_filter
    lookups, parts, reffed_expression = self.solve_lookup_type(arg, summarize)
  File "C:\Users\HP\AppData\Roaming\Python\Python310\site-packages\django\db\models\sql\query.py", line 1333, in solve_lookup_type
    _, field, _, lookup_parts = self.names_to_path(lookup_splitted, self.get_meta())
  File "C:\Users\HP\AppData\Roaming\Python\Python310\site-packages\django\db\models\sql\query.py", line 1806, in names_to_path
    raise FieldError(
django.core.exceptions.FieldError: Cannot resolve keyword 'organization' into field. Choices are: comment, date_joined, email, first_name, groups, id, is_active, is_staff, is_superuser, last_login, last_name, logentry, notifications, password, readerdocument, user_permissions, username, userprofile

During handling of the above exception, another exception occurred:

Traceback (most recent call last):
  File "C:\Users\HP\AppData\Roaming\Python\Python310\site-packages\django\template\base.py", line 891, in _resolve_lookup
    current = current[bit]
  File "C:\Users\HP\AppData\Roaming\Python\Python310\site-packages\django\utils\functional.py", line 253, in inner
    return func(_wrapped, *args)
TypeError: 'User' object is not subscriptable

During handling of the above exception, another exception occurred:

Traceback (most recent call last):
  File "C:\Users\HP\AppData\Roaming\Python\Python310\site-packages\django\db\models\fields\related_descriptors.py", line 516, in __get__
    rel_obj = self.related.get_cached_value(instance)
  File "C:\Users\HP\AppData\Roaming\Python\Python310\site-packages\django\db\models\fields\mixins.py", line 37, in get_cached_value
    return instance._state.fields_cache[self.cache_name]
KeyError: 'userprofile'

During handling of the above exception, another exception occurred:

Traceback (most recent call last):
  File "C:\Users\HP\AppData\Roaming\Python\Python310\site-packages\django\db\backends\utils.py", line 105, in _execute
    return self.cursor.execute(sql, params)
  File "C:\Users\HP\AppData\Roaming\Python\Python310\site-packages\django\db\backends\sqlite3\base.py", line 360, in execute
    return super().execute(query, params)
sqlite3.OperationalError: no such table: plag_userprofile

The above exception was the direct cause of the following exception:

Traceback (most recent call last):
  File "C:\Users\HP\AppData\Roaming\Python\Python310\site-packages\django\core\handlers\exception.py", line 55, in inner
    response = get_response(request)
  File "C:\Users\HP\AppData\Roaming\Python\Python310\site-packages\django\core\handlers\base.py", line 197, in _get_response
    response = wrapped_callback(request, *callback_args, **callback_kwargs)
  File "C:\Users\HP\AppData\Roaming\Python\Python310\site-packages\django\contrib\auth\decorators.py", line 59, in _view_wrapper
    return view_func(request, *args, **kwargs)
  File "D:\python\plagiarismcheckerextra\plag\views.py", line 154, in dashboard
    return render(request, "dashboard.html", context)
  File "C:\Users\HP\AppData\Roaming\Python\Python310\site-packages\django\shortcuts.py", line 25, in render
    content = loader.render_to_string(template_name, context, request, using=using)
  File "C:\Users\HP\AppData\Roaming\Python\Python310\site-packages\django\template\loader.py", line 62, in render_to_string
    return template.render(context, request)
  File "C:\Users\HP\AppData\Roaming\Python\Python310\site-packages\django\template\backends\django.py", line 107, in render
    return self.template.render(context)
  File "C:\Users\HP\AppData\Roaming\Python\Python310\site-packages\django\template\base.py", line 171, in render
    return self._render(context)
  File "C:\Users\HP\AppData\Roaming\Python\Python310\site-packages\django\template\base.py", line 163, in _render
    return self.nodelist.render(context)
  File "C:\Users\HP\AppData\Roaming\Python\Python310\site-packages\django\template\base.py", line 1016, in render
    return SafeString("".join([node.render_annotated(context) for node in self]))
  File "C:\Users\HP\AppData\Roaming\Python\Python310\site-packages\django\template\base.py", line 1016, in <listcomp>
    return SafeString("".join([node.render_annotated(context) for node in self]))
  File "C:\Users\HP\AppData\Roaming\Python\Python310\site-packages\django\template\base.py", line 977, in render_annotated
    return self.render(context)
  File "C:\Users\HP\AppData\Roaming\Python\Python310\site-packages\django\template\loader_tags.py", line 159, in render
    return compiled_parent._render(context)
  File "C:\Users\HP\AppData\Roaming\Python\Python310\site-packages\django\template\base.py", line 163, in _render
    return self.nodelist.render(context)
  File "C:\Users\HP\AppData\Roaming\Python\Python310\site-packages\django\template\base.py", line 1016, in render
    return SafeString("".join([node.render_annotated(context) for node in self]))
  File "C:\Users\HP\AppData\Roaming\Python\Python310\site-packages\django\template\base.py", line 1016, in <listcomp>
    return SafeString("".join([node.render_annotated(context) for node in self]))
  File "C:\Users\HP\AppData\Roaming\Python\Python310\site-packages\django\template\base.py", line 977, in render_annotated
    return self.render(context)
  File "C:\Users\HP\AppData\Roaming\Python\Python310\site-packages\django\template\loader_tags.py", line 65, in render
    result = block.nodelist.render(context)
  File "C:\Users\HP\AppData\Roaming\Python\Python310\site-packages\django\template\base.py", line 1016, in render
    return SafeString("".join([node.render_annotated(context) for node in self]))
  File "C:\Users\HP\AppData\Roaming\Python\Python310\site-packages\django\template\base.py", line 1016, in <listcomp>
    return SafeString("".join([node.render_annotated(context) for node in self]))
  File "C:\Users\HP\AppData\Roaming\Python\Python310\site-packages\django\template\base.py", line 977, in render_annotated
    return self.render(context)
  File "C:\Users\HP\AppData\Roaming\Python\Python310\site-packages\django\template\defaulttags.py", line 320, in render
    match = condition.eval(context)
  File "C:\Users\HP\AppData\Roaming\Python\Python310\site-packages\django\template\defaulttags.py", line 886, in eval
    return self.value.resolve(context, ignore_failures=True)
  File "C:\Users\HP\AppData\Roaming\Python\Python310\site-packages\django\template\base.py", line 722, in resolve
    obj = self.var.resolve(context)
  File "C:\Users\HP\AppData\Roaming\Python\Python310\site-packages\django\template\base.py", line 854, in resolve
    value = self._resolve_lookup(context)
  File "C:\Users\HP\AppData\Roaming\Python\Python310\site-packages\django\template\base.py", line 901, in _resolve_lookup
    current = getattr(current, bit)
  File "C:\Users\HP\AppData\Roaming\Python\Python310\site-packages\django\utils\functional.py", line 253, in inner
    return func(_wrapped, *args)
  File "C:\Users\HP\AppData\Roaming\Python\Python310\site-packages\django\db\models\fields\related_descriptors.py", line 523, in __get__
    rel_obj = self.get_queryset(instance=instance).get(**filter_args)
  File "C:\Users\HP\AppData\Roaming\Python\Python310\site-packages\django\db\models\query.py", line 629, in get
    num = len(clone)
  File "C:\Users\HP\AppData\Roaming\Python\Python310\site-packages\django\db\models\query.py", line 366, in __len__
    self._fetch_all()
  File "C:\Users\HP\AppData\Roaming\Python\Python310\site-packages\django\db\models\query.py", line 1949, in _fetch_all
    self._result_cache = list(self._iterable_class(self))
  File "C:\Users\HP\AppData\Roaming\Python\Python310\site-packages\django\db\models\query.py", line 91, in __iter__
    results = compiler.execute_sql(
  File "C:\Users\HP\AppData\Roaming\Python\Python310\site-packages\django\db\models\sql\compiler.py", line 1623, in execute_sql
    cursor.execute(sql, params)
  File "C:\Users\HP\AppData\Roaming\Python\Python310\site-packages\django\db\backends\utils.py", line 122, in execute
    return super().execute(sql, params)
  File "C:\Users\HP\AppData\Roaming\Python\Python310\site-packages\django\db\backends\utils.py", line 79, in execute
    return self._execute_with_wrappers(
  File "C:\Users\HP\AppData\Roaming\Python\Python310\site-packages\django\db\backends\utils.py", line 92, in _execute_with_wrappers
    return executor(sql, params, many, context)
  File "C:\Users\HP\AppData\Roaming\Python\Python310\site-packages\django\db\backends\utils.py", line 100, in _execute
    with self.db.wrap_database_errors:
  File "C:\Users\HP\AppData\Roaming\Python\Python310\site-packages\django\db\utils.py", line 91, in __exit__
    raise dj_exc_value.with_traceback(traceback) from exc_value
  File "C:\Users\HP\AppData\Roaming\Python\Python310\site-packages\django\db\backends\utils.py", line 105, in _execute
    return self.cursor.execute(sql, params)
  File "C:\Users\HP\AppData\Roaming\Python\Python310\site-packages\django\db\backends\sqlite3\base.py", line 360, in execute
    return super().execute(query, params)
django.db.utils.OperationalError: no such table: plag_userprofile
"GET /dashboard/ HTTP/1.1" 500 322102
Dashboard error for user 2: Cannot resolve keyword 'organization' into field. Choices are: comment, date_joined, email, first_name, groups, id, is_active, is_staff, is_superuser, last_login, last_name, logentry, notifications, password, readerdocument, user_permissions, username, userprofile
Unhandled exception: no such table: plag_userprofile
Traceback (most recent call last):
  File "D:\python\plagiarismcheckerextra\plag\views.py", line 81, in dashboard
    'org_students': User.objects.filter(role='student', organization__isnull=False).count(),
  File "C:\Users\HP\AppData\Roaming\Python\Python310\site-packages\django\db\models\manager.py", line 87, in manager_method
    return getattr(self.get_queryset(), name)(*args, **kwargs)
  File "C:\Users\HP\AppData\Roaming\Python\Python310\site-packages\django\db\models\query.py", line 1493, in filter
    return self._filter_or_exclude(False, args, kwargs)
  File "C:\Users\HP\AppData\Roaming\Python\Python310\site-packages\django\db\models\query.py", line 1511, in _filter_or_exclude
    clone._filter_or_exclude_inplace(negate, args, kwargs)
  File "C:\Users\HP\AppData\Roaming\Python\Python310\site-packages\django\db\models\query.py", line 1518, in _filter_or_exclude_inplace
    self._query.add_q(Q(*args, **kwargs))
  File "C:\Users\HP\AppData\Roaming\Python\Python310\site-packages\django\db\models\sql\query.py", line 1646, in add_q
    clause, _ = self._add_q(q_object, can_reuse)
  File "C:\Users\HP\AppData\Roaming\Python\Python310\site-packages\django\db\models\sql\query.py", line 1678, in _add_q
    child_clause, needed_inner = self.build_filter(
  File "C:\Users\HP\AppData\Roaming\Python\Python310\site-packages\django\db\models\sql\query.py", line 1526, in build_filter
    lookups, parts, reffed_expression = self.solve_lookup_type(arg, summarize)
  File "C:\Users\HP\AppData\Roaming\Python\Python310\site-packages\django\db\models\sql\query.py", line 1333, in solve_lookup_type
    _, field, _, lookup_parts = self.names_to_path(lookup_splitted, self.get_meta())
  File "C:\Users\HP\AppData\Roaming\Python\Python310\site-packages\django\db\models\sql\query.py", line 1806, in names_to_path
    raise FieldError(
django.core.exceptions.FieldError: Cannot resolve keyword 'organization' into field. Choices are: comment, date_joined, email, first_name, groups, id, is_active, is_staff, is_superuser, last_login, last_name, logentry, notifications, password, readerdocument, user_permissions, username, userprofile

During handling of the above exception, another exception occurred:

Traceback (most recent call last):
  File "C:\Users\HP\AppData\Roaming\Python\Python310\site-packages\django\template\base.py", line 891, in _resolve_lookup
    current = current[bit]
  File "C:\Users\HP\AppData\Roaming\Python\Python310\site-packages\django\utils\functional.py", line 253, in inner
    return func(_wrapped, *args)
TypeError: 'User' object is not subscriptable

During handling of the above exception, another exception occurred:

Traceback (most recent call last):
  File "C:\Users\HP\AppData\Roaming\Python\Python310\site-packages\django\db\models\fields\related_descriptors.py", line 516, in __get__
    rel_obj = self.related.get_cached_value(instance)
  File "C:\Users\HP\AppData\Roaming\Python\Python310\site-packages\django\db\models\fields\mixins.py", line 37, in get_cached_value
    return instance._state.fields_cache[self.cache_name]
KeyError: 'userprofile'

During handling of the above exception, another exception occurred:

Traceback (most recent call last):
  File "C:\Users\HP\AppData\Roaming\Python\Python310\site-packages\django\db\backends\utils.py", line 105, in _execute
    return self.cursor.execute(sql, params)
  File "C:\Users\HP\AppData\Roaming\Python\Python310\site-packages\django\db\backends\sqlite3\base.py", line 360, in execute
    return super().execute(query, params)
sqlite3.OperationalError: no such table: plag_userprofile

The above exception was the direct cause of the following exception:

Traceback (most recent call last):
  File "C:\Users\HP\AppData\Roaming\Python\Python310\site-packages\django\core\handlers\base.py", line 197, in _get_response
    response = wrapped_callback(request, *callback_args, **callback_kwargs)
  File "C:\Users\HP\AppData\Roaming\Python\Python310\site-packages\django\contrib\auth\decorators.py", line 59, in _view_wrapper
    return view_func(request, *args, **kwargs)
  File "D:\python\plagiarismcheckerextra\plag\views.py", line 154, in dashboard
    return render(request, "dashboard.html", context)
  File "C:\Users\HP\AppData\Roaming\Python\Python310\site-packages\django\shortcuts.py", line 25, in render
    content = loader.render_to_string(template_name, context, request, using=using)
  File "C:\Users\HP\AppData\Roaming\Python\Python310\site-packages\django\template\loader.py", line 62, in render_to_string
    return template.render(context, request)
  File "C:\Users\HP\AppData\Roaming\Python\Python310\site-packages\django\template\backends\django.py", line 107, in render
    return self.template.render(context)
  File "C:\Users\HP\AppData\Roaming\Python\Python310\site-packages\django\template\base.py", line 171, in render
    return self._render(context)
  File "C:\Users\HP\AppData\Roaming\Python\Python310\site-packages\django\template\base.py", line 163, in _render
    return self.nodelist.render(context)
  File "C:\Users\HP\AppData\Roaming\Python\Python310\site-packages\django\template\base.py", line 1016, in render
    return SafeString("".join([node.render_annotated(context) for node in self]))
  File "C:\Users\HP\AppData\Roaming\Python\Python310\site-packages\django\template\base.py", line 1016, in <listcomp>
    return SafeString("".join([node.render_annotated(context) for node in self]))
  File "C:\Users\HP\AppData\Roaming\Python\Python310\site-packages\django\template\base.py", line 977, in render_annotated
    return self.render(context)
  File "C:\Users\HP\AppData\Roaming\Python\Python310\site-packages\django\template\loader_tags.py", line 159, in render
    return compiled_parent._render(context)
  File "C:\Users\HP\AppData\Roaming\Python\Python310\site-packages\django\template\base.py", line 163, in _render
    return self.nodelist.render(context)
  File "C:\Users\HP\AppData\Roaming\Python\Python310\site-packages\django\template\base.py", line 1016, in render
    return SafeString("".join([node.render_annotated(context) for node in self]))
  File "C:\Users\HP\AppData\Roaming\Python\Python310\site-packages\django\template\base.py", line 1016, in <listcomp>
    return SafeString("".join([node.render_annotated(context) for node in self]))
  File "C:\Users\HP\AppData\Roaming\Python\Python310\site-packages\django\template\base.py", line 977, in render_annotated
    return self.render(context)
  File "C:\Users\HP\AppData\Roaming\Python\Python310\site-packages\django\template\loader_tags.py", line 65, in render
    result = block.nodelist.render(context)
  File "C:\Users\HP\AppData\Roaming\Python\Python310\site-packages\django\template\base.py", line 1016, in render
    return SafeString("".join([node.render_annotated(context) for node in self]))
  File "C:\Users\HP\AppData\Roaming\Python\Python310\site-packages\django\template\base.py", line 1016, in <listcomp>
    return SafeString("".join([node.render_annotated(context) for node in self]))
  File "C:\Users\HP\AppData\Roaming\Python\Python310\site-packages\django\template\base.py", line 977, in render_annotated
    return self.render(context)
  File "C:\Users\HP\AppData\Roaming\Python\Python310\site-packages\django\template\defaulttags.py", line 320, in render
    match = condition.eval(context)
  File "C:\Users\HP\AppData\Roaming\Python\Python310\site-packages\django\template\defaulttags.py", line 886, in eval
    return self.value.resolve(context, ignore_failures=True)
  File "C:\Users\HP\AppData\Roaming\Python\Python310\site-packages\django\template\base.py", line 722, in resolve
    obj = self.var.resolve(context)
  File "C:\Users\HP\AppData\Roaming\Python\Python310\site-packages\django\template\base.py", line 854, in resolve
    value = self._resolve_lookup(context)
  File "C:\Users\HP\AppData\Roaming\Python\Python310\site-packages\django\template\base.py", line 901, in _resolve_lookup
    current = getattr(current, bit)
  File "C:\Users\HP\AppData\Roaming\Python\Python310\site-packages\django\utils\functional.py", line 253, in inner
    return func(_wrapped, *args)
  File "C:\Users\HP\AppData\Roaming\Python\Python310\site-packages\django\db\models\fields\related_descriptors.py", line 523, in __get__
    rel_obj = self.get_queryset(instance=instance).get(**filter_args)
  File "C:\Users\HP\AppData\Roaming\Python\Python310\site-packages\django\db\models\query.py", line 629, in get
    num = len(clone)
  File "C:\Users\HP\AppData\Roaming\Python\Python310\site-packages\django\db\models\query.py", line 366, in __len__
    self._fetch_all()
  File "C:\Users\HP\AppData\Roaming\Python\Python310\site-packages\django\db\models\query.py", line 1949, in _fetch_all
    self._result_cache = list(self._iterable_class(self))
  File "C:\Users\HP\AppData\Roaming\Python\Python310\site-packages\django\db\models\query.py", line 91, in __iter__
    results = compiler.execute_sql(
  File "C:\Users\HP\AppData\Roaming\Python\Python310\site-packages\django\db\models\sql\compiler.py", line 1623, in execute_sql
    cursor.execute(sql, params)
  File "C:\Users\HP\AppData\Roaming\Python\Python310\site-packages\django\db\backends\utils.py", line 122, in execute
    return super().execute(sql, params)
  File "C:\Users\HP\AppData\Roaming\Python\Python310\site-packages\django\db\backends\utils.py", line 79, in execute
    return self._execute_with_wrappers(
  File "C:\Users\HP\AppData\Roaming\Python\Python310\site-packages\django\db\backends\utils.py", line 92, in _execute_with_wrappers
    return executor(sql, params, many, context)
  File "C:\Users\HP\AppData\Roaming\Python\Python310\site-packages\django\db\backends\utils.py", line 100, in _execute
    with self.db.wrap_database_errors:
  File "C:\Users\HP\AppData\Roaming\Python\Python310\site-packages\django\db\utils.py", line 91, in __exit__
    raise dj_exc_value.with_traceback(traceback) from exc_value
  File "C:\Users\HP\AppData\Roaming\Python\Python310\site-packages\django\db\backends\utils.py", line 105, in _execute
    return self.cursor.execute(sql, params)
  File "C:\Users\HP\AppData\Roaming\Python\Python310\site-packages\django\db\backends\sqlite3\base.py", line 360, in execute
    return super().execute(query, params)
django.db.utils.OperationalError: no such table: plag_userprofile
Internal Server Error: /dashboard/
Traceback (most recent call last):
  File "D:\python\plagiarismcheckerextra\plag\views.py", line 81, in dashboard
    'org_students': User.objects.filter(role='student', organization__isnull=False).count(),
  File "C:\Users\HP\AppData\Roaming\Python\Python310\site-packages\django\db\models\manager.py", line 87, in manager_method
    return getattr(self.get_queryset(), name)(*args, **kwargs)
  File "C:\Users\HP\AppData\Roaming\Python\Python310\site-packages\django\db\models\query.py", line 1493, in filter
    return self._filter_or_exclude(False, args, kwargs)
  File "C:\Users\HP\AppData\Roaming\Python\Python310\site-packages\django\db\models\query.py", line 1511, in _filter_or_exclude
    clone._filter_or_exclude_inplace(negate, args, kwargs)
  File "C:\Users\HP\AppData\Roaming\Python\Python310\site-packages\django\db\models\query.py", line 1518, in _filter_or_exclude_inplace
    self._query.add_q(Q(*args, **kwargs))
  File "C:\Users\HP\AppData\Roaming\Python\Python310\site-packages\django\db\models\sql\query.py", line 1646, in add_q
    clause, _ = self._add_q(q_object, can_reuse)
  File "C:\Users\HP\AppData\Roaming\Python\Python310\site-packages\django\db\models\sql\query.py", line 1678, in _add_q
    child_clause, needed_inner = self.build_filter(
  File "C:\Users\HP\AppData\Roaming\Python\Python310\site-packages\django\db\models\sql\query.py", line 1526, in build_filter
    lookups, parts, reffed_expression = self.solve_lookup_type(arg, summarize)
  File "C:\Users\HP\AppData\Roaming\Python\Python310\site-packages\django\db\models\sql\query.py", line 1333, in solve_lookup_type
    _, field, _, lookup_parts = self.names_to_path(lookup_splitted, self.get_meta())
  File "C:\Users\HP\AppData\Roaming\Python\Python310\site-packages\django\db\models\sql\query.py", line 1806, in names_to_path
    raise FieldError(
django.core.exceptions.FieldError: Cannot resolve keyword 'organization' into field. Choices are: comment, date_joined, email, first_name, groups, id, is_active, is_staff, is_superuser, last_login, last_name, logentry, notifications, password, readerdocument, user_permissions, username, userprofile

During handling of the above exception, another exception occurred:

Traceback (most recent call last):
  File "C:\Users\HP\AppData\Roaming\Python\Python310\site-packages\django\template\base.py", line 891, in _resolve_lookup
    current = current[bit]
  File "C:\Users\HP\AppData\Roaming\Python\Python310\site-packages\django\utils\functional.py", line 253, in inner
    return func(_wrapped, *args)
TypeError: 'User' object is not subscriptable

During handling of the above exception, another exception occurred:

Traceback (most recent call last):
  File "C:\Users\HP\AppData\Roaming\Python\Python310\site-packages\django\db\models\fields\related_descriptors.py", line 516, in __get__
    rel_obj = self.related.get_cached_value(instance)
  File "C:\Users\HP\AppData\Roaming\Python\Python310\site-packages\django\db\models\fields\mixins.py", line 37, in get_cached_value
    return instance._state.fields_cache[self.cache_name]
KeyError: 'userprofile'

During handling of the above exception, another exception occurred:

Traceback (most recent call last):
  File "C:\Users\HP\AppData\Roaming\Python\Python310\site-packages\django\db\backends\utils.py", line 105, in _execute
    return self.cursor.execute(sql, params)
  File "C:\Users\HP\AppData\Roaming\Python\Python310\site-packages\django\db\backends\sqlite3\base.py", line 360, in execute
    return super().execute(query, params)
sqlite3.OperationalError: no such table: plag_userprofile

The above exception was the direct cause of the following exception:

Traceback (most recent call last):
  File "C:\Users\HP\AppData\Roaming\Python\Python310\site-packages\django\core\handlers\exception.py", line 55, in inner
    response = get_response(request)
  File "C:\Users\HP\AppData\Roaming\Python\Python310\site-packages\django\core\handlers\base.py", line 197, in _get_response
    response = wrapped_callback(request, *callback_args, **callback_kwargs)
  File "C:\Users\HP\AppData\Roaming\Python\Python310\site-packages\django\contrib\auth\decorators.py", line 59, in _view_wrapper
    return view_func(request, *args, **kwargs)
  File "D:\python\plagiarismcheckerextra\plag\views.py", line 154, in dashboard
    return render(request, "dashboard.html", context)
  File "C:\Users\HP\AppData\Roaming\Python\Python310\site-packages\django\shortcuts.py", line 25, in render
    content = loader.render_to_string(template_name, context, request, using=using)
  File "C:\Users\HP\AppData\Roaming\Python\Python310\site-packages\django\template\loader.py", line 62, in render_to_string
    return template.render(context, request)
  File "C:\Users\HP\AppData\Roaming\Python\Python310\site-packages\django\template\backends\django.py", line 107, in render
    return self.template.render(context)
  File "C:\Users\HP\AppData\Roaming\Python\Python310\site-packages\django\template\base.py", line 171, in render
    return self._render(context)
  File "C:\Users\HP\AppData\Roaming\Python\Python310\site-packages\django\template\base.py", line 163, in _render
    return self.nodelist.render(context)
  File "C:\Users\HP\AppData\Roaming\Python\Python310\site-packages\django\template\base.py", line 1016, in render
    return SafeString("".join([node.render_annotated(context) for node in self]))
  File "C:\Users\HP\AppData\Roaming\Python\Python310\site-packages\django\template\base.py", line 1016, in <listcomp>
    return SafeString("".join([node.render_annotated(context) for node in self]))
  File "C:\Users\HP\AppData\Roaming\Python\Python310\site-packages\django\template\base.py", line 977, in render_annotated
    return self.render(context)
  File "C:\Users\HP\AppData\Roaming\Python\Python310\site-packages\django\template\loader_tags.py", line 159, in render
    return compiled_parent._render(context)
  File "C:\Users\HP\AppData\Roaming\Python\Python310\site-packages\django\template\base.py", line 163, in _render
    return self.nodelist.render(context)
  File "C:\Users\HP\AppData\Roaming\Python\Python310\site-packages\django\template\base.py", line 1016, in render
    return SafeString("".join([node.render_annotated(context) for node in self]))
  File "C:\Users\HP\AppData\Roaming\Python\Python310\site-packages\django\template\base.py", line 1016, in <listcomp>
    return SafeString("".join([node.render_annotated(context) for node in self]))
  File "C:\Users\HP\AppData\Roaming\Python\Python310\site-packages\django\template\base.py", line 977, in render_annotated
    return self.render(context)
  File "C:\Users\HP\AppData\Roaming\Python\Python310\site-packages\django\template\loader_tags.py", line 65, in render
    result = block.nodelist.render(context)
  File "C:\Users\HP\AppData\Roaming\Python\Python310\site-packages\django\template\base.py", line 1016, in render
    return SafeString("".join([node.render_annotated(context) for node in self]))
  File "C:\Users\HP\AppData\Roaming\Python\Python310\site-packages\django\template\base.py", line 1016, in <listcomp>
    return SafeString("".join([node.render_annotated(context) for node in self]))
  File "C:\Users\HP\AppData\Roaming\Python\Python310\site-packages\django\template\base.py", line 977, in render_annotated
    return self.render(context)
  File "C:\Users\HP\AppData\Roaming\Python\Python310\site-packages\django\template\defaulttags.py", line 320, in render
    match = condition.eval(context)
  File "C:\Users\HP\AppData\Roaming\Python\Python310\site-packages\django\template\defaulttags.py", line 886, in eval
    return self.value.resolve(context, ignore_failures=True)
  File "C:\Users\HP\AppData\Roaming\Python\Python310\site-packages\django\template\base.py", line 722, in resolve
    obj = self.var.resolve(context)
  File "C:\Users\HP\AppData\Roaming\Python\Python310\site-packages\django\template\base.py", line 854, in resolve
    value = self._resolve_lookup(context)
  File "C:\Users\HP\AppData\Roaming\Python\Python310\site-packages\django\template\base.py", line 901, in _resolve_lookup
    current = getattr(current, bit)
  File "C:\Users\HP\AppData\Roaming\Python\Python310\site-packages\django\utils\functional.py", line 253, in inner
    return func(_wrapped, *args)
  File "C:\Users\HP\AppData\Roaming\Python\Python310\site-packages\django\db\models\fields\related_descriptors.py", line 523, in __get__
    rel_obj = self.get_queryset(instance=instance).get(**filter_args)
  File "C:\Users\HP\AppData\Roaming\Python\Python310\site-packages\django\db\models\query.py", line 629, in get
    num = len(clone)
  File "C:\Users\HP\AppData\Roaming\Python\Python310\site-packages\django\db\models\query.py", line 366, in __len__
    self._fetch_all()
  File "C:\Users\HP\AppData\Roaming\Python\Python310\site-packages\django\db\models\query.py", line 1949, in _fetch_all
    self._result_cache = list(self._iterable_class(self))
  File "C:\Users\HP\AppData\Roaming\Python\Python310\site-packages\django\db\models\query.py", line 91, in __iter__
    results = compiler.execute_sql(
  File "C:\Users\HP\AppData\Roaming\Python\Python310\site-packages\django\db\models\sql\compiler.py", line 1623, in execute_sql
    cursor.execute(sql, params)
  File "C:\Users\HP\AppData\Roaming\Python\Python310\site-packages\django\db\backends\utils.py", line 122, in execute
    return super().execute(sql, params)
  File "C:\Users\HP\AppData\Roaming\Python\Python310\site-packages\django\db\backends\utils.py", line 79, in execute
    return self._execute_with_wrappers(
  File "C:\Users\HP\AppData\Roaming\Python\Python310\site-packages\django\db\backends\utils.py", line 92, in _execute_with_wrappers
    return executor(sql, params, many, context)
  File "C:\Users\HP\AppData\Roaming\Python\Python310\site-packages\django\db\backends\utils.py", line 100, in _execute
    with self.db.wrap_database_errors:
  File "C:\Users\HP\AppData\Roaming\Python\Python310\site-packages\django\db\utils.py", line 91, in __exit__
    raise dj_exc_value.with_traceback(traceback) from exc_value
  File "C:\Users\HP\AppData\Roaming\Python\Python310\site-packages\django\db\backends\utils.py", line 105, in _execute
    return self.cursor.execute(sql, params)
  File "C:\Users\HP\AppData\Roaming\Python\Python310\site-packages\django\db\backends\sqlite3\base.py", line 360, in execute
    return super().execute(query, params)
django.db.utils.OperationalError: no such table: plag_userprofile
"GET /dashboard/ HTTP/1.1" 500 322102
Dashboard error for user 2: Cannot resolve keyword 'organization' into field. Choices are: comment, date_joined, email, first_name, groups, id, is_active, is_staff, is_superuser, last_login, last_name, logentry, notifications, password, readerdocument, user_permissions, username, userprofile
Unhandled exception: no such table: plag_userprofile
Traceback (most recent call last):
  File "D:\python\plagiarismcheckerextra\plag\views.py", line 81, in dashboard
    'org_students': User.objects.filter(role='student', organization__isnull=False).count(),
  File "C:\Users\HP\AppData\Roaming\Python\Python310\site-packages\django\db\models\manager.py", line 87, in manager_method
    return getattr(self.get_queryset(), name)(*args, **kwargs)
  File "C:\Users\HP\AppData\Roaming\Python\Python310\site-packages\django\db\models\query.py", line 1493, in filter
    return self._filter_or_exclude(False, args, kwargs)
  File "C:\Users\HP\AppData\Roaming\Python\Python310\site-packages\django\db\models\query.py", line 1511, in _filter_or_exclude
    clone._filter_or_exclude_inplace(negate, args, kwargs)
  File "C:\Users\HP\AppData\Roaming\Python\Python310\site-packages\django\db\models\query.py", line 1518, in _filter_or_exclude_inplace
    self._query.add_q(Q(*args, **kwargs))
  File "C:\Users\HP\AppData\Roaming\Python\Python310\site-packages\django\db\models\sql\query.py", line 1646, in add_q
    clause, _ = self._add_q(q_object, can_reuse)
  File "C:\Users\HP\AppData\Roaming\Python\Python310\site-packages\django\db\models\sql\query.py", line 1678, in _add_q
    child_clause, needed_inner = self.build_filter(
  File "C:\Users\HP\AppData\Roaming\Python\Python310\site-packages\django\db\models\sql\query.py", line 1526, in build_filter
    lookups, parts, reffed_expression = self.solve_lookup_type(arg, summarize)
  File "C:\Users\HP\AppData\Roaming\Python\Python310\site-packages\django\db\models\sql\query.py", line 1333, in solve_lookup_type
    _, field, _, lookup_parts = self.names_to_path(lookup_splitted, self.get_meta())
  File "C:\Users\HP\AppData\Roaming\Python\Python310\site-packages\django\db\models\sql\query.py", line 1806, in names_to_path
    raise FieldError(
django.core.exceptions.FieldError: Cannot resolve keyword 'organization' into field. Choices are: comment, date_joined, email, first_name, groups, id, is_active, is_staff, is_superuser, last_login, last_name, logentry, notifications, password, readerdocument, user_permissions, username, userprofile

During handling of the above exception, another exception occurred:

Traceback (most recent call last):
  File "C:\Users\HP\AppData\Roaming\Python\Python310\site-packages\django\template\base.py", line 891, in _resolve_lookup
    current = current[bit]
  File "C:\Users\HP\AppData\Roaming\Python\Python310\site-packages\django\utils\functional.py", line 253, in inner
    return func(_wrapped, *args)
TypeError: 'User' object is not subscriptable

During handling of the above exception, another exception occurred:

Traceback (most recent call last):
  File "C:\Users\HP\AppData\Roaming\Python\Python310\site-packages\django\db\models\fields\related_descriptors.py", line 516, in __get__
    rel_obj = self.related.get_cached_value(instance)
  File "C:\Users\HP\AppData\Roaming\Python\Python310\site-packages\django\db\models\fields\mixins.py", line 37, in get_cached_value
    return instance._state.fields_cache[self.cache_name]
KeyError: 'userprofile'

During handling of the above exception, another exception occurred:

Traceback (most recent call last):
  File "C:\Users\HP\AppData\Roaming\Python\Python310\site-packages\django\db\backends\utils.py", line 105, in _execute
    return self.cursor.execute(sql, params)
  File "C:\Users\HP\AppData\Roaming\Python\Python310\site-packages\django\db\backends\sqlite3\base.py", line 360, in execute
    return super().execute(query, params)
sqlite3.OperationalError: no such table: plag_userprofile

The above exception was the direct cause of the following exception:

Traceback (most recent call last):
  File "C:\Users\HP\AppData\Roaming\Python\Python310\site-packages\django\core\handlers\base.py", line 197, in _get_response
    response = wrapped_callback(request, *callback_args, **callback_kwargs)
  File "C:\Users\HP\AppData\Roaming\Python\Python310\site-packages\django\contrib\auth\decorators.py", line 59, in _view_wrapper
    return view_func(request, *args, **kwargs)
  File "D:\python\plagiarismcheckerextra\plag\views.py", line 154, in dashboard
    return render(request, "dashboard.html", context)
  File "C:\Users\HP\AppData\Roaming\Python\Python310\site-packages\django\shortcuts.py", line 25, in render
    content = loader.render_to_string(template_name, context, request, using=using)
  File "C:\Users\HP\AppData\Roaming\Python\Python310\site-packages\django\template\loader.py", line 62, in render_to_string
    return template.render(context, request)
  File "C:\Users\HP\AppData\Roaming\Python\Python310\site-packages\django\template\backends\django.py", line 107, in render
    return self.template.render(context)
  File "C:\Users\HP\AppData\Roaming\Python\Python310\site-packages\django\template\base.py", line 171, in render
    return self._render(context)
  File "C:\Users\HP\AppData\Roaming\Python\Python310\site-packages\django\template\base.py", line 163, in _render
    return self.nodelist.render(context)
  File "C:\Users\HP\AppData\Roaming\Python\Python310\site-packages\django\template\base.py", line 1016, in render
    return SafeString("".join([node.render_annotated(context) for node in self]))
  File "C:\Users\HP\AppData\Roaming\Python\Python310\site-packages\django\template\base.py", line 1016, in <listcomp>
    return SafeString("".join([node.render_annotated(context) for node in self]))
  File "C:\Users\HP\AppData\Roaming\Python\Python310\site-packages\django\template\base.py", line 977, in render_annotated
    return self.render(context)
  File "C:\Users\HP\AppData\Roaming\Python\Python310\site-packages\django\template\loader_tags.py", line 159, in render
    return compiled_parent._render(context)
  File "C:\Users\HP\AppData\Roaming\Python\Python310\site-packages\django\template\base.py", line 163, in _render
    return self.nodelist.render(context)
  File "C:\Users\HP\AppData\Roaming\Python\Python310\site-packages\django\template\base.py", line 1016, in render
    return SafeString("".join([node.render_annotated(context) for node in self]))
  File "C:\Users\HP\AppData\Roaming\Python\Python310\site-packages\django\template\base.py", line 1016, in <listcomp>
    return SafeString("".join([node.render_annotated(context) for node in self]))
  File "C:\Users\HP\AppData\Roaming\Python\Python310\site-packages\django\template\base.py", line 977, in render_annotated
    return self.render(context)
  File "C:\Users\HP\AppData\Roaming\Python\Python310\site-packages\django\template\loader_tags.py", line 65, in render
    result = block.nodelist.render(context)
  File "C:\Users\HP\AppData\Roaming\Python\Python310\site-packages\django\template\base.py", line 1016, in render
    return SafeString("".join([node.render_annotated(context) for node in self]))
  File "C:\Users\HP\AppData\Roaming\Python\Python310\site-packages\django\template\base.py", line 1016, in <listcomp>
    return SafeString("".join([node.render_annotated(context) for node in self]))
  File "C:\Users\HP\AppData\Roaming\Python\Python310\site-packages\django\template\base.py", line 977, in render_annotated
    return self.render(context)
  File "C:\Users\HP\AppData\Roaming\Python\Python310\site-packages\django\template\defaulttags.py", line 320, in render
    match = condition.eval(context)
  File "C:\Users\HP\AppData\Roaming\Python\Python310\site-packages\django\template\defaulttags.py", line 886, in eval
    return self.value.resolve(context, ignore_failures=True)
  File "C:\Users\HP\AppData\Roaming\Python\Python310\site-packages\django\template\base.py", line 722, in resolve
    obj = self.var.resolve(context)
  File "C:\Users\HP\AppData\Roaming\Python\Python310\site-packages\django\template\base.py", line 854, in resolve
    value = self._resolve_lookup(context)
  File "C:\Users\HP\AppData\Roaming\Python\Python310\site-packages\django\template\base.py", line 901, in _resolve_lookup
    current = getattr(current, bit)
  File "C:\Users\HP\AppData\Roaming\Python\Python310\site-packages\django\utils\functional.py", line 253, in inner
    return func(_wrapped, *args)
  File "C:\Users\HP\AppData\Roaming\Python\Python310\site-packages\django\db\models\fields\related_descriptors.py", line 523, in __get__
    rel_obj = self.get_queryset(instance=instance).get(**filter_args)
  File "C:\Users\HP\AppData\Roaming\Python\Python310\site-packages\django\db\models\query.py", line 629, in get
    num = len(clone)
  File "C:\Users\HP\AppData\Roaming\Python\Python310\site-packages\django\db\models\query.py", line 366, in __len__
    self._fetch_all()
  File "C:\Users\HP\AppData\Roaming\Python\Python310\site-packages\django\db\models\query.py", line 1949, in _fetch_all
    self._result_cache = list(self._iterable_class(self))
  File "C:\Users\HP\AppData\Roaming\Python\Python310\site-packages\django\db\models\query.py", line 91, in __iter__
    results = compiler.execute_sql(
  File "C:\Users\HP\AppData\Roaming\Python\Python310\site-packages\django\db\models\sql\compiler.py", line 1623, in execute_sql
    cursor.execute(sql, params)
  File "C:\Users\HP\AppData\Roaming\Python\Python310\site-packages\django\db\backends\utils.py", line 122, in execute
    return super().execute(sql, params)
  File "C:\Users\HP\AppData\Roaming\Python\Python310\site-packages\django\db\backends\utils.py", line 79, in execute
    return self._execute_with_wrappers(
  File "C:\Users\HP\AppData\Roaming\Python\Python310\site-packages\django\db\backends\utils.py", line 92, in _execute_with_wrappers
    return executor(sql, params, many, context)
  File "C:\Users\HP\AppData\Roaming\Python\Python310\site-packages\django\db\backends\utils.py", line 100, in _execute
    with self.db.wrap_database_errors:
  File "C:\Users\HP\AppData\Roaming\Python\Python310\site-packages\django\db\utils.py", line 91, in __exit__
    raise dj_exc_value.with_traceback(traceback) from exc_value
  File "C:\Users\HP\AppData\Roaming\Python\Python310\site-packages\django\db\backends\utils.py", line 105, in _execute
    return self.cursor.execute(sql, params)
  File "C:\Users\HP\AppData\Roaming\Python\Python310\site-packages\django\db\backends\sqlite3\base.py", line 360, in execute
    return super().execute(query, params)
django.db.utils.OperationalError: no such table: plag_userprofile
Internal Server Error: /dashboard/
Traceback (most recent call last):
  File "D:\python\plagiarismcheckerextra\plag\views.py", line 81, in dashboard
    'org_students': User.objects.filter(role='student', organization__isnull=False).count(),
  File "C:\Users\HP\AppData\Roaming\Python\Python310\site-packages\django\db\models\manager.py", line 87, in manager_method
    return getattr(self.get_queryset(), name)(*args, **kwargs)
  File "C:\Users\HP\AppData\Roaming\Python\Python310\site-packages\django\db\models\query.py", line 1493, in filter
    return self._filter_or_exclude(False, args, kwargs)
  File "C:\Users\HP\AppData\Roaming\Python\Python310\site-packages\django\db\models\query.py", line 1511, in _filter_or_exclude
    clone._filter_or_exclude_inplace(negate, args, kwargs)
  File "C:\Users\HP\AppData\Roaming\Python\Python310\site-packages\django\db\models\query.py", line 1518, in _filter_or_exclude_inplace
    self._query.add_q(Q(*args, **kwargs))
  File "C:\Users\HP\AppData\Roaming\Python\Python310\site-packages\django\db\models\sql\query.py", line 1646, in add_q
    clause, _ = self._add_q(q_object, can_reuse)
  File "C:\Users\HP\AppData\Roaming\Python\Python310\site-packages\django\db\models\sql\query.py", line 1678, in _add_q
    child_clause, needed_inner = self.build_filter(
  File "C:\Users\HP\AppData\Roaming\Python\Python310\site-packages\django\db\models\sql\query.py", line 1526, in build_filter
    lookups, parts, reffed_expression = self.solve_lookup_type(arg, summarize)
  File "C:\Users\HP\AppData\Roaming\Python\Python310\site-packages\django\db\models\sql\query.py", line 1333, in solve_lookup_type
    _, field, _, lookup_parts = self.names_to_path(lookup_splitted, self.get_meta())
  File "C:\Users\HP\AppData\Roaming\Python\Python310\site-packages\django\db\models\sql\query.py", line 1806, in names_to_path
    raise FieldError(
django.core.exceptions.FieldError: Cannot resolve keyword 'organization' into field. Choices are: comment, date_joined, email, first_name, groups, id, is_active, is_staff, is_superuser, last_login, last_name, logentry, notifications, password, readerdocument, user_permissions, username, userprofile

During handling of the above exception, another exception occurred:

Traceback (most recent call last):
  File "C:\Users\HP\AppData\Roaming\Python\Python310\site-packages\django\template\base.py", line 891, in _resolve_lookup
    current = current[bit]
  File "C:\Users\HP\AppData\Roaming\Python\Python310\site-packages\django\utils\functional.py", line 253, in inner
    return func(_wrapped, *args)
TypeError: 'User' object is not subscriptable

During handling of the above exception, another exception occurred:

Traceback (most recent call last):
  File "C:\Users\HP\AppData\Roaming\Python\Python310\site-packages\django\db\models\fields\related_descriptors.py", line 516, in __get__
    rel_obj = self.related.get_cached_value(instance)
  File "C:\Users\HP\AppData\Roaming\Python\Python310\site-packages\django\db\models\fields\mixins.py", line 37, in get_cached_value
    return instance._state.fields_cache[self.cache_name]
KeyError: 'userprofile'

During handling of the above exception, another exception occurred:

Traceback (most recent call last):
  File "C:\Users\HP\AppData\Roaming\Python\Python310\site-packages\django\db\backends\utils.py", line 105, in _execute
    return self.cursor.execute(sql, params)
  File "C:\Users\HP\AppData\Roaming\Python\Python310\site-packages\django\db\backends\sqlite3\base.py", line 360, in execute
    return super().execute(query, params)
sqlite3.OperationalError: no such table: plag_userprofile

The above exception was the direct cause of the following exception:

Traceback (most recent call last):
  File "C:\Users\HP\AppData\Roaming\Python\Python310\site-packages\django\core\handlers\exception.py", line 55, in inner
    response = get_response(request)
  File "C:\Users\HP\AppData\Roaming\Python\Python310\site-packages\django\core\handlers\base.py", line 197, in _get_response
    response = wrapped_callback(request, *callback_args, **callback_kwargs)
  File "C:\Users\HP\AppData\Roaming\Python\Python310\site-packages\django\contrib\auth\decorators.py", line 59, in _view_wrapper
    return view_func(request, *args, **kwargs)
  File "D:\python\plagiarismcheckerextra\plag\views.py", line 154, in dashboard
    return render(request, "dashboard.html", context)
  File "C:\Users\HP\AppData\Roaming\Python\Python310\site-packages\django\shortcuts.py", line 25, in render
    content = loader.render_to_string(template_name, context, request, using=using)
  File "C:\Users\HP\AppData\Roaming\Python\Python310\site-packages\django\template\loader.py", line 62, in render_to_string
    return template.render(context, request)
  File "C:\Users\HP\AppData\Roaming\Python\Python310\site-packages\django\template\backends\django.py", line 107, in render
    return self.template.render(context)
  File "C:\Users\HP\AppData\Roaming\Python\Python310\site-packages\django\template\base.py", line 171, in render
    return self._render(context)
  File "C:\Users\HP\AppData\Roaming\Python\Python310\site-packages\django\template\base.py", line 163, in _render
    return self.nodelist.render(context)
  File "C:\Users\HP\AppData\Roaming\Python\Python310\site-packages\django\template\base.py", line 1016, in render
    return SafeString("".join([node.render_annotated(context) for node in self]))
  File "C:\Users\HP\AppData\Roaming\Python\Python310\site-packages\django\template\base.py", line 1016, in <listcomp>
    return SafeString("".join([node.render_annotated(context) for node in self]))
  File "C:\Users\HP\AppData\Roaming\Python\Python310\site-packages\django\template\base.py", line 977, in render_annotated
    return self.render(context)
  File "C:\Users\HP\AppData\Roaming\Python\Python310\site-packages\django\template\loader_tags.py", line 159, in render
    return compiled_parent._render(context)
  File "C:\Users\HP\AppData\Roaming\Python\Python310\site-packages\django\template\base.py", line 163, in _render
    return self.nodelist.render(context)
  File "C:\Users\HP\AppData\Roaming\Python\Python310\site-packages\django\template\base.py", line 1016, in render
    return SafeString("".join([node.render_annotated(context) for node in self]))
  File "C:\Users\HP\AppData\Roaming\Python\Python310\site-packages\django\template\base.py", line 1016, in <listcomp>
    return SafeString("".join([node.render_annotated(context) for node in self]))
  File "C:\Users\HP\AppData\Roaming\Python\Python310\site-packages\django\template\base.py", line 977, in render_annotated
    return self.render(context)
  File "C:\Users\HP\AppData\Roaming\Python\Python310\site-packages\django\template\loader_tags.py", line 65, in render
    result = block.nodelist.render(context)
  File "C:\Users\HP\AppData\Roaming\Python\Python310\site-packages\django\template\base.py", line 1016, in render
    return SafeString("".join([node.render_annotated(context) for node in self]))
  File "C:\Users\HP\AppData\Roaming\Python\Python310\site-packages\django\template\base.py", line 1016, in <listcomp>
    return SafeString("".join([node.render_annotated(context) for node in self]))
  File "C:\Users\HP\AppData\Roaming\Python\Python310\site-packages\django\template\base.py", line 977, in render_annotated
    return self.render(context)
  File "C:\Users\HP\AppData\Roaming\Python\Python310\site-packages\django\template\defaulttags.py", line 320, in render
    match = condition.eval(context)
  File "C:\Users\HP\AppData\Roaming\Python\Python310\site-packages\django\template\defaulttags.py", line 886, in eval
    return self.value.resolve(context, ignore_failures=True)
  File "C:\Users\HP\AppData\Roaming\Python\Python310\site-packages\django\template\base.py", line 722, in resolve
    obj = self.var.resolve(context)
  File "C:\Users\HP\AppData\Roaming\Python\Python310\site-packages\django\template\base.py", line 854, in resolve
    value = self._resolve_lookup(context)
  File "C:\Users\HP\AppData\Roaming\Python\Python310\site-packages\django\template\base.py", line 901, in _resolve_lookup
    current = getattr(current, bit)
  File "C:\Users\HP\AppData\Roaming\Python\Python310\site-packages\django\utils\functional.py", line 253, in inner
    return func(_wrapped, *args)
  File "C:\Users\HP\AppData\Roaming\Python\Python310\site-packages\django\db\models\fields\related_descriptors.py", line 523, in __get__
    rel_obj = self.get_queryset(instance=instance).get(**filter_args)
  File "C:\Users\HP\AppData\Roaming\Python\Python310\site-packages\django\db\models\query.py", line 629, in get
    num = len(clone)
  File "C:\Users\HP\AppData\Roaming\Python\Python310\site-packages\django\db\models\query.py", line 366, in __len__
    self._fetch_all()
  File "C:\Users\HP\AppData\Roaming\Python\Python310\site-packages\django\db\models\query.py", line 1949, in _fetch_all
    self._result_cache = list(self._iterable_class(self))
  File "C:\Users\HP\AppData\Roaming\Python\Python310\site-packages\django\db\models\query.py", line 91, in __iter__
    results = compiler.execute_sql(
  File "C:\Users\HP\AppData\Roaming\Python\Python310\site-packages\django\db\models\sql\compiler.py", line 1623, in execute_sql
    cursor.execute(sql, params)
  File "C:\Users\HP\AppData\Roaming\Python\Python310\site-packages\django\db\backends\utils.py", line 122, in execute
    return super().execute(sql, params)
  File "C:\Users\HP\AppData\Roaming\Python\Python310\site-packages\django\db\backends\utils.py", line 79, in execute
    return self._execute_with_wrappers(
  File "C:\Users\HP\AppData\Roaming\Python\Python310\site-packages\django\db\backends\utils.py", line 92, in _execute_with_wrappers
    return executor(sql, params, many, context)
  File "C:\Users\HP\AppData\Roaming\Python\Python310\site-packages\django\db\backends\utils.py", line 100, in _execute
    with self.db.wrap_database_errors:
  File "C:\Users\HP\AppData\Roaming\Python\Python310\site-packages\django\db\utils.py", line 91, in __exit__
    raise dj_exc_value.with_traceback(traceback) from exc_value
  File "C:\Users\HP\AppData\Roaming\Python\Python310\site-packages\django\db\backends\utils.py", line 105, in _execute
    return self.cursor.execute(sql, params)
  File "C:\Users\HP\AppData\Roaming\Python\Python310\site-packages\django\db\backends\sqlite3\base.py", line 360, in execute
    return super().execute(query, params)
django.db.utils.OperationalError: no such table: plag_userprofile
"GET /dashboard/ HTTP/1.1" 500 322102
Dashboard error for user 2: Cannot resolve keyword 'organization' into field. Choices are: comment, date_joined, email, first_name, groups, id, is_active, is_staff, is_superuser, last_login, last_name, logentry, notifications, password, readerdocument, user_permissions, username, userprofile
Unhandled exception: no such table: plag_userprofile
Traceback (most recent call last):
  File "D:\python\plagiarismcheckerextra\plag\views.py", line 81, in dashboard
    'org_students': User.objects.filter(role='student', organization__isnull=False).count(),
  File "C:\Users\HP\AppData\Roaming\Python\Python310\site-packages\django\db\models\manager.py", line 87, in manager_method
    return getattr(self.get_queryset(), name)(*args, **kwargs)
  File "C:\Users\HP\AppData\Roaming\Python\Python310\site-packages\django\db\models\query.py", line 1493, in filter
    return self._filter_or_exclude(False, args, kwargs)
  File "C:\Users\HP\AppData\Roaming\Python\Python310\site-packages\django\db\models\query.py", line 1511, in _filter_or_exclude
    clone._filter_or_exclude_inplace(negate, args, kwargs)
  File "C:\Users\HP\AppData\Roaming\Python\Python310\site-packages\django\db\models\query.py", line 1518, in _filter_or_exclude_inplace
    self._query.add_q(Q(*args, **kwargs))
  File "C:\Users\HP\AppData\Roaming\Python\Python310\site-packages\django\db\models\sql\query.py", line 1646, in add_q
    clause, _ = self._add_q(q_object, can_reuse)
  File "C:\Users\HP\AppData\Roaming\Python\Python310\site-packages\django\db\models\sql\query.py", line 1678, in _add_q
    child_clause, needed_inner = self.build_filter(
  File "C:\Users\HP\AppData\Roaming\Python\Python310\site-packages\django\db\models\sql\query.py", line 1526, in build_filter
    lookups, parts, reffed_expression = self.solve_lookup_type(arg, summarize)
  File "C:\Users\HP\AppData\Roaming\Python\Python310\site-packages\django\db\models\sql\query.py", line 1333, in solve_lookup_type
    _, field, _, lookup_parts = self.names_to_path(lookup_splitted, self.get_meta())
  File "C:\Users\HP\AppData\Roaming\Python\Python310\site-packages\django\db\models\sql\query.py", line 1806, in names_to_path
    raise FieldError(
django.core.exceptions.FieldError: Cannot resolve keyword 'organization' into field. Choices are: comment, date_joined, email, first_name, groups, id, is_active, is_staff, is_superuser, last_login, last_name, logentry, notifications, password, readerdocument, user_permissions, username, userprofile

During handling of the above exception, another exception occurred:

Traceback (most recent call last):
  File "C:\Users\HP\AppData\Roaming\Python\Python310\site-packages\django\template\base.py", line 891, in _resolve_lookup
    current = current[bit]
  File "C:\Users\HP\AppData\Roaming\Python\Python310\site-packages\django\utils\functional.py", line 253, in inner
    return func(_wrapped, *args)
TypeError: 'User' object is not subscriptable

During handling of the above exception, another exception occurred:

Traceback (most recent call last):
  File "C:\Users\HP\AppData\Roaming\Python\Python310\site-packages\django\db\models\fields\related_descriptors.py", line 516, in __get__
    rel_obj = self.related.get_cached_value(instance)
  File "C:\Users\HP\AppData\Roaming\Python\Python310\site-packages\django\db\models\fields\mixins.py", line 37, in get_cached_value
    return instance._state.fields_cache[self.cache_name]
KeyError: 'userprofile'

During handling of the above exception, another exception occurred:

Traceback (most recent call last):
  File "C:\Users\HP\AppData\Roaming\Python\Python310\site-packages\django\db\backends\utils.py", line 105, in _execute
    return self.cursor.execute(sql, params)
  File "C:\Users\HP\AppData\Roaming\Python\Python310\site-packages\django\db\backends\sqlite3\base.py", line 360, in execute
    return super().execute(query, params)
sqlite3.OperationalError: no such table: plag_userprofile

The above exception was the direct cause of the following exception:

Traceback (most recent call last):
  File "C:\Users\HP\AppData\Roaming\Python\Python310\site-packages\django\core\handlers\base.py", line 197, in _get_response
    response = wrapped_callback(request, *callback_args, **callback_kwargs)
  File "C:\Users\HP\AppData\Roaming\Python\Python310\site-packages\django\contrib\auth\decorators.py", line 59, in _view_wrapper
    return view_func(request, *args, **kwargs)
  File "D:\python\plagiarismcheckerextra\plag\views.py", line 154, in dashboard
    return render(request, "dashboard.html", context)
  File "C:\Users\HP\AppData\Roaming\Python\Python310\site-packages\django\shortcuts.py", line 25, in render
    content = loader.render_to_string(template_name, context, request, using=using)
  File "C:\Users\HP\AppData\Roaming\Python\Python310\site-packages\django\template\loader.py", line 62, in render_to_string
    return template.render(context, request)
  File "C:\Users\HP\AppData\Roaming\Python\Python310\site-packages\django\template\backends\django.py", line 107, in render
    return self.template.render(context)
  File "C:\Users\HP\AppData\Roaming\Python\Python310\site-packages\django\template\base.py", line 171, in render
    return self._render(context)
  File "C:\Users\HP\AppData\Roaming\Python\Python310\site-packages\django\template\base.py", line 163, in _render
    return self.nodelist.render(context)
  File "C:\Users\HP\AppData\Roaming\Python\Python310\site-packages\django\template\base.py", line 1016, in render
    return SafeString("".join([node.render_annotated(context) for node in self]))
  File "C:\Users\HP\AppData\Roaming\Python\Python310\site-packages\django\template\base.py", line 1016, in <listcomp>
    return SafeString("".join([node.render_annotated(context) for node in self]))
  File "C:\Users\HP\AppData\Roaming\Python\Python310\site-packages\django\template\base.py", line 977, in render_annotated
    return self.render(context)
  File "C:\Users\HP\AppData\Roaming\Python\Python310\site-packages\django\template\loader_tags.py", line 159, in render
    return compiled_parent._render(context)
  File "C:\Users\HP\AppData\Roaming\Python\Python310\site-packages\django\template\base.py", line 163, in _render
    return self.nodelist.render(context)
  File "C:\Users\HP\AppData\Roaming\Python\Python310\site-packages\django\template\base.py", line 1016, in render
    return SafeString("".join([node.render_annotated(context) for node in self]))
  File "C:\Users\HP\AppData\Roaming\Python\Python310\site-packages\django\template\base.py", line 1016, in <listcomp>
    return SafeString("".join([node.render_annotated(context) for node in self]))
  File "C:\Users\HP\AppData\Roaming\Python\Python310\site-packages\django\template\base.py", line 977, in render_annotated
    return self.render(context)
  File "C:\Users\HP\AppData\Roaming\Python\Python310\site-packages\django\template\loader_tags.py", line 65, in render
    result = block.nodelist.render(context)
  File "C:\Users\HP\AppData\Roaming\Python\Python310\site-packages\django\template\base.py", line 1016, in render
    return SafeString("".join([node.render_annotated(context) for node in self]))
  File "C:\Users\HP\AppData\Roaming\Python\Python310\site-packages\django\template\base.py", line 1016, in <listcomp>
    return SafeString("".join([node.render_annotated(context) for node in self]))
  File "C:\Users\HP\AppData\Roaming\Python\Python310\site-packages\django\template\base.py", line 977, in render_annotated
    return self.render(context)
  File "C:\Users\HP\AppData\Roaming\Python\Python310\site-packages\django\template\defaulttags.py", line 320, in render
    match = condition.eval(context)
  File "C:\Users\HP\AppData\Roaming\Python\Python310\site-packages\django\template\defaulttags.py", line 886, in eval
    return self.value.resolve(context, ignore_failures=True)
  File "C:\Users\HP\AppData\Roaming\Python\Python310\site-packages\django\template\base.py", line 722, in resolve
    obj = self.var.resolve(context)
  File "C:\Users\HP\AppData\Roaming\Python\Python310\site-packages\django\template\base.py", line 854, in resolve
    value = self._resolve_lookup(context)
  File "C:\Users\HP\AppData\Roaming\Python\Python310\site-packages\django\template\base.py", line 901, in _resolve_lookup
    current = getattr(current, bit)
  File "C:\Users\HP\AppData\Roaming\Python\Python310\site-packages\django\utils\functional.py", line 253, in inner
    return func(_wrapped, *args)
  File "C:\Users\HP\AppData\Roaming\Python\Python310\site-packages\django\db\models\fields\related_descriptors.py", line 523, in __get__
    rel_obj = self.get_queryset(instance=instance).get(**filter_args)
  File "C:\Users\HP\AppData\Roaming\Python\Python310\site-packages\django\db\models\query.py", line 629, in get
    num = len(clone)
  File "C:\Users\HP\AppData\Roaming\Python\Python310\site-packages\django\db\models\query.py", line 366, in __len__
    self._fetch_all()
  File "C:\Users\HP\AppData\Roaming\Python\Python310\site-packages\django\db\models\query.py", line 1949, in _fetch_all
    self._result_cache = list(self._iterable_class(self))
  File "C:\Users\HP\AppData\Roaming\Python\Python310\site-packages\django\db\models\query.py", line 91, in __iter__
    results = compiler.execute_sql(
  File "C:\Users\HP\AppData\Roaming\Python\Python310\site-packages\django\db\models\sql\compiler.py", line 1623, in execute_sql
    cursor.execute(sql, params)
  File "C:\Users\HP\AppData\Roaming\Python\Python310\site-packages\django\db\backends\utils.py", line 122, in execute
    return super().execute(sql, params)
  File "C:\Users\HP\AppData\Roaming\Python\Python310\site-packages\django\db\backends\utils.py", line 79, in execute
    return self._execute_with_wrappers(
  File "C:\Users\HP\AppData\Roaming\Python\Python310\site-packages\django\db\backends\utils.py", line 92, in _execute_with_wrappers
    return executor(sql, params, many, context)
  File "C:\Users\HP\AppData\Roaming\Python\Python310\site-packages\django\db\backends\utils.py", line 100, in _execute
    with self.db.wrap_database_errors:
  File "C:\Users\HP\AppData\Roaming\Python\Python310\site-packages\django\db\utils.py", line 91, in __exit__
    raise dj_exc_value.with_traceback(traceback) from exc_value
  File "C:\Users\HP\AppData\Roaming\Python\Python310\site-packages\django\db\backends\utils.py", line 105, in _execute
    return self.cursor.execute(sql, params)
  File "C:\Users\HP\AppData\Roaming\Python\Python310\site-packages\django\db\backends\sqlite3\base.py", line 360, in execute
    return super().execute(query, params)
django.db.utils.OperationalError: no such table: plag_userprofile
Internal Server Error: /dashboard/
Traceback (most recent call last):
  File "D:\python\plagiarismcheckerextra\plag\views.py", line 81, in dashboard
    'org_students': User.objects.filter(role='student', organization__isnull=False).count(),
  File "C:\Users\HP\AppData\Roaming\Python\Python310\site-packages\django\db\models\manager.py", line 87, in manager_method
    return getattr(self.get_queryset(), name)(*args, **kwargs)
  File "C:\Users\HP\AppData\Roaming\Python\Python310\site-packages\django\db\models\query.py", line 1493, in filter
    return self._filter_or_exclude(False, args, kwargs)
  File "C:\Users\HP\AppData\Roaming\Python\Python310\site-packages\django\db\models\query.py", line 1511, in _filter_or_exclude
    clone._filter_or_exclude_inplace(negate, args, kwargs)
  File "C:\Users\HP\AppData\Roaming\Python\Python310\site-packages\django\db\models\query.py", line 1518, in _filter_or_exclude_inplace
    self._query.add_q(Q(*args, **kwargs))
  File "C:\Users\HP\AppData\Roaming\Python\Python310\site-packages\django\db\models\sql\query.py", line 1646, in add_q
    clause, _ = self._add_q(q_object, can_reuse)
  File "C:\Users\HP\AppData\Roaming\Python\Python310\site-packages\django\db\models\sql\query.py", line 1678, in _add_q
    child_clause, needed_inner = self.build_filter(
  File "C:\Users\HP\AppData\Roaming\Python\Python310\site-packages\django\db\models\sql\query.py", line 1526, in build_filter
    lookups, parts, reffed_expression = self.solve_lookup_type(arg, summarize)
  File "C:\Users\HP\AppData\Roaming\Python\Python310\site-packages\django\db\models\sql\query.py", line 1333, in solve_lookup_type
    _, field, _, lookup_parts = self.names_to_path(lookup_splitted, self.get_meta())
  File "C:\Users\HP\AppData\Roaming\Python\Python310\site-packages\django\db\models\sql\query.py", line 1806, in names_to_path
    raise FieldError(
django.core.exceptions.FieldError: Cannot resolve keyword 'organization' into field. Choices are: comment, date_joined, email, first_name, groups, id, is_active, is_staff, is_superuser, last_login, last_name, logentry, notifications, password, readerdocument, user_permissions, username, userprofile

During handling of the above exception, another exception occurred:

Traceback (most recent call last):
  File "C:\Users\HP\AppData\Roaming\Python\Python310\site-packages\django\template\base.py", line 891, in _resolve_lookup
    current = current[bit]
  File "C:\Users\HP\AppData\Roaming\Python\Python310\site-packages\django\utils\functional.py", line 253, in inner
    return func(_wrapped, *args)
TypeError: 'User' object is not subscriptable

During handling of the above exception, another exception occurred:

Traceback (most recent call last):
  File "C:\Users\HP\AppData\Roaming\Python\Python310\site-packages\django\db\models\fields\related_descriptors.py", line 516, in __get__
    rel_obj = self.related.get_cached_value(instance)
  File "C:\Users\HP\AppData\Roaming\Python\Python310\site-packages\django\db\models\fields\mixins.py", line 37, in get_cached_value
    return instance._state.fields_cache[self.cache_name]
KeyError: 'userprofile'

During handling of the above exception, another exception occurred:

Traceback (most recent call last):
  File "C:\Users\HP\AppData\Roaming\Python\Python310\site-packages\django\db\backends\utils.py", line 105, in _execute
    return self.cursor.execute(sql, params)
  File "C:\Users\HP\AppData\Roaming\Python\Python310\site-packages\django\db\backends\sqlite3\base.py", line 360, in execute
    return super().execute(query, params)
sqlite3.OperationalError: no such table: plag_userprofile

The above exception was the direct cause of the following exception:

Traceback (most recent call last):
  File "C:\Users\HP\AppData\Roaming\Python\Python310\site-packages\django\core\handlers\exception.py", line 55, in inner
    response = get_response(request)
  File "C:\Users\HP\AppData\Roaming\Python\Python310\site-packages\django\core\handlers\base.py", line 197, in _get_response
    response = wrapped_callback(request, *callback_args, **callback_kwargs)
  File "C:\Users\HP\AppData\Roaming\Python\Python310\site-packages\django\contrib\auth\decorators.py", line 59, in _view_wrapper
    return view_func(request, *args, **kwargs)
  File "D:\python\plagiarismcheckerextra\plag\views.py", line 154, in dashboard
    return render(request, "dashboard.html", context)
  File "C:\Users\HP\AppData\Roaming\Python\Python310\site-packages\django\shortcuts.py", line 25, in render
    content = loader.render_to_string(template_name, context, request, using=using)
  File "C:\Users\HP\AppData\Roaming\Python\Python310\site-packages\django\template\loader.py", line 62, in render_to_string
    return template.render(context, request)
  File "C:\Users\HP\AppData\Roaming\Python\Python310\site-packages\django\template\backends\django.py", line 107, in render
    return self.template.render(context)
  File "C:\Users\HP\AppData\Roaming\Python\Python310\site-packages\django\template\base.py", line 171, in render
    return self._render(context)
  File "C:\Users\HP\AppData\Roaming\Python\Python310\site-packages\django\template\base.py", line 163, in _render
    return self.nodelist.render(context)
  File "C:\Users\HP\AppData\Roaming\Python\Python310\site-packages\django\template\base.py", line 1016, in render
    return SafeString("".join([node.render_annotated(context) for node in self]))
  File "C:\Users\HP\AppData\Roaming\Python\Python310\site-packages\django\template\base.py", line 1016, in <listcomp>
    return SafeString("".join([node.render_annotated(context) for node in self]))
  File "C:\Users\HP\AppData\Roaming\Python\Python310\site-packages\django\template\base.py", line 977, in render_annotated
    return self.render(context)
  File "C:\Users\HP\AppData\Roaming\Python\Python310\site-packages\django\template\loader_tags.py", line 159, in render
    return compiled_parent._render(context)
  File "C:\Users\HP\AppData\Roaming\Python\Python310\site-packages\django\template\base.py", line 163, in _render
    return self.nodelist.render(context)
  File "C:\Users\HP\AppData\Roaming\Python\Python310\site-packages\django\template\base.py", line 1016, in render
    return SafeString("".join([node.render_annotated(context) for node in self]))
  File "C:\Users\HP\AppData\Roaming\Python\Python310\site-packages\django\template\base.py", line 1016, in <listcomp>
    return SafeString("".join([node.render_annotated(context) for node in self]))
  File "C:\Users\HP\AppData\Roaming\Python\Python310\site-packages\django\template\base.py", line 977, in render_annotated
    return self.render(context)
  File "C:\Users\HP\AppData\Roaming\Python\Python310\site-packages\django\template\loader_tags.py", line 65, in render
    result = block.nodelist.render(context)
  File "C:\Users\HP\AppData\Roaming\Python\Python310\site-packages\django\template\base.py", line 1016, in render
    return SafeString("".join([node.render_annotated(context) for node in self]))
  File "C:\Users\HP\AppData\Roaming\Python\Python310\site-packages\django\template\base.py", line 1016, in <listcomp>
    return SafeString("".join([node.render_annotated(context) for node in self]))
  File "C:\Users\HP\AppData\Roaming\Python\Python310\site-packages\django\template\base.py", line 977, in render_annotated
    return self.render(context)
  File "C:\Users\HP\AppData\Roaming\Python\Python310\site-packages\django\template\defaulttags.py", line 320, in render
    match = condition.eval(context)
  File "C:\Users\HP\AppData\Roaming\Python\Python310\site-packages\django\template\defaulttags.py", line 886, in eval
    return self.value.resolve(context, ignore_failures=True)
  File "C:\Users\HP\AppData\Roaming\Python\Python310\site-packages\django\template\base.py", line 722, in resolve
    obj = self.var.resolve(context)
  File "C:\Users\HP\AppData\Roaming\Python\Python310\site-packages\django\template\base.py", line 854, in resolve
    value = self._resolve_lookup(context)
  File "C:\Users\HP\AppData\Roaming\Python\Python310\site-packages\django\template\base.py", line 901, in _resolve_lookup
    current = getattr(current, bit)
  File "C:\Users\HP\AppData\Roaming\Python\Python310\site-packages\django\utils\functional.py", line 253, in inner
    return func(_wrapped, *args)
  File "C:\Users\HP\AppData\Roaming\Python\Python310\site-packages\django\db\models\fields\related_descriptors.py", line 523, in __get__
    rel_obj = self.get_queryset(instance=instance).get(**filter_args)
  File "C:\Users\HP\AppData\Roaming\Python\Python310\site-packages\django\db\models\query.py", line 629, in get
    num = len(clone)
  File "C:\Users\HP\AppData\Roaming\Python\Python310\site-packages\django\db\models\query.py", line 366, in __len__
    self._fetch_all()
  File "C:\Users\HP\AppData\Roaming\Python\Python310\site-packages\django\db\models\query.py", line 1949, in _fetch_all
    self._result_cache = list(self._iterable_class(self))
  File "C:\Users\HP\AppData\Roaming\Python\Python310\site-packages\django\db\models\query.py", line 91, in __iter__
    results = compiler.execute_sql(
  File "C:\Users\HP\AppData\Roaming\Python\Python310\site-packages\django\db\models\sql\compiler.py", line 1623, in execute_sql
    cursor.execute(sql, params)
  File "C:\Users\HP\AppData\Roaming\Python\Python310\site-packages\django\db\backends\utils.py", line 122, in execute
    return super().execute(sql, params)
  File "C:\Users\HP\AppData\Roaming\Python\Python310\site-packages\django\db\backends\utils.py", line 79, in execute
    return self._execute_with_wrappers(
  File "C:\Users\HP\AppData\Roaming\Python\Python310\site-packages\django\db\backends\utils.py", line 92, in _execute_with_wrappers
    return executor(sql, params, many, context)
  File "C:\Users\HP\AppData\Roaming\Python\Python310\site-packages\django\db\backends\utils.py", line 100, in _execute
    with self.db.wrap_database_errors:
  File "C:\Users\HP\AppData\Roaming\Python\Python310\site-packages\django\db\utils.py", line 91, in __exit__
    raise dj_exc_value.with_traceback(traceback) from exc_value
  File "C:\Users\HP\AppData\Roaming\Python\Python310\site-packages\django\db\backends\utils.py", line 105, in _execute
    return self.cursor.execute(sql, params)
  File "C:\Users\HP\AppData\Roaming\Python\Python310\site-packages\django\db\backends\sqlite3\base.py", line 360, in execute
    return super().execute(query, params)
django.db.utils.OperationalError: no such table: plag_userprofile
"GET /dashboard/ HTTP/1.1" 500 322102
Dashboard error for user 2: Cannot resolve keyword 'organization' into field. Choices are: comment, date_joined, email, first_name, groups, id, is_active, is_staff, is_superuser, last_login, last_name, logentry, notifications, password, readerdocument, user_permissions, username, userprofile
Unhandled exception: Invalid block tag on line 83: 'else', expected 'endif'. Did you forget to register or load this tag?
Traceback (most recent call last):
  File "D:\python\plagiarismcheckerextra\plag\views.py", line 81, in dashboard
    'org_students': User.objects.filter(role='student', organization__isnull=False).count(),
  File "C:\Users\HP\AppData\Roaming\Python\Python310\site-packages\django\db\models\manager.py", line 87, in manager_method
    return getattr(self.get_queryset(), name)(*args, **kwargs)
  File "C:\Users\HP\AppData\Roaming\Python\Python310\site-packages\django\db\models\query.py", line 1493, in filter
    return self._filter_or_exclude(False, args, kwargs)
  File "C:\Users\HP\AppData\Roaming\Python\Python310\site-packages\django\db\models\query.py", line 1511, in _filter_or_exclude
    clone._filter_or_exclude_inplace(negate, args, kwargs)
  File "C:\Users\HP\AppData\Roaming\Python\Python310\site-packages\django\db\models\query.py", line 1518, in _filter_or_exclude_inplace
    self._query.add_q(Q(*args, **kwargs))
  File "C:\Users\HP\AppData\Roaming\Python\Python310\site-packages\django\db\models\sql\query.py", line 1646, in add_q
    clause, _ = self._add_q(q_object, can_reuse)
  File "C:\Users\HP\AppData\Roaming\Python\Python310\site-packages\django\db\models\sql\query.py", line 1678, in _add_q
    child_clause, needed_inner = self.build_filter(
  File "C:\Users\HP\AppData\Roaming\Python\Python310\site-packages\django\db\models\sql\query.py", line 1526, in build_filter
    lookups, parts, reffed_expression = self.solve_lookup_type(arg, summarize)
  File "C:\Users\HP\AppData\Roaming\Python\Python310\site-packages\django\db\models\sql\query.py", line 1333, in solve_lookup_type
    _, field, _, lookup_parts = self.names_to_path(lookup_splitted, self.get_meta())
  File "C:\Users\HP\AppData\Roaming\Python\Python310\site-packages\django\db\models\sql\query.py", line 1806, in names_to_path
    raise FieldError(
django.core.exceptions.FieldError: Cannot resolve keyword 'organization' into field. Choices are: comment, date_joined, email, first_name, groups, id, is_active, is_staff, is_superuser, last_login, last_name, logentry, notifications, password, readerdocument, user_permissions, username, userprofile

During handling of the above exception, another exception occurred:

Traceback (most recent call last):
  File "C:\Users\HP\AppData\Roaming\Python\Python310\site-packages\django\template\base.py", line 510, in parse
    compile_func = self.tags[command]
KeyError: 'else'

During handling of the above exception, another exception occurred:

Traceback (most recent call last):
  File "C:\Users\HP\AppData\Roaming\Python\Python310\site-packages\django\core\handlers\base.py", line 197, in _get_response
    response = wrapped_callback(request, *callback_args, **callback_kwargs)
  File "C:\Users\HP\AppData\Roaming\Python\Python310\site-packages\django\contrib\auth\decorators.py", line 59, in _view_wrapper
    return view_func(request, *args, **kwargs)
  File "D:\python\plagiarismcheckerextra\plag\views.py", line 150, in dashboard
    return render(request, "dashboard.html", context)
  File "C:\Users\HP\AppData\Roaming\Python\Python310\site-packages\django\shortcuts.py", line 25, in render
    content = loader.render_to_string(template_name, context, request, using=using)
  File "C:\Users\HP\AppData\Roaming\Python\Python310\site-packages\django\template\loader.py", line 61, in render_to_string
    template = get_template(template_name, using=using)
  File "C:\Users\HP\AppData\Roaming\Python\Python310\site-packages\django\template\loader.py", line 15, in get_template
    return engine.get_template(template_name)
  File "C:\Users\HP\AppData\Roaming\Python\Python310\site-packages\django\template\backends\django.py", line 79, in get_template
    return Template(self.engine.get_template(template_name), self)
  File "C:\Users\HP\AppData\Roaming\Python\Python310\site-packages\django\template\engine.py", line 177, in get_template
    template, origin = self.find_template(template_name)
  File "C:\Users\HP\AppData\Roaming\Python\Python310\site-packages\django\template\engine.py", line 159, in find_template
    template = loader.get_template(name, skip=skip)
  File "C:\Users\HP\AppData\Roaming\Python\Python310\site-packages\django\template\loaders\cached.py", line 57, in get_template
    template = super().get_template(template_name, skip)
  File "C:\Users\HP\AppData\Roaming\Python\Python310\site-packages\django\template\loaders\base.py", line 28, in get_template
    return Template(
  File "C:\Users\HP\AppData\Roaming\Python\Python310\site-packages\django\template\base.py", line 154, in __init__
    self.nodelist = self.compile_nodelist()
  File "C:\Users\HP\AppData\Roaming\Python\Python310\site-packages\django\template\base.py", line 196, in compile_nodelist
    nodelist = parser.parse()
  File "C:\Users\HP\AppData\Roaming\Python\Python310\site-packages\django\template\base.py", line 518, in parse
    raise self.error(token, e)
  File "C:\Users\HP\AppData\Roaming\Python\Python310\site-packages\django\template\base.py", line 516, in parse
    compiled_result = compile_func(self, token)
  File "C:\Users\HP\AppData\Roaming\Python\Python310\site-packages\django\template\loader_tags.py", line 299, in do_extends
    nodelist = parser.parse()
  File "C:\Users\HP\AppData\Roaming\Python\Python310\site-packages\django\template\base.py", line 518, in parse
    raise self.error(token, e)
  File "C:\Users\HP\AppData\Roaming\Python\Python310\site-packages\django\template\base.py", line 516, in parse
    compiled_result = compile_func(self, token)
  File "C:\Users\HP\AppData\Roaming\Python\Python310\site-packages\django\template\loader_tags.py", line 234, in do_block
    nodelist = parser.parse(("endblock",))
  File "C:\Users\HP\AppData\Roaming\Python\Python310\site-packages\django\template\base.py", line 518, in parse
    raise self.error(token, e)
  File "C:\Users\HP\AppData\Roaming\Python\Python310\site-packages\django\template\base.py", line 516, in parse
    compiled_result = compile_func(self, token)
  File "C:\Users\HP\AppData\Roaming\Python\Python310\site-packages\django\template\defaulttags.py", line 976, in do_if
    nodelist = parser.parse(("endif",))
  File "C:\Users\HP\AppData\Roaming\Python\Python310\site-packages\django\template\base.py", line 512, in parse
    self.invalid_block_tag(token, command, parse_until)
  File "C:\Users\HP\AppData\Roaming\Python\Python310\site-packages\django\template\base.py", line 567, in invalid_block_tag
    raise self.error(
django.template.exceptions.TemplateSyntaxError: Invalid block tag on line 83: 'else', expected 'endif'. Did you forget to register or load this tag?
Internal Server Error: /dashboard/
Traceback (most recent call last):
  File "D:\python\plagiarismcheckerextra\plag\views.py", line 81, in dashboard
    'org_students': User.objects.filter(role='student', organization__isnull=False).count(),
  File "C:\Users\HP\AppData\Roaming\Python\Python310\site-packages\django\db\models\manager.py", line 87, in manager_method
    return getattr(self.get_queryset(), name)(*args, **kwargs)
  File "C:\Users\HP\AppData\Roaming\Python\Python310\site-packages\django\db\models\query.py", line 1493, in filter
    return self._filter_or_exclude(False, args, kwargs)
  File "C:\Users\HP\AppData\Roaming\Python\Python310\site-packages\django\db\models\query.py", line 1511, in _filter_or_exclude
    clone._filter_or_exclude_inplace(negate, args, kwargs)
  File "C:\Users\HP\AppData\Roaming\Python\Python310\site-packages\django\db\models\query.py", line 1518, in _filter_or_exclude_inplace
    self._query.add_q(Q(*args, **kwargs))
  File "C:\Users\HP\AppData\Roaming\Python\Python310\site-packages\django\db\models\sql\query.py", line 1646, in add_q
    clause, _ = self._add_q(q_object, can_reuse)
  File "C:\Users\HP\AppData\Roaming\Python\Python310\site-packages\django\db\models\sql\query.py", line 1678, in _add_q
    child_clause, needed_inner = self.build_filter(
  File "C:\Users\HP\AppData\Roaming\Python\Python310\site-packages\django\db\models\sql\query.py", line 1526, in build_filter
    lookups, parts, reffed_expression = self.solve_lookup_type(arg, summarize)
  File "C:\Users\HP\AppData\Roaming\Python\Python310\site-packages\django\db\models\sql\query.py", line 1333, in solve_lookup_type
    _, field, _, lookup_parts = self.names_to_path(lookup_splitted, self.get_meta())
  File "C:\Users\HP\AppData\Roaming\Python\Python310\site-packages\django\db\models\sql\query.py", line 1806, in names_to_path
    raise FieldError(
django.core.exceptions.FieldError: Cannot resolve keyword 'organization' into field. Choices are: comment, date_joined, email, first_name, groups, id, is_active, is_staff, is_superuser, last_login, last_name, logentry, notifications, password, readerdocument, user_permissions, username, userprofile

During handling of the above exception, another exception occurred:

Traceback (most recent call last):
  File "C:\Users\HP\AppData\Roaming\Python\Python310\site-packages\django\template\base.py", line 510, in parse
    compile_func = self.tags[command]
KeyError: 'else'

During handling of the above exception, another exception occurred:

Traceback (most recent call last):
  File "C:\Users\HP\AppData\Roaming\Python\Python310\site-packages\django\core\handlers\exception.py", line 55, in inner
    response = get_response(request)
  File "C:\Users\HP\AppData\Roaming\Python\Python310\site-packages\django\core\handlers\base.py", line 197, in _get_response
    response = wrapped_callback(request, *callback_args, **callback_kwargs)
  File "C:\Users\HP\AppData\Roaming\Python\Python310\site-packages\django\contrib\auth\decorators.py", line 59, in _view_wrapper
    return view_func(request, *args, **kwargs)
  File "D:\python\plagiarismcheckerextra\plag\views.py", line 150, in dashboard
    return render(request, "dashboard.html", context)
  File "C:\Users\HP\AppData\Roaming\Python\Python310\site-packages\django\shortcuts.py", line 25, in render
    content = loader.render_to_string(template_name, context, request, using=using)
  File "C:\Users\HP\AppData\Roaming\Python\Python310\site-packages\django\template\loader.py", line 61, in render_to_string
    template = get_template(template_name, using=using)
  File "C:\Users\HP\AppData\Roaming\Python\Python310\site-packages\django\template\loader.py", line 15, in get_template
    return engine.get_template(template_name)
  File "C:\Users\HP\AppData\Roaming\Python\Python310\site-packages\django\template\backends\django.py", line 79, in get_template
    return Template(self.engine.get_template(template_name), self)
  File "C:\Users\HP\AppData\Roaming\Python\Python310\site-packages\django\template\engine.py", line 177, in get_template
    template, origin = self.find_template(template_name)
  File "C:\Users\HP\AppData\Roaming\Python\Python310\site-packages\django\template\engine.py", line 159, in find_template
    template = loader.get_template(name, skip=skip)
  File "C:\Users\HP\AppData\Roaming\Python\Python310\site-packages\django\template\loaders\cached.py", line 57, in get_template
    template = super().get_template(template_name, skip)
  File "C:\Users\HP\AppData\Roaming\Python\Python310\site-packages\django\template\loaders\base.py", line 28, in get_template
    return Template(
  File "C:\Users\HP\AppData\Roaming\Python\Python310\site-packages\django\template\base.py", line 154, in __init__
    self.nodelist = self.compile_nodelist()
  File "C:\Users\HP\AppData\Roaming\Python\Python310\site-packages\django\template\base.py", line 196, in compile_nodelist
    nodelist = parser.parse()
  File "C:\Users\HP\AppData\Roaming\Python\Python310\site-packages\django\template\base.py", line 518, in parse
    raise self.error(token, e)
  File "C:\Users\HP\AppData\Roaming\Python\Python310\site-packages\django\template\base.py", line 516, in parse
    compiled_result = compile_func(self, token)
  File "C:\Users\HP\AppData\Roaming\Python\Python310\site-packages\django\template\loader_tags.py", line 299, in do_extends
    nodelist = parser.parse()
  File "C:\Users\HP\AppData\Roaming\Python\Python310\site-packages\django\template\base.py", line 518, in parse
    raise self.error(token, e)
  File "C:\Users\HP\AppData\Roaming\Python\Python310\site-packages\django\template\base.py", line 516, in parse
    compiled_result = compile_func(self, token)
  File "C:\Users\HP\AppData\Roaming\Python\Python310\site-packages\django\template\loader_tags.py", line 234, in do_block
    nodelist = parser.parse(("endblock",))
  File "C:\Users\HP\AppData\Roaming\Python\Python310\site-packages\django\template\base.py", line 518, in parse
    raise self.error(token, e)
  File "C:\Users\HP\AppData\Roaming\Python\Python310\site-packages\django\template\base.py", line 516, in parse
    compiled_result = compile_func(self, token)
  File "C:\Users\HP\AppData\Roaming\Python\Python310\site-packages\django\template\defaulttags.py", line 976, in do_if
    nodelist = parser.parse(("endif",))
  File "C:\Users\HP\AppData\Roaming\Python\Python310\site-packages\django\template\base.py", line 512, in parse
    self.invalid_block_tag(token, command, parse_until)
  File "C:\Users\HP\AppData\Roaming\Python\Python310\site-packages\django\template\base.py", line 567, in invalid_block_tag
    raise self.error(
django.template.exceptions.TemplateSyntaxError: Invalid block tag on line 83: 'else', expected 'endif'. Did you forget to register or load this tag?
"GET /dashboard/ HTTP/1.1" 500 282565
Dashboard error for user 2: Cannot resolve keyword 'organization' into field. Choices are: comment, date_joined, email, first_name, groups, id, is_active, is_staff, is_superuser, last_login, last_name, logentry, notifications, password, readerdocument, user_permissions, username, userprofile
Unhandled exception: Invalid block tag on line 83: 'else', expected 'endif'. Did you forget to register or load this tag?
Traceback (most recent call last):
  File "D:\python\plagiarismcheckerextra\plag\views.py", line 81, in dashboard
    'org_students': User.objects.filter(role='student', organization__isnull=False).count(),
  File "C:\Users\HP\AppData\Roaming\Python\Python310\site-packages\django\db\models\manager.py", line 87, in manager_method
    return getattr(self.get_queryset(), name)(*args, **kwargs)
  File "C:\Users\HP\AppData\Roaming\Python\Python310\site-packages\django\db\models\query.py", line 1493, in filter
    return self._filter_or_exclude(False, args, kwargs)
  File "C:\Users\HP\AppData\Roaming\Python\Python310\site-packages\django\db\models\query.py", line 1511, in _filter_or_exclude
    clone._filter_or_exclude_inplace(negate, args, kwargs)
  File "C:\Users\HP\AppData\Roaming\Python\Python310\site-packages\django\db\models\query.py", line 1518, in _filter_or_exclude_inplace
    self._query.add_q(Q(*args, **kwargs))
  File "C:\Users\HP\AppData\Roaming\Python\Python310\site-packages\django\db\models\sql\query.py", line 1646, in add_q
    clause, _ = self._add_q(q_object, can_reuse)
  File "C:\Users\HP\AppData\Roaming\Python\Python310\site-packages\django\db\models\sql\query.py", line 1678, in _add_q
    child_clause, needed_inner = self.build_filter(
  File "C:\Users\HP\AppData\Roaming\Python\Python310\site-packages\django\db\models\sql\query.py", line 1526, in build_filter
    lookups, parts, reffed_expression = self.solve_lookup_type(arg, summarize)
  File "C:\Users\HP\AppData\Roaming\Python\Python310\site-packages\django\db\models\sql\query.py", line 1333, in solve_lookup_type
    _, field, _, lookup_parts = self.names_to_path(lookup_splitted, self.get_meta())
  File "C:\Users\HP\AppData\Roaming\Python\Python310\site-packages\django\db\models\sql\query.py", line 1806, in names_to_path
    raise FieldError(
django.core.exceptions.FieldError: Cannot resolve keyword 'organization' into field. Choices are: comment, date_joined, email, first_name, groups, id, is_active, is_staff, is_superuser, last_login, last_name, logentry, notifications, password, readerdocument, user_permissions, username, userprofile

During handling of the above exception, another exception occurred:

Traceback (most recent call last):
  File "C:\Users\HP\AppData\Roaming\Python\Python310\site-packages\django\template\base.py", line 510, in parse
    compile_func = self.tags[command]
KeyError: 'else'

During handling of the above exception, another exception occurred:

Traceback (most recent call last):
  File "C:\Users\HP\AppData\Roaming\Python\Python310\site-packages\django\core\handlers\base.py", line 197, in _get_response
    response = wrapped_callback(request, *callback_args, **callback_kwargs)
  File "C:\Users\HP\AppData\Roaming\Python\Python310\site-packages\django\contrib\auth\decorators.py", line 59, in _view_wrapper
    return view_func(request, *args, **kwargs)
  File "D:\python\plagiarismcheckerextra\plag\views.py", line 150, in dashboard
    return render(request, "dashboard.html", context)
  File "C:\Users\HP\AppData\Roaming\Python\Python310\site-packages\django\shortcuts.py", line 25, in render
    content = loader.render_to_string(template_name, context, request, using=using)
  File "C:\Users\HP\AppData\Roaming\Python\Python310\site-packages\django\template\loader.py", line 61, in render_to_string
    template = get_template(template_name, using=using)
  File "C:\Users\HP\AppData\Roaming\Python\Python310\site-packages\django\template\loader.py", line 15, in get_template
    return engine.get_template(template_name)
  File "C:\Users\HP\AppData\Roaming\Python\Python310\site-packages\django\template\backends\django.py", line 79, in get_template
    return Template(self.engine.get_template(template_name), self)
  File "C:\Users\HP\AppData\Roaming\Python\Python310\site-packages\django\template\engine.py", line 177, in get_template
    template, origin = self.find_template(template_name)
  File "C:\Users\HP\AppData\Roaming\Python\Python310\site-packages\django\template\engine.py", line 159, in find_template
    template = loader.get_template(name, skip=skip)
  File "C:\Users\HP\AppData\Roaming\Python\Python310\site-packages\django\template\loaders\cached.py", line 57, in get_template
    template = super().get_template(template_name, skip)
  File "C:\Users\HP\AppData\Roaming\Python\Python310\site-packages\django\template\loaders\base.py", line 28, in get_template
    return Template(
  File "C:\Users\HP\AppData\Roaming\Python\Python310\site-packages\django\template\base.py", line 154, in __init__
    self.nodelist = self.compile_nodelist()
  File "C:\Users\HP\AppData\Roaming\Python\Python310\site-packages\django\template\base.py", line 196, in compile_nodelist
    nodelist = parser.parse()
  File "C:\Users\HP\AppData\Roaming\Python\Python310\site-packages\django\template\base.py", line 518, in parse
    raise self.error(token, e)
  File "C:\Users\HP\AppData\Roaming\Python\Python310\site-packages\django\template\base.py", line 516, in parse
    compiled_result = compile_func(self, token)
  File "C:\Users\HP\AppData\Roaming\Python\Python310\site-packages\django\template\loader_tags.py", line 299, in do_extends
    nodelist = parser.parse()
  File "C:\Users\HP\AppData\Roaming\Python\Python310\site-packages\django\template\base.py", line 518, in parse
    raise self.error(token, e)
  File "C:\Users\HP\AppData\Roaming\Python\Python310\site-packages\django\template\base.py", line 516, in parse
    compiled_result = compile_func(self, token)
  File "C:\Users\HP\AppData\Roaming\Python\Python310\site-packages\django\template\loader_tags.py", line 234, in do_block
    nodelist = parser.parse(("endblock",))
  File "C:\Users\HP\AppData\Roaming\Python\Python310\site-packages\django\template\base.py", line 518, in parse
    raise self.error(token, e)
  File "C:\Users\HP\AppData\Roaming\Python\Python310\site-packages\django\template\base.py", line 516, in parse
    compiled_result = compile_func(self, token)
  File "C:\Users\HP\AppData\Roaming\Python\Python310\site-packages\django\template\defaulttags.py", line 976, in do_if
    nodelist = parser.parse(("endif",))
  File "C:\Users\HP\AppData\Roaming\Python\Python310\site-packages\django\template\base.py", line 512, in parse
    self.invalid_block_tag(token, command, parse_until)
  File "C:\Users\HP\AppData\Roaming\Python\Python310\site-packages\django\template\base.py", line 567, in invalid_block_tag
    raise self.error(
django.template.exceptions.TemplateSyntaxError: Invalid block tag on line 83: 'else', expected 'endif'. Did you forget to register or load this tag?
Internal Server Error: /dashboard/
Traceback (most recent call last):
  File "D:\python\plagiarismcheckerextra\plag\views.py", line 81, in dashboard
    'org_students': User.objects.filter(role='student', organization__isnull=False).count(),
  File "C:\Users\HP\AppData\Roaming\Python\Python310\site-packages\django\db\models\manager.py", line 87, in manager_method
    return getattr(self.get_queryset(), name)(*args, **kwargs)
  File "C:\Users\HP\AppData\Roaming\Python\Python310\site-packages\django\db\models\query.py", line 1493, in filter
    return self._filter_or_exclude(False, args, kwargs)
  File "C:\Users\HP\AppData\Roaming\Python\Python310\site-packages\django\db\models\query.py", line 1511, in _filter_or_exclude
    clone._filter_or_exclude_inplace(negate, args, kwargs)
  File "C:\Users\HP\AppData\Roaming\Python\Python310\site-packages\django\db\models\query.py", line 1518, in _filter_or_exclude_inplace
    self._query.add_q(Q(*args, **kwargs))
  File "C:\Users\HP\AppData\Roaming\Python\Python310\site-packages\django\db\models\sql\query.py", line 1646, in add_q
    clause, _ = self._add_q(q_object, can_reuse)
  File "C:\Users\HP\AppData\Roaming\Python\Python310\site-packages\django\db\models\sql\query.py", line 1678, in _add_q
    child_clause, needed_inner = self.build_filter(
  File "C:\Users\HP\AppData\Roaming\Python\Python310\site-packages\django\db\models\sql\query.py", line 1526, in build_filter
    lookups, parts, reffed_expression = self.solve_lookup_type(arg, summarize)
  File "C:\Users\HP\AppData\Roaming\Python\Python310\site-packages\django\db\models\sql\query.py", line 1333, in solve_lookup_type
    _, field, _, lookup_parts = self.names_to_path(lookup_splitted, self.get_meta())
  File "C:\Users\HP\AppData\Roaming\Python\Python310\site-packages\django\db\models\sql\query.py", line 1806, in names_to_path
    raise FieldError(
django.core.exceptions.FieldError: Cannot resolve keyword 'organization' into field. Choices are: comment, date_joined, email, first_name, groups, id, is_active, is_staff, is_superuser, last_login, last_name, logentry, notifications, password, readerdocument, user_permissions, username, userprofile

During handling of the above exception, another exception occurred:

Traceback (most recent call last):
  File "C:\Users\HP\AppData\Roaming\Python\Python310\site-packages\django\template\base.py", line 510, in parse
    compile_func = self.tags[command]
KeyError: 'else'

During handling of the above exception, another exception occurred:

Traceback (most recent call last):
  File "C:\Users\HP\AppData\Roaming\Python\Python310\site-packages\django\core\handlers\exception.py", line 55, in inner
    response = get_response(request)
  File "C:\Users\HP\AppData\Roaming\Python\Python310\site-packages\django\core\handlers\base.py", line 197, in _get_response
    response = wrapped_callback(request, *callback_args, **callback_kwargs)
  File "C:\Users\HP\AppData\Roaming\Python\Python310\site-packages\django\contrib\auth\decorators.py", line 59, in _view_wrapper
    return view_func(request, *args, **kwargs)
  File "D:\python\plagiarismcheckerextra\plag\views.py", line 150, in dashboard
    return render(request, "dashboard.html", context)
  File "C:\Users\HP\AppData\Roaming\Python\Python310\site-packages\django\shortcuts.py", line 25, in render
    content = loader.render_to_string(template_name, context, request, using=using)
  File "C:\Users\HP\AppData\Roaming\Python\Python310\site-packages\django\template\loader.py", line 61, in render_to_string
    template = get_template(template_name, using=using)
  File "C:\Users\HP\AppData\Roaming\Python\Python310\site-packages\django\template\loader.py", line 15, in get_template
    return engine.get_template(template_name)
  File "C:\Users\HP\AppData\Roaming\Python\Python310\site-packages\django\template\backends\django.py", line 79, in get_template
    return Template(self.engine.get_template(template_name), self)
  File "C:\Users\HP\AppData\Roaming\Python\Python310\site-packages\django\template\engine.py", line 177, in get_template
    template, origin = self.find_template(template_name)
  File "C:\Users\HP\AppData\Roaming\Python\Python310\site-packages\django\template\engine.py", line 159, in find_template
    template = loader.get_template(name, skip=skip)
  File "C:\Users\HP\AppData\Roaming\Python\Python310\site-packages\django\template\loaders\cached.py", line 57, in get_template
    template = super().get_template(template_name, skip)
  File "C:\Users\HP\AppData\Roaming\Python\Python310\site-packages\django\template\loaders\base.py", line 28, in get_template
    return Template(
  File "C:\Users\HP\AppData\Roaming\Python\Python310\site-packages\django\template\base.py", line 154, in __init__
    self.nodelist = self.compile_nodelist()
  File "C:\Users\HP\AppData\Roaming\Python\Python310\site-packages\django\template\base.py", line 196, in compile_nodelist
    nodelist = parser.parse()
  File "C:\Users\HP\AppData\Roaming\Python\Python310\site-packages\django\template\base.py", line 518, in parse
    raise self.error(token, e)
  File "C:\Users\HP\AppData\Roaming\Python\Python310\site-packages\django\template\base.py", line 516, in parse
    compiled_result = compile_func(self, token)
  File "C:\Users\HP\AppData\Roaming\Python\Python310\site-packages\django\template\loader_tags.py", line 299, in do_extends
    nodelist = parser.parse()
  File "C:\Users\HP\AppData\Roaming\Python\Python310\site-packages\django\template\base.py", line 518, in parse
    raise self.error(token, e)
  File "C:\Users\HP\AppData\Roaming\Python\Python310\site-packages\django\template\base.py", line 516, in parse
    compiled_result = compile_func(self, token)
  File "C:\Users\HP\AppData\Roaming\Python\Python310\site-packages\django\template\loader_tags.py", line 234, in do_block
    nodelist = parser.parse(("endblock",))
  File "C:\Users\HP\AppData\Roaming\Python\Python310\site-packages\django\template\base.py", line 518, in parse
    raise self.error(token, e)
  File "C:\Users\HP\AppData\Roaming\Python\Python310\site-packages\django\template\base.py", line 516, in parse
    compiled_result = compile_func(self, token)
  File "C:\Users\HP\AppData\Roaming\Python\Python310\site-packages\django\template\defaulttags.py", line 976, in do_if
    nodelist = parser.parse(("endif",))
  File "C:\Users\HP\AppData\Roaming\Python\Python310\site-packages\django\template\base.py", line 512, in parse
    self.invalid_block_tag(token, command, parse_until)
  File "C:\Users\HP\AppData\Roaming\Python\Python310\site-packages\django\template\base.py", line 567, in invalid_block_tag
    raise self.error(
django.template.exceptions.TemplateSyntaxError: Invalid block tag on line 83: 'else', expected 'endif'. Did you forget to register or load this tag?
"GET /dashboard/ HTTP/1.1" 500 282565
Dashboard error for user 2: Cannot resolve keyword 'organization' into field. Choices are: comment, date_joined, email, first_name, groups, id, is_active, is_staff, is_superuser, last_login, last_name, logentry, notifications, password, readerdocument, user_permissions, username, userprofile
Unhandled exception: Invalid block tag on line 83: 'else', expected 'endif'. Did you forget to register or load this tag?
Traceback (most recent call last):
  File "D:\python\plagiarismcheckerextra\plag\views.py", line 81, in dashboard
    'org_students': User.objects.filter(role='student', organization__isnull=False).count(),
  File "C:\Users\HP\AppData\Roaming\Python\Python310\site-packages\django\db\models\manager.py", line 87, in manager_method
    return getattr(self.get_queryset(), name)(*args, **kwargs)
  File "C:\Users\HP\AppData\Roaming\Python\Python310\site-packages\django\db\models\query.py", line 1493, in filter
    return self._filter_or_exclude(False, args, kwargs)
  File "C:\Users\HP\AppData\Roaming\Python\Python310\site-packages\django\db\models\query.py", line 1511, in _filter_or_exclude
    clone._filter_or_exclude_inplace(negate, args, kwargs)
  File "C:\Users\HP\AppData\Roaming\Python\Python310\site-packages\django\db\models\query.py", line 1518, in _filter_or_exclude_inplace
    self._query.add_q(Q(*args, **kwargs))
  File "C:\Users\HP\AppData\Roaming\Python\Python310\site-packages\django\db\models\sql\query.py", line 1646, in add_q
    clause, _ = self._add_q(q_object, can_reuse)
  File "C:\Users\HP\AppData\Roaming\Python\Python310\site-packages\django\db\models\sql\query.py", line 1678, in _add_q
    child_clause, needed_inner = self.build_filter(
  File "C:\Users\HP\AppData\Roaming\Python\Python310\site-packages\django\db\models\sql\query.py", line 1526, in build_filter
    lookups, parts, reffed_expression = self.solve_lookup_type(arg, summarize)
  File "C:\Users\HP\AppData\Roaming\Python\Python310\site-packages\django\db\models\sql\query.py", line 1333, in solve_lookup_type
    _, field, _, lookup_parts = self.names_to_path(lookup_splitted, self.get_meta())
  File "C:\Users\HP\AppData\Roaming\Python\Python310\site-packages\django\db\models\sql\query.py", line 1806, in names_to_path
    raise FieldError(
django.core.exceptions.FieldError: Cannot resolve keyword 'organization' into field. Choices are: comment, date_joined, email, first_name, groups, id, is_active, is_staff, is_superuser, last_login, last_name, logentry, notifications, password, readerdocument, user_permissions, username, userprofile

During handling of the above exception, another exception occurred:

Traceback (most recent call last):
  File "C:\Users\HP\AppData\Roaming\Python\Python310\site-packages\django\template\base.py", line 510, in parse
    compile_func = self.tags[command]
KeyError: 'else'

During handling of the above exception, another exception occurred:

Traceback (most recent call last):
  File "C:\Users\HP\AppData\Roaming\Python\Python310\site-packages\django\core\handlers\base.py", line 197, in _get_response
    response = wrapped_callback(request, *callback_args, **callback_kwargs)
  File "C:\Users\HP\AppData\Roaming\Python\Python310\site-packages\django\contrib\auth\decorators.py", line 59, in _view_wrapper
    return view_func(request, *args, **kwargs)
  File "D:\python\plagiarismcheckerextra\plag\views.py", line 150, in dashboard
    return render(request, "dashboard.html", context)
  File "C:\Users\HP\AppData\Roaming\Python\Python310\site-packages\django\shortcuts.py", line 25, in render
    content = loader.render_to_string(template_name, context, request, using=using)
  File "C:\Users\HP\AppData\Roaming\Python\Python310\site-packages\django\template\loader.py", line 61, in render_to_string
    template = get_template(template_name, using=using)
  File "C:\Users\HP\AppData\Roaming\Python\Python310\site-packages\django\template\loader.py", line 15, in get_template
    return engine.get_template(template_name)
  File "C:\Users\HP\AppData\Roaming\Python\Python310\site-packages\django\template\backends\django.py", line 79, in get_template
    return Template(self.engine.get_template(template_name), self)
  File "C:\Users\HP\AppData\Roaming\Python\Python310\site-packages\django\template\engine.py", line 177, in get_template
    template, origin = self.find_template(template_name)
  File "C:\Users\HP\AppData\Roaming\Python\Python310\site-packages\django\template\engine.py", line 159, in find_template
    template = loader.get_template(name, skip=skip)
  File "C:\Users\HP\AppData\Roaming\Python\Python310\site-packages\django\template\loaders\cached.py", line 57, in get_template
    template = super().get_template(template_name, skip)
  File "C:\Users\HP\AppData\Roaming\Python\Python310\site-packages\django\template\loaders\base.py", line 28, in get_template
    return Template(
  File "C:\Users\HP\AppData\Roaming\Python\Python310\site-packages\django\template\base.py", line 154, in __init__
    self.nodelist = self.compile_nodelist()
  File "C:\Users\HP\AppData\Roaming\Python\Python310\site-packages\django\template\base.py", line 196, in compile_nodelist
    nodelist = parser.parse()
  File "C:\Users\HP\AppData\Roaming\Python\Python310\site-packages\django\template\base.py", line 518, in parse
    raise self.error(token, e)
  File "C:\Users\HP\AppData\Roaming\Python\Python310\site-packages\django\template\base.py", line 516, in parse
    compiled_result = compile_func(self, token)
  File "C:\Users\HP\AppData\Roaming\Python\Python310\site-packages\django\template\loader_tags.py", line 299, in do_extends
    nodelist = parser.parse()
  File "C:\Users\HP\AppData\Roaming\Python\Python310\site-packages\django\template\base.py", line 518, in parse
    raise self.error(token, e)
  File "C:\Users\HP\AppData\Roaming\Python\Python310\site-packages\django\template\base.py", line 516, in parse
    compiled_result = compile_func(self, token)
  File "C:\Users\HP\AppData\Roaming\Python\Python310\site-packages\django\template\loader_tags.py", line 234, in do_block
    nodelist = parser.parse(("endblock",))
  File "C:\Users\HP\AppData\Roaming\Python\Python310\site-packages\django\template\base.py", line 518, in parse
    raise self.error(token, e)
  File "C:\Users\HP\AppData\Roaming\Python\Python310\site-packages\django\template\base.py", line 516, in parse
    compiled_result = compile_func(self, token)
  File "C:\Users\HP\AppData\Roaming\Python\Python310\site-packages\django\template\defaulttags.py", line 976, in do_if
    nodelist = parser.parse(("endif",))
  File "C:\Users\HP\AppData\Roaming\Python\Python310\site-packages\django\template\base.py", line 512, in parse
    self.invalid_block_tag(token, command, parse_until)
  File "C:\Users\HP\AppData\Roaming\Python\Python310\site-packages\django\template\base.py", line 567, in invalid_block_tag
    raise self.error(
django.template.exceptions.TemplateSyntaxError: Invalid block tag on line 83: 'else', expected 'endif'. Did you forget to register or load this tag?
Internal Server Error: /dashboard/
Traceback (most recent call last):
  File "D:\python\plagiarismcheckerextra\plag\views.py", line 81, in dashboard
    'org_students': User.objects.filter(role='student', organization__isnull=False).count(),
  File "C:\Users\HP\AppData\Roaming\Python\Python310\site-packages\django\db\models\manager.py", line 87, in manager_method
    return getattr(self.get_queryset(), name)(*args, **kwargs)
  File "C:\Users\HP\AppData\Roaming\Python\Python310\site-packages\django\db\models\query.py", line 1493, in filter
    return self._filter_or_exclude(False, args, kwargs)
  File "C:\Users\HP\AppData\Roaming\Python\Python310\site-packages\django\db\models\query.py", line 1511, in _filter_or_exclude
    clone._filter_or_exclude_inplace(negate, args, kwargs)
  File "C:\Users\HP\AppData\Roaming\Python\Python310\site-packages\django\db\models\query.py", line 1518, in _filter_or_exclude_inplace
    self._query.add_q(Q(*args, **kwargs))
  File "C:\Users\HP\AppData\Roaming\Python\Python310\site-packages\django\db\models\sql\query.py", line 1646, in add_q
    clause, _ = self._add_q(q_object, can_reuse)
  File "C:\Users\HP\AppData\Roaming\Python\Python310\site-packages\django\db\models\sql\query.py", line 1678, in _add_q
    child_clause, needed_inner = self.build_filter(
  File "C:\Users\HP\AppData\Roaming\Python\Python310\site-packages\django\db\models\sql\query.py", line 1526, in build_filter
    lookups, parts, reffed_expression = self.solve_lookup_type(arg, summarize)
  File "C:\Users\HP\AppData\Roaming\Python\Python310\site-packages\django\db\models\sql\query.py", line 1333, in solve_lookup_type
    _, field, _, lookup_parts = self.names_to_path(lookup_splitted, self.get_meta())
  File "C:\Users\HP\AppData\Roaming\Python\Python310\site-packages\django\db\models\sql\query.py", line 1806, in names_to_path
    raise FieldError(
django.core.exceptions.FieldError: Cannot resolve keyword 'organization' into field. Choices are: comment, date_joined, email, first_name, groups, id, is_active, is_staff, is_superuser, last_login, last_name, logentry, notifications, password, readerdocument, user_permissions, username, userprofile

During handling of the above exception, another exception occurred:

Traceback (most recent call last):
  File "C:\Users\HP\AppData\Roaming\Python\Python310\site-packages\django\template\base.py", line 510, in parse
    compile_func = self.tags[command]
KeyError: 'else'

During handling of the above exception, another exception occurred:

Traceback (most recent call last):
  File "C:\Users\HP\AppData\Roaming\Python\Python310\site-packages\django\core\handlers\exception.py", line 55, in inner
    response = get_response(request)
  File "C:\Users\HP\AppData\Roaming\Python\Python310\site-packages\django\core\handlers\base.py", line 197, in _get_response
    response = wrapped_callback(request, *callback_args, **callback_kwargs)
  File "C:\Users\HP\AppData\Roaming\Python\Python310\site-packages\django\contrib\auth\decorators.py", line 59, in _view_wrapper
    return view_func(request, *args, **kwargs)
  File "D:\python\plagiarismcheckerextra\plag\views.py", line 150, in dashboard
    return render(request, "dashboard.html", context)
  File "C:\Users\HP\AppData\Roaming\Python\Python310\site-packages\django\shortcuts.py", line 25, in render
    content = loader.render_to_string(template_name, context, request, using=using)
  File "C:\Users\HP\AppData\Roaming\Python\Python310\site-packages\django\template\loader.py", line 61, in render_to_string
    template = get_template(template_name, using=using)
  File "C:\Users\HP\AppData\Roaming\Python\Python310\site-packages\django\template\loader.py", line 15, in get_template
    return engine.get_template(template_name)
  File "C:\Users\HP\AppData\Roaming\Python\Python310\site-packages\django\template\backends\django.py", line 79, in get_template
    return Template(self.engine.get_template(template_name), self)
  File "C:\Users\HP\AppData\Roaming\Python\Python310\site-packages\django\template\engine.py", line 177, in get_template
    template, origin = self.find_template(template_name)
  File "C:\Users\HP\AppData\Roaming\Python\Python310\site-packages\django\template\engine.py", line 159, in find_template
    template = loader.get_template(name, skip=skip)
  File "C:\Users\HP\AppData\Roaming\Python\Python310\site-packages\django\template\loaders\cached.py", line 57, in get_template
    template = super().get_template(template_name, skip)
  File "C:\Users\HP\AppData\Roaming\Python\Python310\site-packages\django\template\loaders\base.py", line 28, in get_template
    return Template(
  File "C:\Users\HP\AppData\Roaming\Python\Python310\site-packages\django\template\base.py", line 154, in __init__
    self.nodelist = self.compile_nodelist()
  File "C:\Users\HP\AppData\Roaming\Python\Python310\site-packages\django\template\base.py", line 196, in compile_nodelist
    nodelist = parser.parse()
  File "C:\Users\HP\AppData\Roaming\Python\Python310\site-packages\django\template\base.py", line 518, in parse
    raise self.error(token, e)
  File "C:\Users\HP\AppData\Roaming\Python\Python310\site-packages\django\template\base.py", line 516, in parse
    compiled_result = compile_func(self, token)
  File "C:\Users\HP\AppData\Roaming\Python\Python310\site-packages\django\template\loader_tags.py", line 299, in do_extends
    nodelist = parser.parse()
  File "C:\Users\HP\AppData\Roaming\Python\Python310\site-packages\django\template\base.py", line 518, in parse
    raise self.error(token, e)
  File "C:\Users\HP\AppData\Roaming\Python\Python310\site-packages\django\template\base.py", line 516, in parse
    compiled_result = compile_func(self, token)
  File "C:\Users\HP\AppData\Roaming\Python\Python310\site-packages\django\template\loader_tags.py", line 234, in do_block
    nodelist = parser.parse(("endblock",))
  File "C:\Users\HP\AppData\Roaming\Python\Python310\site-packages\django\template\base.py", line 518, in parse
    raise self.error(token, e)
  File "C:\Users\HP\AppData\Roaming\Python\Python310\site-packages\django\template\base.py", line 516, in parse
    compiled_result = compile_func(self, token)
  File "C:\Users\HP\AppData\Roaming\Python\Python310\site-packages\django\template\defaulttags.py", line 976, in do_if
    nodelist = parser.parse(("endif",))
  File "C:\Users\HP\AppData\Roaming\Python\Python310\site-packages\django\template\base.py", line 512, in parse
    self.invalid_block_tag(token, command, parse_until)
  File "C:\Users\HP\AppData\Roaming\Python\Python310\site-packages\django\template\base.py", line 567, in invalid_block_tag
    raise self.error(
django.template.exceptions.TemplateSyntaxError: Invalid block tag on line 83: 'else', expected 'endif'. Did you forget to register or load this tag?
"GET /dashboard/ HTTP/1.1" 500 282565
Dashboard error for user 2: Cannot resolve keyword 'organization' into field. Choices are: comment, date_joined, email, first_name, groups, id, is_active, is_staff, is_superuser, last_login, last_name, logentry, notifications, password, readerdocument, user_permissions, username, userprofile
Dashboard error for user 2: Cannot resolve keyword 'organization' into field. Choices are: comment, date_joined, email, first_name, groups, id, is_active, is_staff, is_superuser, last_login, last_name, logentry, notifications, password, readerdocument, user_permissions, username, userprofile
Dashboard error for user 2: Cannot resolve keyword 'organization' into field. Choices are: comment, date_joined, email, first_name, groups, id, is_active, is_staff, is_superuser, last_login, last_name, logentry, notifications, password, readerdocument, user_permissions, username, userprofile
Unhandled exception: no such table: plag_userprofile
Traceback (most recent call last):
  File "C:\Users\HP\AppData\Roaming\Python\Python310\site-packages\django\db\backends\utils.py", line 105, in _execute
    return self.cursor.execute(sql, params)
  File "C:\Users\HP\AppData\Roaming\Python\Python310\site-packages\django\db\backends\sqlite3\base.py", line 360, in execute
    return super().execute(query, params)
sqlite3.OperationalError: no such table: plag_userprofile

The above exception was the direct cause of the following exception:

Traceback (most recent call last):
  File "C:\Users\HP\AppData\Roaming\Python\Python310\site-packages\django\core\handlers\base.py", line 197, in _get_response
    response = wrapped_callback(request, *callback_args, **callback_kwargs)
  File "C:\Users\HP\AppData\Roaming\Python\Python310\site-packages\django\contrib\admin\options.py", line 719, in wrapper
    return self.admin_site.admin_view(view)(*args, **kwargs)
  File "C:\Users\HP\AppData\Roaming\Python\Python310\site-packages\django\utils\decorators.py", line 192, in _view_wrapper
    result = _process_exception(request, e)
  File "C:\Users\HP\AppData\Roaming\Python\Python310\site-packages\django\utils\decorators.py", line 190, in _view_wrapper
    response = view_func(request, *args, **kwargs)
  File "C:\Users\HP\AppData\Roaming\Python\Python310\site-packages\django\views\decorators\cache.py", line 80, in _view_wrapper
    response = view_func(request, *args, **kwargs)
  File "C:\Users\HP\AppData\Roaming\Python\Python310\site-packages\django\contrib\admin\sites.py", line 246, in inner
    return view(request, *args, **kwargs)
  File "C:\Users\HP\AppData\Roaming\Python\Python310\site-packages\django\utils\decorators.py", line 48, in _wrapper
    return bound_method(*args, **kwargs)
  File "C:\Users\HP\AppData\Roaming\Python\Python310\site-packages\django\utils\decorators.py", line 192, in _view_wrapper
    result = _process_exception(request, e)
  File "C:\Users\HP\AppData\Roaming\Python\Python310\site-packages\django\utils\decorators.py", line 190, in _view_wrapper
    response = view_func(request, *args, **kwargs)
  File "C:\Users\HP\AppData\Roaming\Python\Python310\site-packages\django\contrib\admin\options.py", line 2163, in changelist_view
    "selection_note": _("0 of %(cnt)s selected") % {"cnt": len(cl.result_list)},
  File "C:\Users\HP\AppData\Roaming\Python\Python310\site-packages\django\db\models\query.py", line 366, in __len__
    self._fetch_all()
  File "C:\Users\HP\AppData\Roaming\Python\Python310\site-packages\django\db\models\query.py", line 1949, in _fetch_all
    self._result_cache = list(self._iterable_class(self))
  File "C:\Users\HP\AppData\Roaming\Python\Python310\site-packages\django\db\models\query.py", line 91, in __iter__
    results = compiler.execute_sql(
  File "C:\Users\HP\AppData\Roaming\Python\Python310\site-packages\django\db\models\sql\compiler.py", line 1623, in execute_sql
    cursor.execute(sql, params)
  File "C:\Users\HP\AppData\Roaming\Python\Python310\site-packages\django\db\backends\utils.py", line 122, in execute
    return super().execute(sql, params)
  File "C:\Users\HP\AppData\Roaming\Python\Python310\site-packages\django\db\backends\utils.py", line 79, in execute
    return self._execute_with_wrappers(
  File "C:\Users\HP\AppData\Roaming\Python\Python310\site-packages\django\db\backends\utils.py", line 92, in _execute_with_wrappers
    return executor(sql, params, many, context)
  File "C:\Users\HP\AppData\Roaming\Python\Python310\site-packages\django\db\backends\utils.py", line 100, in _execute
    with self.db.wrap_database_errors:
  File "C:\Users\HP\AppData\Roaming\Python\Python310\site-packages\django\db\utils.py", line 91, in __exit__
    raise dj_exc_value.with_traceback(traceback) from exc_value
  File "C:\Users\HP\AppData\Roaming\Python\Python310\site-packages\django\db\backends\utils.py", line 105, in _execute
    return self.cursor.execute(sql, params)
  File "C:\Users\HP\AppData\Roaming\Python\Python310\site-packages\django\db\backends\sqlite3\base.py", line 360, in execute
    return super().execute(query, params)
django.db.utils.OperationalError: no such table: plag_userprofile
Internal Server Error: /admin/plag/comment/
Traceback (most recent call last):
  File "C:\Users\HP\AppData\Roaming\Python\Python310\site-packages\django\db\backends\utils.py", line 105, in _execute
    return self.cursor.execute(sql, params)
  File "C:\Users\HP\AppData\Roaming\Python\Python310\site-packages\django\db\backends\sqlite3\base.py", line 360, in execute
    return super().execute(query, params)
sqlite3.OperationalError: no such table: plag_userprofile

The above exception was the direct cause of the following exception:

Traceback (most recent call last):
  File "C:\Users\HP\AppData\Roaming\Python\Python310\site-packages\django\core\handlers\exception.py", line 55, in inner
    response = get_response(request)
  File "C:\Users\HP\AppData\Roaming\Python\Python310\site-packages\django\core\handlers\base.py", line 197, in _get_response
    response = wrapped_callback(request, *callback_args, **callback_kwargs)
  File "C:\Users\HP\AppData\Roaming\Python\Python310\site-packages\django\contrib\admin\options.py", line 719, in wrapper
    return self.admin_site.admin_view(view)(*args, **kwargs)
  File "C:\Users\HP\AppData\Roaming\Python\Python310\site-packages\django\utils\decorators.py", line 192, in _view_wrapper
    result = _process_exception(request, e)
  File "C:\Users\HP\AppData\Roaming\Python\Python310\site-packages\django\utils\decorators.py", line 190, in _view_wrapper
    response = view_func(request, *args, **kwargs)
  File "C:\Users\HP\AppData\Roaming\Python\Python310\site-packages\django\views\decorators\cache.py", line 80, in _view_wrapper
    response = view_func(request, *args, **kwargs)
  File "C:\Users\HP\AppData\Roaming\Python\Python310\site-packages\django\contrib\admin\sites.py", line 246, in inner
    return view(request, *args, **kwargs)
  File "C:\Users\HP\AppData\Roaming\Python\Python310\site-packages\django\utils\decorators.py", line 48, in _wrapper
    return bound_method(*args, **kwargs)
  File "C:\Users\HP\AppData\Roaming\Python\Python310\site-packages\django\utils\decorators.py", line 192, in _view_wrapper
    result = _process_exception(request, e)
  File "C:\Users\HP\AppData\Roaming\Python\Python310\site-packages\django\utils\decorators.py", line 190, in _view_wrapper
    response = view_func(request, *args, **kwargs)
  File "C:\Users\HP\AppData\Roaming\Python\Python310\site-packages\django\contrib\admin\options.py", line 2163, in changelist_view
    "selection_note": _("0 of %(cnt)s selected") % {"cnt": len(cl.result_list)},
  File "C:\Users\HP\AppData\Roaming\Python\Python310\site-packages\django\db\models\query.py", line 366, in __len__
    self._fetch_all()
  File "C:\Users\HP\AppData\Roaming\Python\Python310\site-packages\django\db\models\query.py", line 1949, in _fetch_all
    self._result_cache = list(self._iterable_class(self))
  File "C:\Users\HP\AppData\Roaming\Python\Python310\site-packages\django\db\models\query.py", line 91, in __iter__
    results = compiler.execute_sql(
  File "C:\Users\HP\AppData\Roaming\Python\Python310\site-packages\django\db\models\sql\compiler.py", line 1623, in execute_sql
    cursor.execute(sql, params)
  File "C:\Users\HP\AppData\Roaming\Python\Python310\site-packages\django\db\backends\utils.py", line 122, in execute
    return super().execute(sql, params)
  File "C:\Users\HP\AppData\Roaming\Python\Python310\site-packages\django\db\backends\utils.py", line 79, in execute
    return self._execute_with_wrappers(
  File "C:\Users\HP\AppData\Roaming\Python\Python310\site-packages\django\db\backends\utils.py", line 92, in _execute_with_wrappers
    return executor(sql, params, many, context)
  File "C:\Users\HP\AppData\Roaming\Python\Python310\site-packages\django\db\backends\utils.py", line 100, in _execute
    with self.db.wrap_database_errors:
  File "C:\Users\HP\AppData\Roaming\Python\Python310\site-packages\django\db\utils.py", line 91, in __exit__
    raise dj_exc_value.with_traceback(traceback) from exc_value
  File "C:\Users\HP\AppData\Roaming\Python\Python310\site-packages\django\db\backends\utils.py", line 105, in _execute
    return self.cursor.execute(sql, params)
  File "C:\Users\HP\AppData\Roaming\Python\Python310\site-packages\django\db\backends\sqlite3\base.py", line 360, in execute
    return super().execute(query, params)
django.db.utils.OperationalError: no such table: plag_userprofile
"GET /admin/plag/comment/ HTTP/1.1" 500 191781
Unhandled exception: no such table: plag_userprofile
Traceback (most recent call last):
  File "C:\Users\HP\AppData\Roaming\Python\Python310\site-packages\django\db\backends\utils.py", line 105, in _execute
    return self.cursor.execute(sql, params)
  File "C:\Users\HP\AppData\Roaming\Python\Python310\site-packages\django\db\backends\sqlite3\base.py", line 360, in execute
    return super().execute(query, params)
sqlite3.OperationalError: no such table: plag_userprofile

The above exception was the direct cause of the following exception:

Traceback (most recent call last):
  File "C:\Users\HP\AppData\Roaming\Python\Python310\site-packages\django\core\handlers\base.py", line 197, in _get_response
    response = wrapped_callback(request, *callback_args, **callback_kwargs)
  File "C:\Users\HP\AppData\Roaming\Python\Python310\site-packages\django\contrib\admin\options.py", line 719, in wrapper
    return self.admin_site.admin_view(view)(*args, **kwargs)
  File "C:\Users\HP\AppData\Roaming\Python\Python310\site-packages\django\utils\decorators.py", line 192, in _view_wrapper
    result = _process_exception(request, e)
  File "C:\Users\HP\AppData\Roaming\Python\Python310\site-packages\django\utils\decorators.py", line 190, in _view_wrapper
    response = view_func(request, *args, **kwargs)
  File "C:\Users\HP\AppData\Roaming\Python\Python310\site-packages\django\views\decorators\cache.py", line 80, in _view_wrapper
    response = view_func(request, *args, **kwargs)
  File "C:\Users\HP\AppData\Roaming\Python\Python310\site-packages\django\contrib\admin\sites.py", line 246, in inner
    return view(request, *args, **kwargs)
  File "C:\Users\HP\AppData\Roaming\Python\Python310\site-packages\django\utils\decorators.py", line 48, in _wrapper
    return bound_method(*args, **kwargs)
  File "C:\Users\HP\AppData\Roaming\Python\Python310\site-packages\django\utils\decorators.py", line 192, in _view_wrapper
    result = _process_exception(request, e)
  File "C:\Users\HP\AppData\Roaming\Python\Python310\site-packages\django\utils\decorators.py", line 190, in _view_wrapper
    response = view_func(request, *args, **kwargs)
  File "C:\Users\HP\AppData\Roaming\Python\Python310\site-packages\django\contrib\admin\options.py", line 2024, in changelist_view
    cl = self.get_changelist_instance(request)
  File "C:\Users\HP\AppData\Roaming\Python\Python310\site-packages\django\contrib\admin\options.py", line 867, in get_changelist_instance
    return ChangeList(
  File "C:\Users\HP\AppData\Roaming\Python\Python310\site-packages\django\contrib\admin\views\main.py", line 145, in __init__
    self.queryset = self.get_queryset(request)
  File "C:\Users\HP\AppData\Roaming\Python\Python310\site-packages\django\contrib\admin\views\main.py", line 545, in get_queryset
    ) = self.get_filters(request)
  File "C:\Users\HP\AppData\Roaming\Python\Python310\site-packages\django\contrib\admin\views\main.py", line 216, in get_filters
    spec = field_list_filter_class(
  File "C:\Users\HP\AppData\Roaming\Python\Python310\site-packages\django\contrib\admin\filters.py", line 217, in create
    return list_filter_class(
  File "C:\Users\HP\AppData\Roaming\Python\Python310\site-packages\django\contrib\admin\filters.py", line 232, in __init__
    self.lookup_choices = self.field_choices(field, request, model_admin)
  File "C:\Users\HP\AppData\Roaming\Python\Python310\site-packages\django\contrib\admin\filters.py", line 273, in field_choices
    return field.get_choices(include_blank=False, ordering=ordering)
  File "C:\Users\HP\AppData\Roaming\Python\Python310\site-packages\django\db\models\fields\__init__.py", line 1082, in get_choices
    return (blank_choice if include_blank else []) + [
  File "C:\Users\HP\AppData\Roaming\Python\Python310\site-packages\django\db\models\query.py", line 384, in __iter__
    self._fetch_all()
  File "C:\Users\HP\AppData\Roaming\Python\Python310\site-packages\django\db\models\query.py", line 1949, in _fetch_all
    self._result_cache = list(self._iterable_class(self))
  File "C:\Users\HP\AppData\Roaming\Python\Python310\site-packages\django\db\models\query.py", line 91, in __iter__
    results = compiler.execute_sql(
  File "C:\Users\HP\AppData\Roaming\Python\Python310\site-packages\django\db\models\sql\compiler.py", line 1623, in execute_sql
    cursor.execute(sql, params)
  File "C:\Users\HP\AppData\Roaming\Python\Python310\site-packages\django\db\backends\utils.py", line 122, in execute
    return super().execute(sql, params)
  File "C:\Users\HP\AppData\Roaming\Python\Python310\site-packages\django\db\backends\utils.py", line 79, in execute
    return self._execute_with_wrappers(
  File "C:\Users\HP\AppData\Roaming\Python\Python310\site-packages\django\db\backends\utils.py", line 92, in _execute_with_wrappers
    return executor(sql, params, many, context)
  File "C:\Users\HP\AppData\Roaming\Python\Python310\site-packages\django\db\backends\utils.py", line 100, in _execute
    with self.db.wrap_database_errors:
  File "C:\Users\HP\AppData\Roaming\Python\Python310\site-packages\django\db\utils.py", line 91, in __exit__
    raise dj_exc_value.with_traceback(traceback) from exc_value
  File "C:\Users\HP\AppData\Roaming\Python\Python310\site-packages\django\db\backends\utils.py", line 105, in _execute
    return self.cursor.execute(sql, params)
  File "C:\Users\HP\AppData\Roaming\Python\Python310\site-packages\django\db\backends\sqlite3\base.py", line 360, in execute
    return super().execute(query, params)
django.db.utils.OperationalError: no such table: plag_userprofile
Internal Server Error: /admin/plag/upload/
Traceback (most recent call last):
  File "C:\Users\HP\AppData\Roaming\Python\Python310\site-packages\django\db\backends\utils.py", line 105, in _execute
    return self.cursor.execute(sql, params)
  File "C:\Users\HP\AppData\Roaming\Python\Python310\site-packages\django\db\backends\sqlite3\base.py", line 360, in execute
    return super().execute(query, params)
sqlite3.OperationalError: no such table: plag_userprofile

The above exception was the direct cause of the following exception:

Traceback (most recent call last):
  File "C:\Users\HP\AppData\Roaming\Python\Python310\site-packages\django\core\handlers\exception.py", line 55, in inner
    response = get_response(request)
  File "C:\Users\HP\AppData\Roaming\Python\Python310\site-packages\django\core\handlers\base.py", line 197, in _get_response
    response = wrapped_callback(request, *callback_args, **callback_kwargs)
  File "C:\Users\HP\AppData\Roaming\Python\Python310\site-packages\django\contrib\admin\options.py", line 719, in wrapper
    return self.admin_site.admin_view(view)(*args, **kwargs)
  File "C:\Users\HP\AppData\Roaming\Python\Python310\site-packages\django\utils\decorators.py", line 192, in _view_wrapper
    result = _process_exception(request, e)
  File "C:\Users\HP\AppData\Roaming\Python\Python310\site-packages\django\utils\decorators.py", line 190, in _view_wrapper
    response = view_func(request, *args, **kwargs)
  File "C:\Users\HP\AppData\Roaming\Python\Python310\site-packages\django\views\decorators\cache.py", line 80, in _view_wrapper
    response = view_func(request, *args, **kwargs)
  File "C:\Users\HP\AppData\Roaming\Python\Python310\site-packages\django\contrib\admin\sites.py", line 246, in inner
    return view(request, *args, **kwargs)
  File "C:\Users\HP\AppData\Roaming\Python\Python310\site-packages\django\utils\decorators.py", line 48, in _wrapper
    return bound_method(*args, **kwargs)
  File "C:\Users\HP\AppData\Roaming\Python\Python310\site-packages\django\utils\decorators.py", line 192, in _view_wrapper
    result = _process_exception(request, e)
  File "C:\Users\HP\AppData\Roaming\Python\Python310\site-packages\django\utils\decorators.py", line 190, in _view_wrapper
    response = view_func(request, *args, **kwargs)
  File "C:\Users\HP\AppData\Roaming\Python\Python310\site-packages\django\contrib\admin\options.py", line 2024, in changelist_view
    cl = self.get_changelist_instance(request)
  File "C:\Users\HP\AppData\Roaming\Python\Python310\site-packages\django\contrib\admin\options.py", line 867, in get_changelist_instance
    return ChangeList(
  File "C:\Users\HP\AppData\Roaming\Python\Python310\site-packages\django\contrib\admin\views\main.py", line 145, in __init__
    self.queryset = self.get_queryset(request)
  File "C:\Users\HP\AppData\Roaming\Python\Python310\site-packages\django\contrib\admin\views\main.py", line 545, in get_queryset
    ) = self.get_filters(request)
  File "C:\Users\HP\AppData\Roaming\Python\Python310\site-packages\django\contrib\admin\views\main.py", line 216, in get_filters
    spec = field_list_filter_class(
  File "C:\Users\HP\AppData\Roaming\Python\Python310\site-packages\django\contrib\admin\filters.py", line 217, in create
    return list_filter_class(
  File "C:\Users\HP\AppData\Roaming\Python\Python310\site-packages\django\contrib\admin\filters.py", line 232, in __init__
    self.lookup_choices = self.field_choices(field, request, model_admin)
  File "C:\Users\HP\AppData\Roaming\Python\Python310\site-packages\django\contrib\admin\filters.py", line 273, in field_choices
    return field.get_choices(include_blank=False, ordering=ordering)
  File "C:\Users\HP\AppData\Roaming\Python\Python310\site-packages\django\db\models\fields\__init__.py", line 1082, in get_choices
    return (blank_choice if include_blank else []) + [
  File "C:\Users\HP\AppData\Roaming\Python\Python310\site-packages\django\db\models\query.py", line 384, in __iter__
    self._fetch_all()
  File "C:\Users\HP\AppData\Roaming\Python\Python310\site-packages\django\db\models\query.py", line 1949, in _fetch_all
    self._result_cache = list(self._iterable_class(self))
  File "C:\Users\HP\AppData\Roaming\Python\Python310\site-packages\django\db\models\query.py", line 91, in __iter__
    results = compiler.execute_sql(
  File "C:\Users\HP\AppData\Roaming\Python\Python310\site-packages\django\db\models\sql\compiler.py", line 1623, in execute_sql
    cursor.execute(sql, params)
  File "C:\Users\HP\AppData\Roaming\Python\Python310\site-packages\django\db\backends\utils.py", line 122, in execute
    return super().execute(sql, params)
  File "C:\Users\HP\AppData\Roaming\Python\Python310\site-packages\django\db\backends\utils.py", line 79, in execute
    return self._execute_with_wrappers(
  File "C:\Users\HP\AppData\Roaming\Python\Python310\site-packages\django\db\backends\utils.py", line 92, in _execute_with_wrappers
    return executor(sql, params, many, context)
  File "C:\Users\HP\AppData\Roaming\Python\Python310\site-packages\django\db\backends\utils.py", line 100, in _execute
    with self.db.wrap_database_errors:
  File "C:\Users\HP\AppData\Roaming\Python\Python310\site-packages\django\db\utils.py", line 91, in __exit__
    raise dj_exc_value.with_traceback(traceback) from exc_value
  File "C:\Users\HP\AppData\Roaming\Python\Python310\site-packages\django\db\backends\utils.py", line 105, in _execute
    return self.cursor.execute(sql, params)
  File "C:\Users\HP\AppData\Roaming\Python\Python310\site-packages\django\db\backends\sqlite3\base.py", line 360, in execute
    return super().execute(query, params)
django.db.utils.OperationalError: no such table: plag_userprofile
"GET /admin/plag/upload/ HTTP/1.1" 500 214805
Dashboard error for user 2: Cannot resolve keyword 'organization' into field. Choices are: comment, date_joined, email, first_name, groups, id, is_active, is_staff, is_superuser, last_login, last_name, logentry, notifications, password, readerdocument, user_permissions, username, userprofile
Profile error: {% extends user|get_user_layout %} must be the first tag in 'profile.html'.
Dashboard error for user 2: Cannot resolve keyword 'organization' into field. Choices are: comment, date_joined, email, first_name, groups, id, is_active, is_staff, is_superuser, last_login, last_name, logentry, notifications, password, readerdocument, user_permissions, username, userprofile
Dashboard error for user 2: Cannot resolve keyword 'organization' into field. Choices are: comment, date_joined, email, first_name, groups, id, is_active, is_staff, is_superuser, last_login, last_name, logentry, notifications, password, readerdocument, user_permissions, username, userprofile
Dashboard error for user 2: Cannot resolve keyword 'organization' into field. Choices are: comment, date_joined, email, first_name, groups, id, is_active, is_staff, is_superuser, last_login, last_name, logentry, notifications, password, readerdocument, user_permissions, username, userprofile
Dashboard error for user 2: Cannot resolve keyword 'organization' into field. Choices are: comment, date_joined, email, first_name, groups, id, is_active, is_staff, is_superuser, last_login, last_name, logentry, notifications, password, readerdocument, user_permissions, username, userprofile
Dashboard error for user 2: Cannot resolve keyword 'organization' into field. Choices are: comment, date_joined, email, first_name, groups, id, is_active, is_staff, is_superuser, last_login, last_name, logentry, notifications, password, readerdocument, user_permissions, username, userprofile
Dashboard error for user 2: Cannot resolve keyword 'organization' into field. Choices are: comment, date_joined, email, first_name, groups, id, is_active, is_staff, is_superuser, last_login, last_name, logentry, notifications, password, readerdocument, user_permissions, username, userprofile
Dashboard error for user 2: Cannot resolve keyword 'organization' into field. Choices are: comment, date_joined, email, first_name, groups, id, is_active, is_staff, is_superuser, last_login, last_name, logentry, notifications, password, readerdocument, user_permissions, username, userprofile
Dashboard error for user 2: Cannot resolve keyword 'organization' into field. Choices are: comment, date_joined, email, first_name, groups, id, is_active, is_staff, is_superuser, last_login, last_name, logentry, notifications, password, readerdocument, user_permissions, username, userprofile
Dashboard error for user 3: name 'user_role' is not defined
Plagiarism check error: {% extends user|get_user_layout %} must be the first tag in 'checkplag.html'.
Unhandled exception: {% extends user|get_user_layout %} must be the first tag in 'checkplag.html'.
Traceback (most recent call last):
  File "D:\python\plagiarismcheckerextra\plag\views.py", line 387, in checkPlag
    return render(request, "checkplag.html", context)
  File "C:\Users\HP\AppData\Roaming\Python\Python310\site-packages\django\shortcuts.py", line 25, in render
    content = loader.render_to_string(template_name, context, request, using=using)
  File "C:\Users\HP\AppData\Roaming\Python\Python310\site-packages\django\template\loader.py", line 61, in render_to_string
    template = get_template(template_name, using=using)
  File "C:\Users\HP\AppData\Roaming\Python\Python310\site-packages\django\template\loader.py", line 15, in get_template
    return engine.get_template(template_name)
  File "C:\Users\HP\AppData\Roaming\Python\Python310\site-packages\django\template\backends\django.py", line 79, in get_template
    return Template(self.engine.get_template(template_name), self)
  File "C:\Users\HP\AppData\Roaming\Python\Python310\site-packages\django\template\engine.py", line 177, in get_template
    template, origin = self.find_template(template_name)
  File "C:\Users\HP\AppData\Roaming\Python\Python310\site-packages\django\template\engine.py", line 159, in find_template
    template = loader.get_template(name, skip=skip)
  File "C:\Users\HP\AppData\Roaming\Python\Python310\site-packages\django\template\loaders\cached.py", line 57, in get_template
    template = super().get_template(template_name, skip)
  File "C:\Users\HP\AppData\Roaming\Python\Python310\site-packages\django\template\loaders\base.py", line 28, in get_template
    return Template(
  File "C:\Users\HP\AppData\Roaming\Python\Python310\site-packages\django\template\base.py", line 154, in __init__
    self.nodelist = self.compile_nodelist()
  File "C:\Users\HP\AppData\Roaming\Python\Python310\site-packages\django\template\base.py", line 196, in compile_nodelist
    nodelist = parser.parse()
  File "C:\Users\HP\AppData\Roaming\Python\Python310\site-packages\django\template\base.py", line 519, in parse
    self.extend_nodelist(nodelist, compiled_result, token)
  File "C:\Users\HP\AppData\Roaming\Python\Python310\site-packages\django\template\base.py", line 540, in extend_nodelist
    raise self.error(
django.template.exceptions.TemplateSyntaxError: {% extends user|get_user_layout %} must be the first tag in 'checkplag.html'.

During handling of the above exception, another exception occurred:

Traceback (most recent call last):
  File "C:\Users\HP\AppData\Roaming\Python\Python310\site-packages\django\core\handlers\base.py", line 197, in _get_response
    response = wrapped_callback(request, *callback_args, **callback_kwargs)
  File "C:\Users\HP\AppData\Roaming\Python\Python310\site-packages\django\contrib\auth\decorators.py", line 59, in _view_wrapper
    return view_func(request, *args, **kwargs)
  File "D:\python\plagiarismcheckerextra\plag\views.py", line 391, in checkPlag
    return render(request, "checkplag.html", {'err': 'An error occurred'})
  File "C:\Users\HP\AppData\Roaming\Python\Python310\site-packages\django\shortcuts.py", line 25, in render
    content = loader.render_to_string(template_name, context, request, using=using)
  File "C:\Users\HP\AppData\Roaming\Python\Python310\site-packages\django\template\loader.py", line 61, in render_to_string
    template = get_template(template_name, using=using)
  File "C:\Users\HP\AppData\Roaming\Python\Python310\site-packages\django\template\loader.py", line 15, in get_template
    return engine.get_template(template_name)
  File "C:\Users\HP\AppData\Roaming\Python\Python310\site-packages\django\template\backends\django.py", line 79, in get_template
    return Template(self.engine.get_template(template_name), self)
  File "C:\Users\HP\AppData\Roaming\Python\Python310\site-packages\django\template\engine.py", line 177, in get_template
    template, origin = self.find_template(template_name)
  File "C:\Users\HP\AppData\Roaming\Python\Python310\site-packages\django\template\engine.py", line 159, in find_template
    template = loader.get_template(name, skip=skip)
  File "C:\Users\HP\AppData\Roaming\Python\Python310\site-packages\django\template\loaders\cached.py", line 57, in get_template
    template = super().get_template(template_name, skip)
  File "C:\Users\HP\AppData\Roaming\Python\Python310\site-packages\django\template\loaders\base.py", line 28, in get_template
    return Template(
  File "C:\Users\HP\AppData\Roaming\Python\Python310\site-packages\django\template\base.py", line 154, in __init__
    self.nodelist = self.compile_nodelist()
  File "C:\Users\HP\AppData\Roaming\Python\Python310\site-packages\django\template\base.py", line 196, in compile_nodelist
    nodelist = parser.parse()
  File "C:\Users\HP\AppData\Roaming\Python\Python310\site-packages\django\template\base.py", line 519, in parse
    self.extend_nodelist(nodelist, compiled_result, token)
  File "C:\Users\HP\AppData\Roaming\Python\Python310\site-packages\django\template\base.py", line 540, in extend_nodelist
    raise self.error(
django.template.exceptions.TemplateSyntaxError: {% extends user|get_user_layout %} must be the first tag in 'checkplag.html'.
Internal Server Error: /checkplagiarism/
Traceback (most recent call last):
  File "D:\python\plagiarismcheckerextra\plag\views.py", line 387, in checkPlag
    return render(request, "checkplag.html", context)
  File "C:\Users\HP\AppData\Roaming\Python\Python310\site-packages\django\shortcuts.py", line 25, in render
    content = loader.render_to_string(template_name, context, request, using=using)
  File "C:\Users\HP\AppData\Roaming\Python\Python310\site-packages\django\template\loader.py", line 61, in render_to_string
    template = get_template(template_name, using=using)
  File "C:\Users\HP\AppData\Roaming\Python\Python310\site-packages\django\template\loader.py", line 15, in get_template
    return engine.get_template(template_name)
  File "C:\Users\HP\AppData\Roaming\Python\Python310\site-packages\django\template\backends\django.py", line 79, in get_template
    return Template(self.engine.get_template(template_name), self)
  File "C:\Users\HP\AppData\Roaming\Python\Python310\site-packages\django\template\engine.py", line 177, in get_template
    template, origin = self.find_template(template_name)
  File "C:\Users\HP\AppData\Roaming\Python\Python310\site-packages\django\template\engine.py", line 159, in find_template
    template = loader.get_template(name, skip=skip)
  File "C:\Users\HP\AppData\Roaming\Python\Python310\site-packages\django\template\loaders\cached.py", line 57, in get_template
    template = super().get_template(template_name, skip)
  File "C:\Users\HP\AppData\Roaming\Python\Python310\site-packages\django\template\loaders\base.py", line 28, in get_template
    return Template(
  File "C:\Users\HP\AppData\Roaming\Python\Python310\site-packages\django\template\base.py", line 154, in __init__
    self.nodelist = self.compile_nodelist()
  File "C:\Users\HP\AppData\Roaming\Python\Python310\site-packages\django\template\base.py", line 196, in compile_nodelist
    nodelist = parser.parse()
  File "C:\Users\HP\AppData\Roaming\Python\Python310\site-packages\django\template\base.py", line 519, in parse
    self.extend_nodelist(nodelist, compiled_result, token)
  File "C:\Users\HP\AppData\Roaming\Python\Python310\site-packages\django\template\base.py", line 540, in extend_nodelist
    raise self.error(
django.template.exceptions.TemplateSyntaxError: {% extends user|get_user_layout %} must be the first tag in 'checkplag.html'.

During handling of the above exception, another exception occurred:

Traceback (most recent call last):
  File "C:\Users\HP\AppData\Roaming\Python\Python310\site-packages\django\core\handlers\exception.py", line 55, in inner
    response = get_response(request)
  File "C:\Users\HP\AppData\Roaming\Python\Python310\site-packages\django\core\handlers\base.py", line 197, in _get_response
    response = wrapped_callback(request, *callback_args, **callback_kwargs)
  File "C:\Users\HP\AppData\Roaming\Python\Python310\site-packages\django\contrib\auth\decorators.py", line 59, in _view_wrapper
    return view_func(request, *args, **kwargs)
  File "D:\python\plagiarismcheckerextra\plag\views.py", line 391, in checkPlag
    return render(request, "checkplag.html", {'err': 'An error occurred'})
  File "C:\Users\HP\AppData\Roaming\Python\Python310\site-packages\django\shortcuts.py", line 25, in render
    content = loader.render_to_string(template_name, context, request, using=using)
  File "C:\Users\HP\AppData\Roaming\Python\Python310\site-packages\django\template\loader.py", line 61, in render_to_string
    template = get_template(template_name, using=using)
  File "C:\Users\HP\AppData\Roaming\Python\Python310\site-packages\django\template\loader.py", line 15, in get_template
    return engine.get_template(template_name)
  File "C:\Users\HP\AppData\Roaming\Python\Python310\site-packages\django\template\backends\django.py", line 79, in get_template
    return Template(self.engine.get_template(template_name), self)
  File "C:\Users\HP\AppData\Roaming\Python\Python310\site-packages\django\template\engine.py", line 177, in get_template
    template, origin = self.find_template(template_name)
  File "C:\Users\HP\AppData\Roaming\Python\Python310\site-packages\django\template\engine.py", line 159, in find_template
    template = loader.get_template(name, skip=skip)
  File "C:\Users\HP\AppData\Roaming\Python\Python310\site-packages\django\template\loaders\cached.py", line 57, in get_template
    template = super().get_template(template_name, skip)
  File "C:\Users\HP\AppData\Roaming\Python\Python310\site-packages\django\template\loaders\base.py", line 28, in get_template
    return Template(
  File "C:\Users\HP\AppData\Roaming\Python\Python310\site-packages\django\template\base.py", line 154, in __init__
    self.nodelist = self.compile_nodelist()
  File "C:\Users\HP\AppData\Roaming\Python\Python310\site-packages\django\template\base.py", line 196, in compile_nodelist
    nodelist = parser.parse()
  File "C:\Users\HP\AppData\Roaming\Python\Python310\site-packages\django\template\base.py", line 519, in parse
    self.extend_nodelist(nodelist, compiled_result, token)
  File "C:\Users\HP\AppData\Roaming\Python\Python310\site-packages\django\template\base.py", line 540, in extend_nodelist
    raise self.error(
django.template.exceptions.TemplateSyntaxError: {% extends user|get_user_layout %} must be the first tag in 'checkplag.html'.
"GET /checkplagiarism/ HTTP/1.1" 500 222844
Dashboard error for user 3: name 'user_role' is not defined
Dashboard error for user 3: name 'user_role' is not defined
Unhandled exception: {% extends user|get_user_layout %} must be the first tag in 'dictionary.html'.
Traceback (most recent call last):
  File "C:\Users\HP\AppData\Roaming\Python\Python310\site-packages\django\core\handlers\base.py", line 197, in _get_response
    response = wrapped_callback(request, *callback_args, **callback_kwargs)
  File "C:\Users\HP\AppData\Roaming\Python\Python310\site-packages\django\contrib\auth\decorators.py", line 59, in _view_wrapper
    return view_func(request, *args, **kwargs)
  File "D:\python\plagiarismcheckerextra\plag\views.py", line 402, in dictionary
    return render(request, "dictionary.html", context)
  File "C:\Users\HP\AppData\Roaming\Python\Python310\site-packages\django\shortcuts.py", line 25, in render
    content = loader.render_to_string(template_name, context, request, using=using)
  File "C:\Users\HP\AppData\Roaming\Python\Python310\site-packages\django\template\loader.py", line 61, in render_to_string
    template = get_template(template_name, using=using)
  File "C:\Users\HP\AppData\Roaming\Python\Python310\site-packages\django\template\loader.py", line 15, in get_template
    return engine.get_template(template_name)
  File "C:\Users\HP\AppData\Roaming\Python\Python310\site-packages\django\template\backends\django.py", line 79, in get_template
    return Template(self.engine.get_template(template_name), self)
  File "C:\Users\HP\AppData\Roaming\Python\Python310\site-packages\django\template\engine.py", line 177, in get_template
    template, origin = self.find_template(template_name)
  File "C:\Users\HP\AppData\Roaming\Python\Python310\site-packages\django\template\engine.py", line 159, in find_template
    template = loader.get_template(name, skip=skip)
  File "C:\Users\HP\AppData\Roaming\Python\Python310\site-packages\django\template\loaders\cached.py", line 57, in get_template
    template = super().get_template(template_name, skip)
  File "C:\Users\HP\AppData\Roaming\Python\Python310\site-packages\django\template\loaders\base.py", line 28, in get_template
    return Template(
  File "C:\Users\HP\AppData\Roaming\Python\Python310\site-packages\django\template\base.py", line 154, in __init__
    self.nodelist = self.compile_nodelist()
  File "C:\Users\HP\AppData\Roaming\Python\Python310\site-packages\django\template\base.py", line 196, in compile_nodelist
    nodelist = parser.parse()
  File "C:\Users\HP\AppData\Roaming\Python\Python310\site-packages\django\template\base.py", line 519, in parse
    self.extend_nodelist(nodelist, compiled_result, token)
  File "C:\Users\HP\AppData\Roaming\Python\Python310\site-packages\django\template\base.py", line 540, in extend_nodelist
    raise self.error(
django.template.exceptions.TemplateSyntaxError: {% extends user|get_user_layout %} must be the first tag in 'dictionary.html'.
Internal Server Error: /dictionary/
Traceback (most recent call last):
  File "C:\Users\HP\AppData\Roaming\Python\Python310\site-packages\django\core\handlers\exception.py", line 55, in inner
    response = get_response(request)
  File "C:\Users\HP\AppData\Roaming\Python\Python310\site-packages\django\core\handlers\base.py", line 197, in _get_response
    response = wrapped_callback(request, *callback_args, **callback_kwargs)
  File "C:\Users\HP\AppData\Roaming\Python\Python310\site-packages\django\contrib\auth\decorators.py", line 59, in _view_wrapper
    return view_func(request, *args, **kwargs)
  File "D:\python\plagiarismcheckerextra\plag\views.py", line 402, in dictionary
    return render(request, "dictionary.html", context)
  File "C:\Users\HP\AppData\Roaming\Python\Python310\site-packages\django\shortcuts.py", line 25, in render
    content = loader.render_to_string(template_name, context, request, using=using)
  File "C:\Users\HP\AppData\Roaming\Python\Python310\site-packages\django\template\loader.py", line 61, in render_to_string
    template = get_template(template_name, using=using)
  File "C:\Users\HP\AppData\Roaming\Python\Python310\site-packages\django\template\loader.py", line 15, in get_template
    return engine.get_template(template_name)
  File "C:\Users\HP\AppData\Roaming\Python\Python310\site-packages\django\template\backends\django.py", line 79, in get_template
    return Template(self.engine.get_template(template_name), self)
  File "C:\Users\HP\AppData\Roaming\Python\Python310\site-packages\django\template\engine.py", line 177, in get_template
    template, origin = self.find_template(template_name)
  File "C:\Users\HP\AppData\Roaming\Python\Python310\site-packages\django\template\engine.py", line 159, in find_template
    template = loader.get_template(name, skip=skip)
  File "C:\Users\HP\AppData\Roaming\Python\Python310\site-packages\django\template\loaders\cached.py", line 57, in get_template
    template = super().get_template(template_name, skip)
  File "C:\Users\HP\AppData\Roaming\Python\Python310\site-packages\django\template\loaders\base.py", line 28, in get_template
    return Template(
  File "C:\Users\HP\AppData\Roaming\Python\Python310\site-packages\django\template\base.py", line 154, in __init__
    self.nodelist = self.compile_nodelist()
  File "C:\Users\HP\AppData\Roaming\Python\Python310\site-packages\django\template\base.py", line 196, in compile_nodelist
    nodelist = parser.parse()
  File "C:\Users\HP\AppData\Roaming\Python\Python310\site-packages\django\template\base.py", line 519, in parse
    self.extend_nodelist(nodelist, compiled_result, token)
  File "C:\Users\HP\AppData\Roaming\Python\Python310\site-packages\django\template\base.py", line 540, in extend_nodelist
    raise self.error(
django.template.exceptions.TemplateSyntaxError: {% extends user|get_user_layout %} must be the first tag in 'dictionary.html'.
"GET /dictionary/ HTTP/1.1" 500 149084
Dashboard error for user 5: name 'user_role' is not defined
Listen error: {% extends user|get_user_layout %} must be the first tag in 'listen.html'.
Unhandled exception: {% extends user|get_user_layout %} must be the first tag in 'listen.html'.
Traceback (most recent call last):
  File "D:\python\plagiarismcheckerextra\plag\views.py", line 613, in listen
    return render(request, "listen.html", context)
  File "C:\Users\HP\AppData\Roaming\Python\Python310\site-packages\django\shortcuts.py", line 25, in render
    content = loader.render_to_string(template_name, context, request, using=using)
  File "C:\Users\HP\AppData\Roaming\Python\Python310\site-packages\django\template\loader.py", line 61, in render_to_string
    template = get_template(template_name, using=using)
  File "C:\Users\HP\AppData\Roaming\Python\Python310\site-packages\django\template\loader.py", line 15, in get_template
    return engine.get_template(template_name)
  File "C:\Users\HP\AppData\Roaming\Python\Python310\site-packages\django\template\backends\django.py", line 79, in get_template
    return Template(self.engine.get_template(template_name), self)
  File "C:\Users\HP\AppData\Roaming\Python\Python310\site-packages\django\template\engine.py", line 177, in get_template
    template, origin = self.find_template(template_name)
  File "C:\Users\HP\AppData\Roaming\Python\Python310\site-packages\django\template\engine.py", line 159, in find_template
    template = loader.get_template(name, skip=skip)
  File "C:\Users\HP\AppData\Roaming\Python\Python310\site-packages\django\template\loaders\cached.py", line 57, in get_template
    template = super().get_template(template_name, skip)
  File "C:\Users\HP\AppData\Roaming\Python\Python310\site-packages\django\template\loaders\base.py", line 28, in get_template
    return Template(
  File "C:\Users\HP\AppData\Roaming\Python\Python310\site-packages\django\template\base.py", line 154, in __init__
    self.nodelist = self.compile_nodelist()
  File "C:\Users\HP\AppData\Roaming\Python\Python310\site-packages\django\template\base.py", line 196, in compile_nodelist
    nodelist = parser.parse()
  File "C:\Users\HP\AppData\Roaming\Python\Python310\site-packages\django\template\base.py", line 519, in parse
    self.extend_nodelist(nodelist, compiled_result, token)
  File "C:\Users\HP\AppData\Roaming\Python\Python310\site-packages\django\template\base.py", line 540, in extend_nodelist
    raise self.error(
django.template.exceptions.TemplateSyntaxError: {% extends user|get_user_layout %} must be the first tag in 'listen.html'.

During handling of the above exception, another exception occurred:

Traceback (most recent call last):
  File "C:\Users\HP\AppData\Roaming\Python\Python310\site-packages\django\core\handlers\base.py", line 197, in _get_response
    response = wrapped_callback(request, *callback_args, **callback_kwargs)
  File "C:\Users\HP\AppData\Roaming\Python\Python310\site-packages\django\contrib\auth\decorators.py", line 59, in _view_wrapper
    return view_func(request, *args, **kwargs)
  File "D:\python\plagiarismcheckerextra\plag\views.py", line 617, in listen
    return render(request, "listen.html", {'documents': [], 'text': ''})
  File "C:\Users\HP\AppData\Roaming\Python\Python310\site-packages\django\shortcuts.py", line 25, in render
    content = loader.render_to_string(template_name, context, request, using=using)
  File "C:\Users\HP\AppData\Roaming\Python\Python310\site-packages\django\template\loader.py", line 61, in render_to_string
    template = get_template(template_name, using=using)
  File "C:\Users\HP\AppData\Roaming\Python\Python310\site-packages\django\template\loader.py", line 15, in get_template
    return engine.get_template(template_name)
  File "C:\Users\HP\AppData\Roaming\Python\Python310\site-packages\django\template\backends\django.py", line 79, in get_template
    return Template(self.engine.get_template(template_name), self)
  File "C:\Users\HP\AppData\Roaming\Python\Python310\site-packages\django\template\engine.py", line 177, in get_template
    template, origin = self.find_template(template_name)
  File "C:\Users\HP\AppData\Roaming\Python\Python310\site-packages\django\template\engine.py", line 159, in find_template
    template = loader.get_template(name, skip=skip)
  File "C:\Users\HP\AppData\Roaming\Python\Python310\site-packages\django\template\loaders\cached.py", line 57, in get_template
    template = super().get_template(template_name, skip)
  File "C:\Users\HP\AppData\Roaming\Python\Python310\site-packages\django\template\loaders\base.py", line 28, in get_template
    return Template(
  File "C:\Users\HP\AppData\Roaming\Python\Python310\site-packages\django\template\base.py", line 154, in __init__
    self.nodelist = self.compile_nodelist()
  File "C:\Users\HP\AppData\Roaming\Python\Python310\site-packages\django\template\base.py", line 196, in compile_nodelist
    nodelist = parser.parse()
  File "C:\Users\HP\AppData\Roaming\Python\Python310\site-packages\django\template\base.py", line 519, in parse
    self.extend_nodelist(nodelist, compiled_result, token)
  File "C:\Users\HP\AppData\Roaming\Python\Python310\site-packages\django\template\base.py", line 540, in extend_nodelist
    raise self.error(
django.template.exceptions.TemplateSyntaxError: {% extends user|get_user_layout %} must be the first tag in 'listen.html'.
Internal Server Error: /listen/
Traceback (most recent call last):
  File "D:\python\plagiarismcheckerextra\plag\views.py", line 613, in listen
    return render(request, "listen.html", context)
  File "C:\Users\HP\AppData\Roaming\Python\Python310\site-packages\django\shortcuts.py", line 25, in render
    content = loader.render_to_string(template_name, context, request, using=using)
  File "C:\Users\HP\AppData\Roaming\Python\Python310\site-packages\django\template\loader.py", line 61, in render_to_string
    template = get_template(template_name, using=using)
  File "C:\Users\HP\AppData\Roaming\Python\Python310\site-packages\django\template\loader.py", line 15, in get_template
    return engine.get_template(template_name)
  File "C:\Users\HP\AppData\Roaming\Python\Python310\site-packages\django\template\backends\django.py", line 79, in get_template
    return Template(self.engine.get_template(template_name), self)
  File "C:\Users\HP\AppData\Roaming\Python\Python310\site-packages\django\template\engine.py", line 177, in get_template
    template, origin = self.find_template(template_name)
  File "C:\Users\HP\AppData\Roaming\Python\Python310\site-packages\django\template\engine.py", line 159, in find_template
    template = loader.get_template(name, skip=skip)
  File "C:\Users\HP\AppData\Roaming\Python\Python310\site-packages\django\template\loaders\cached.py", line 57, in get_template
    template = super().get_template(template_name, skip)
  File "C:\Users\HP\AppData\Roaming\Python\Python310\site-packages\django\template\loaders\base.py", line 28, in get_template
    return Template(
  File "C:\Users\HP\AppData\Roaming\Python\Python310\site-packages\django\template\base.py", line 154, in __init__
    self.nodelist = self.compile_nodelist()
  File "C:\Users\HP\AppData\Roaming\Python\Python310\site-packages\django\template\base.py", line 196, in compile_nodelist
    nodelist = parser.parse()
  File "C:\Users\HP\AppData\Roaming\Python\Python310\site-packages\django\template\base.py", line 519, in parse
    self.extend_nodelist(nodelist, compiled_result, token)
  File "C:\Users\HP\AppData\Roaming\Python\Python310\site-packages\django\template\base.py", line 540, in extend_nodelist
    raise self.error(
django.template.exceptions.TemplateSyntaxError: {% extends user|get_user_layout %} must be the first tag in 'listen.html'.

During handling of the above exception, another exception occurred:

Traceback (most recent call last):
  File "C:\Users\HP\AppData\Roaming\Python\Python310\site-packages\django\core\handlers\exception.py", line 55, in inner
    response = get_response(request)
  File "C:\Users\HP\AppData\Roaming\Python\Python310\site-packages\django\core\handlers\base.py", line 197, in _get_response
    response = wrapped_callback(request, *callback_args, **callback_kwargs)
  File "C:\Users\HP\AppData\Roaming\Python\Python310\site-packages\django\contrib\auth\decorators.py", line 59, in _view_wrapper
    return view_func(request, *args, **kwargs)
  File "D:\python\plagiarismcheckerextra\plag\views.py", line 617, in listen
    return render(request, "listen.html", {'documents': [], 'text': ''})
  File "C:\Users\HP\AppData\Roaming\Python\Python310\site-packages\django\shortcuts.py", line 25, in render
    content = loader.render_to_string(template_name, context, request, using=using)
  File "C:\Users\HP\AppData\Roaming\Python\Python310\site-packages\django\template\loader.py", line 61, in render_to_string
    template = get_template(template_name, using=using)
  File "C:\Users\HP\AppData\Roaming\Python\Python310\site-packages\django\template\loader.py", line 15, in get_template
    return engine.get_template(template_name)
  File "C:\Users\HP\AppData\Roaming\Python\Python310\site-packages\django\template\backends\django.py", line 79, in get_template
    return Template(self.engine.get_template(template_name), self)
  File "C:\Users\HP\AppData\Roaming\Python\Python310\site-packages\django\template\engine.py", line 177, in get_template
    template, origin = self.find_template(template_name)
  File "C:\Users\HP\AppData\Roaming\Python\Python310\site-packages\django\template\engine.py", line 159, in find_template
    template = loader.get_template(name, skip=skip)
  File "C:\Users\HP\AppData\Roaming\Python\Python310\site-packages\django\template\loaders\cached.py", line 57, in get_template
    template = super().get_template(template_name, skip)
  File "C:\Users\HP\AppData\Roaming\Python\Python310\site-packages\django\template\loaders\base.py", line 28, in get_template
    return Template(
  File "C:\Users\HP\AppData\Roaming\Python\Python310\site-packages\django\template\base.py", line 154, in __init__
    self.nodelist = self.compile_nodelist()
  File "C:\Users\HP\AppData\Roaming\Python\Python310\site-packages\django\template\base.py", line 196, in compile_nodelist
    nodelist = parser.parse()
  File "C:\Users\HP\AppData\Roaming\Python\Python310\site-packages\django\template\base.py", line 519, in parse
    self.extend_nodelist(nodelist, compiled_result, token)
  File "C:\Users\HP\AppData\Roaming\Python\Python310\site-packages\django\template\base.py", line 540, in extend_nodelist
    raise self.error(
django.template.exceptions.TemplateSyntaxError: {% extends user|get_user_layout %} must be the first tag in 'listen.html'.
"GET /listen/ HTTP/1.1" 500 227318
Listen error: Reverse for 'checkplag' not found. 'checkplag' is not a valid view function or pattern name.
Unhandled exception: Reverse for 'checkplag' not found. 'checkplag' is not a valid view function or pattern name.
Traceback (most recent call last):
  File "D:\python\plagiarismcheckerextra\plag\views.py", line 613, in listen
    return render(request, "listen.html", context)
  File "C:\Users\HP\AppData\Roaming\Python\Python310\site-packages\django\shortcuts.py", line 25, in render
    content = loader.render_to_string(template_name, context, request, using=using)
  File "C:\Users\HP\AppData\Roaming\Python\Python310\site-packages\django\template\loader.py", line 62, in render_to_string
    return template.render(context, request)
  File "C:\Users\HP\AppData\Roaming\Python\Python310\site-packages\django\template\backends\django.py", line 107, in render
    return self.template.render(context)
  File "C:\Users\HP\AppData\Roaming\Python\Python310\site-packages\django\template\base.py", line 171, in render
    return self._render(context)
  File "C:\Users\HP\AppData\Roaming\Python\Python310\site-packages\django\template\base.py", line 163, in _render
    return self.nodelist.render(context)
  File "C:\Users\HP\AppData\Roaming\Python\Python310\site-packages\django\template\base.py", line 1016, in render
    return SafeString("".join([node.render_annotated(context) for node in self]))
  File "C:\Users\HP\AppData\Roaming\Python\Python310\site-packages\django\template\base.py", line 1016, in <listcomp>
    return SafeString("".join([node.render_annotated(context) for node in self]))
  File "C:\Users\HP\AppData\Roaming\Python\Python310\site-packages\django\template\base.py", line 977, in render_annotated
    return self.render(context)
  File "C:\Users\HP\AppData\Roaming\Python\Python310\site-packages\django\template\loader_tags.py", line 159, in render
    return compiled_parent._render(context)
  File "C:\Users\HP\AppData\Roaming\Python\Python310\site-packages\django\template\base.py", line 163, in _render
    return self.nodelist.render(context)
  File "C:\Users\HP\AppData\Roaming\Python\Python310\site-packages\django\template\base.py", line 1016, in render
    return SafeString("".join([node.render_annotated(context) for node in self]))
  File "C:\Users\HP\AppData\Roaming\Python\Python310\site-packages\django\template\base.py", line 1016, in <listcomp>
    return SafeString("".join([node.render_annotated(context) for node in self]))
  File "C:\Users\HP\AppData\Roaming\Python\Python310\site-packages\django\template\base.py", line 977, in render_annotated
    return self.render(context)
  File "C:\Users\HP\AppData\Roaming\Python\Python310\site-packages\django\template\loader_tags.py", line 65, in render
    result = block.nodelist.render(context)
  File "C:\Users\HP\AppData\Roaming\Python\Python310\site-packages\django\template\base.py", line 1016, in render
    return SafeString("".join([node.render_annotated(context) for node in self]))
  File "C:\Users\HP\AppData\Roaming\Python\Python310\site-packages\django\template\base.py", line 1016, in <listcomp>
    return SafeString("".join([node.render_annotated(context) for node in self]))
  File "C:\Users\HP\AppData\Roaming\Python\Python310\site-packages\django\template\base.py", line 977, in render_annotated
    return self.render(context)
  File "C:\Users\HP\AppData\Roaming\Python\Python310\site-packages\django\template\defaulttags.py", line 480, in render
    url = reverse(view_name, args=args, kwargs=kwargs, current_app=current_app)
  File "C:\Users\HP\AppData\Roaming\Python\Python310\site-packages\django\urls\base.py", line 98, in reverse
    resolved_url = resolver._reverse_with_prefix(view, prefix, *args, **kwargs)
  File "C:\Users\HP\AppData\Roaming\Python\Python310\site-packages\django\urls\resolvers.py", line 831, in _reverse_with_prefix
    raise NoReverseMatch(msg)
django.urls.exceptions.NoReverseMatch: Reverse for 'checkplag' not found. 'checkplag' is not a valid view function or pattern name.

During handling of the above exception, another exception occurred:

Traceback (most recent call last):
  File "C:\Users\HP\AppData\Roaming\Python\Python310\site-packages\django\core\handlers\base.py", line 197, in _get_response
    response = wrapped_callback(request, *callback_args, **callback_kwargs)
  File "C:\Users\HP\AppData\Roaming\Python\Python310\site-packages\django\contrib\auth\decorators.py", line 59, in _view_wrapper
    return view_func(request, *args, **kwargs)
  File "D:\python\plagiarismcheckerextra\plag\views.py", line 617, in listen
    return render(request, "listen.html", {'documents': [], 'text': ''})
  File "C:\Users\HP\AppData\Roaming\Python\Python310\site-packages\django\shortcuts.py", line 25, in render
    content = loader.render_to_string(template_name, context, request, using=using)
  File "C:\Users\HP\AppData\Roaming\Python\Python310\site-packages\django\template\loader.py", line 62, in render_to_string
    return template.render(context, request)
  File "C:\Users\HP\AppData\Roaming\Python\Python310\site-packages\django\template\backends\django.py", line 107, in render
    return self.template.render(context)
  File "C:\Users\HP\AppData\Roaming\Python\Python310\site-packages\django\template\base.py", line 171, in render
    return self._render(context)
  File "C:\Users\HP\AppData\Roaming\Python\Python310\site-packages\django\template\base.py", line 163, in _render
    return self.nodelist.render(context)
  File "C:\Users\HP\AppData\Roaming\Python\Python310\site-packages\django\template\base.py", line 1016, in render
    return SafeString("".join([node.render_annotated(context) for node in self]))
  File "C:\Users\HP\AppData\Roaming\Python\Python310\site-packages\django\template\base.py", line 1016, in <listcomp>
    return SafeString("".join([node.render_annotated(context) for node in self]))
  File "C:\Users\HP\AppData\Roaming\Python\Python310\site-packages\django\template\base.py", line 977, in render_annotated
    return self.render(context)
  File "C:\Users\HP\AppData\Roaming\Python\Python310\site-packages\django\template\loader_tags.py", line 159, in render
    return compiled_parent._render(context)
  File "C:\Users\HP\AppData\Roaming\Python\Python310\site-packages\django\template\base.py", line 163, in _render
    return self.nodelist.render(context)
  File "C:\Users\HP\AppData\Roaming\Python\Python310\site-packages\django\template\base.py", line 1016, in render
    return SafeString("".join([node.render_annotated(context) for node in self]))
  File "C:\Users\HP\AppData\Roaming\Python\Python310\site-packages\django\template\base.py", line 1016, in <listcomp>
    return SafeString("".join([node.render_annotated(context) for node in self]))
  File "C:\Users\HP\AppData\Roaming\Python\Python310\site-packages\django\template\base.py", line 977, in render_annotated
    return self.render(context)
  File "C:\Users\HP\AppData\Roaming\Python\Python310\site-packages\django\template\loader_tags.py", line 65, in render
    result = block.nodelist.render(context)
  File "C:\Users\HP\AppData\Roaming\Python\Python310\site-packages\django\template\base.py", line 1016, in render
    return SafeString("".join([node.render_annotated(context) for node in self]))
  File "C:\Users\HP\AppData\Roaming\Python\Python310\site-packages\django\template\base.py", line 1016, in <listcomp>
    return SafeString("".join([node.render_annotated(context) for node in self]))
  File "C:\Users\HP\AppData\Roaming\Python\Python310\site-packages\django\template\base.py", line 977, in render_annotated
    return self.render(context)
  File "C:\Users\HP\AppData\Roaming\Python\Python310\site-packages\django\template\defaulttags.py", line 480, in render
    url = reverse(view_name, args=args, kwargs=kwargs, current_app=current_app)
  File "C:\Users\HP\AppData\Roaming\Python\Python310\site-packages\django\urls\base.py", line 98, in reverse
    resolved_url = resolver._reverse_with_prefix(view, prefix, *args, **kwargs)
  File "C:\Users\HP\AppData\Roaming\Python\Python310\site-packages\django\urls\resolvers.py", line 831, in _reverse_with_prefix
    raise NoReverseMatch(msg)
django.urls.exceptions.NoReverseMatch: Reverse for 'checkplag' not found. 'checkplag' is not a valid view function or pattern name.
Internal Server Error: /listen/
Traceback (most recent call last):
  File "D:\python\plagiarismcheckerextra\plag\views.py", line 613, in listen
    return render(request, "listen.html", context)
  File "C:\Users\HP\AppData\Roaming\Python\Python310\site-packages\django\shortcuts.py", line 25, in render
    content = loader.render_to_string(template_name, context, request, using=using)
  File "C:\Users\HP\AppData\Roaming\Python\Python310\site-packages\django\template\loader.py", line 62, in render_to_string
    return template.render(context, request)
  File "C:\Users\HP\AppData\Roaming\Python\Python310\site-packages\django\template\backends\django.py", line 107, in render
    return self.template.render(context)
  File "C:\Users\HP\AppData\Roaming\Python\Python310\site-packages\django\template\base.py", line 171, in render
    return self._render(context)
  File "C:\Users\HP\AppData\Roaming\Python\Python310\site-packages\django\template\base.py", line 163, in _render
    return self.nodelist.render(context)
  File "C:\Users\HP\AppData\Roaming\Python\Python310\site-packages\django\template\base.py", line 1016, in render
    return SafeString("".join([node.render_annotated(context) for node in self]))
  File "C:\Users\HP\AppData\Roaming\Python\Python310\site-packages\django\template\base.py", line 1016, in <listcomp>
    return SafeString("".join([node.render_annotated(context) for node in self]))
  File "C:\Users\HP\AppData\Roaming\Python\Python310\site-packages\django\template\base.py", line 977, in render_annotated
    return self.render(context)
  File "C:\Users\HP\AppData\Roaming\Python\Python310\site-packages\django\template\loader_tags.py", line 159, in render
    return compiled_parent._render(context)
  File "C:\Users\HP\AppData\Roaming\Python\Python310\site-packages\django\template\base.py", line 163, in _render
    return self.nodelist.render(context)
  File "C:\Users\HP\AppData\Roaming\Python\Python310\site-packages\django\template\base.py", line 1016, in render
    return SafeString("".join([node.render_annotated(context) for node in self]))
  File "C:\Users\HP\AppData\Roaming\Python\Python310\site-packages\django\template\base.py", line 1016, in <listcomp>
    return SafeString("".join([node.render_annotated(context) for node in self]))
  File "C:\Users\HP\AppData\Roaming\Python\Python310\site-packages\django\template\base.py", line 977, in render_annotated
    return self.render(context)
  File "C:\Users\HP\AppData\Roaming\Python\Python310\site-packages\django\template\loader_tags.py", line 65, in render
    result = block.nodelist.render(context)
  File "C:\Users\HP\AppData\Roaming\Python\Python310\site-packages\django\template\base.py", line 1016, in render
    return SafeString("".join([node.render_annotated(context) for node in self]))
  File "C:\Users\HP\AppData\Roaming\Python\Python310\site-packages\django\template\base.py", line 1016, in <listcomp>
    return SafeString("".join([node.render_annotated(context) for node in self]))
  File "C:\Users\HP\AppData\Roaming\Python\Python310\site-packages\django\template\base.py", line 977, in render_annotated
    return self.render(context)
  File "C:\Users\HP\AppData\Roaming\Python\Python310\site-packages\django\template\defaulttags.py", line 480, in render
    url = reverse(view_name, args=args, kwargs=kwargs, current_app=current_app)
  File "C:\Users\HP\AppData\Roaming\Python\Python310\site-packages\django\urls\base.py", line 98, in reverse
    resolved_url = resolver._reverse_with_prefix(view, prefix, *args, **kwargs)
  File "C:\Users\HP\AppData\Roaming\Python\Python310\site-packages\django\urls\resolvers.py", line 831, in _reverse_with_prefix
    raise NoReverseMatch(msg)
django.urls.exceptions.NoReverseMatch: Reverse for 'checkplag' not found. 'checkplag' is not a valid view function or pattern name.

During handling of the above exception, another exception occurred:

Traceback (most recent call last):
  File "C:\Users\HP\AppData\Roaming\Python\Python310\site-packages\django\core\handlers\exception.py", line 55, in inner
    response = get_response(request)
  File "C:\Users\HP\AppData\Roaming\Python\Python310\site-packages\django\core\handlers\base.py", line 197, in _get_response
    response = wrapped_callback(request, *callback_args, **callback_kwargs)
  File "C:\Users\HP\AppData\Roaming\Python\Python310\site-packages\django\contrib\auth\decorators.py", line 59, in _view_wrapper
    return view_func(request, *args, **kwargs)
  File "D:\python\plagiarismcheckerextra\plag\views.py", line 617, in listen
    return render(request, "listen.html", {'documents': [], 'text': ''})
  File "C:\Users\HP\AppData\Roaming\Python\Python310\site-packages\django\shortcuts.py", line 25, in render
    content = loader.render_to_string(template_name, context, request, using=using)
  File "C:\Users\HP\AppData\Roaming\Python\Python310\site-packages\django\template\loader.py", line 62, in render_to_string
    return template.render(context, request)
  File "C:\Users\HP\AppData\Roaming\Python\Python310\site-packages\django\template\backends\django.py", line 107, in render
    return self.template.render(context)
  File "C:\Users\HP\AppData\Roaming\Python\Python310\site-packages\django\template\base.py", line 171, in render
    return self._render(context)
  File "C:\Users\HP\AppData\Roaming\Python\Python310\site-packages\django\template\base.py", line 163, in _render
    return self.nodelist.render(context)
  File "C:\Users\HP\AppData\Roaming\Python\Python310\site-packages\django\template\base.py", line 1016, in render
    return SafeString("".join([node.render_annotated(context) for node in self]))
  File "C:\Users\HP\AppData\Roaming\Python\Python310\site-packages\django\template\base.py", line 1016, in <listcomp>
    return SafeString("".join([node.render_annotated(context) for node in self]))
  File "C:\Users\HP\AppData\Roaming\Python\Python310\site-packages\django\template\base.py", line 977, in render_annotated
    return self.render(context)
  File "C:\Users\HP\AppData\Roaming\Python\Python310\site-packages\django\template\loader_tags.py", line 159, in render
    return compiled_parent._render(context)
  File "C:\Users\HP\AppData\Roaming\Python\Python310\site-packages\django\template\base.py", line 163, in _render
    return self.nodelist.render(context)
  File "C:\Users\HP\AppData\Roaming\Python\Python310\site-packages\django\template\base.py", line 1016, in render
    return SafeString("".join([node.render_annotated(context) for node in self]))
  File "C:\Users\HP\AppData\Roaming\Python\Python310\site-packages\django\template\base.py", line 1016, in <listcomp>
    return SafeString("".join([node.render_annotated(context) for node in self]))
  File "C:\Users\HP\AppData\Roaming\Python\Python310\site-packages\django\template\base.py", line 977, in render_annotated
    return self.render(context)
  File "C:\Users\HP\AppData\Roaming\Python\Python310\site-packages\django\template\loader_tags.py", line 65, in render
    result = block.nodelist.render(context)
  File "C:\Users\HP\AppData\Roaming\Python\Python310\site-packages\django\template\base.py", line 1016, in render
    return SafeString("".join([node.render_annotated(context) for node in self]))
  File "C:\Users\HP\AppData\Roaming\Python\Python310\site-packages\django\template\base.py", line 1016, in <listcomp>
    return SafeString("".join([node.render_annotated(context) for node in self]))
  File "C:\Users\HP\AppData\Roaming\Python\Python310\site-packages\django\template\base.py", line 977, in render_annotated
    return self.render(context)
  File "C:\Users\HP\AppData\Roaming\Python\Python310\site-packages\django\template\defaulttags.py", line 480, in render
    url = reverse(view_name, args=args, kwargs=kwargs, current_app=current_app)
  File "C:\Users\HP\AppData\Roaming\Python\Python310\site-packages\django\urls\base.py", line 98, in reverse
    resolved_url = resolver._reverse_with_prefix(view, prefix, *args, **kwargs)
  File "C:\Users\HP\AppData\Roaming\Python\Python310\site-packages\django\urls\resolvers.py", line 831, in _reverse_with_prefix
    raise NoReverseMatch(msg)
django.urls.exceptions.NoReverseMatch: Reverse for 'checkplag' not found. 'checkplag' is not a valid view function or pattern name.
"GET /listen/ HTTP/1.1" 500 273311
Listen error: Reverse for 'checkplag' not found. 'checkplag' is not a valid view function or pattern name.
Unhandled exception: Reverse for 'checkplag' not found. 'checkplag' is not a valid view function or pattern name.
Traceback (most recent call last):
  File "D:\python\plagiarismcheckerextra\plag\views.py", line 613, in listen
    return render(request, "listen.html", context)
  File "C:\Users\HP\AppData\Roaming\Python\Python310\site-packages\django\shortcuts.py", line 25, in render
    content = loader.render_to_string(template_name, context, request, using=using)
  File "C:\Users\HP\AppData\Roaming\Python\Python310\site-packages\django\template\loader.py", line 62, in render_to_string
    return template.render(context, request)
  File "C:\Users\HP\AppData\Roaming\Python\Python310\site-packages\django\template\backends\django.py", line 107, in render
    return self.template.render(context)
  File "C:\Users\HP\AppData\Roaming\Python\Python310\site-packages\django\template\base.py", line 171, in render
    return self._render(context)
  File "C:\Users\HP\AppData\Roaming\Python\Python310\site-packages\django\template\base.py", line 163, in _render
    return self.nodelist.render(context)
  File "C:\Users\HP\AppData\Roaming\Python\Python310\site-packages\django\template\base.py", line 1016, in render
    return SafeString("".join([node.render_annotated(context) for node in self]))
  File "C:\Users\HP\AppData\Roaming\Python\Python310\site-packages\django\template\base.py", line 1016, in <listcomp>
    return SafeString("".join([node.render_annotated(context) for node in self]))
  File "C:\Users\HP\AppData\Roaming\Python\Python310\site-packages\django\template\base.py", line 977, in render_annotated
    return self.render(context)
  File "C:\Users\HP\AppData\Roaming\Python\Python310\site-packages\django\template\loader_tags.py", line 159, in render
    return compiled_parent._render(context)
  File "C:\Users\HP\AppData\Roaming\Python\Python310\site-packages\django\template\base.py", line 163, in _render
    return self.nodelist.render(context)
  File "C:\Users\HP\AppData\Roaming\Python\Python310\site-packages\django\template\base.py", line 1016, in render
    return SafeString("".join([node.render_annotated(context) for node in self]))
  File "C:\Users\HP\AppData\Roaming\Python\Python310\site-packages\django\template\base.py", line 1016, in <listcomp>
    return SafeString("".join([node.render_annotated(context) for node in self]))
  File "C:\Users\HP\AppData\Roaming\Python\Python310\site-packages\django\template\base.py", line 977, in render_annotated
    return self.render(context)
  File "C:\Users\HP\AppData\Roaming\Python\Python310\site-packages\django\template\loader_tags.py", line 65, in render
    result = block.nodelist.render(context)
  File "C:\Users\HP\AppData\Roaming\Python\Python310\site-packages\django\template\base.py", line 1016, in render
    return SafeString("".join([node.render_annotated(context) for node in self]))
  File "C:\Users\HP\AppData\Roaming\Python\Python310\site-packages\django\template\base.py", line 1016, in <listcomp>
    return SafeString("".join([node.render_annotated(context) for node in self]))
  File "C:\Users\HP\AppData\Roaming\Python\Python310\site-packages\django\template\base.py", line 977, in render_annotated
    return self.render(context)
  File "C:\Users\HP\AppData\Roaming\Python\Python310\site-packages\django\template\defaulttags.py", line 480, in render
    url = reverse(view_name, args=args, kwargs=kwargs, current_app=current_app)
  File "C:\Users\HP\AppData\Roaming\Python\Python310\site-packages\django\urls\base.py", line 98, in reverse
    resolved_url = resolver._reverse_with_prefix(view, prefix, *args, **kwargs)
  File "C:\Users\HP\AppData\Roaming\Python\Python310\site-packages\django\urls\resolvers.py", line 831, in _reverse_with_prefix
    raise NoReverseMatch(msg)
django.urls.exceptions.NoReverseMatch: Reverse for 'checkplag' not found. 'checkplag' is not a valid view function or pattern name.

During handling of the above exception, another exception occurred:

Traceback (most recent call last):
  File "C:\Users\HP\AppData\Roaming\Python\Python310\site-packages\django\core\handlers\base.py", line 197, in _get_response
    response = wrapped_callback(request, *callback_args, **callback_kwargs)
  File "C:\Users\HP\AppData\Roaming\Python\Python310\site-packages\django\contrib\auth\decorators.py", line 59, in _view_wrapper
    return view_func(request, *args, **kwargs)
  File "D:\python\plagiarismcheckerextra\plag\views.py", line 617, in listen
    return render(request, "listen.html", {'documents': [], 'text': ''})
  File "C:\Users\HP\AppData\Roaming\Python\Python310\site-packages\django\shortcuts.py", line 25, in render
    content = loader.render_to_string(template_name, context, request, using=using)
  File "C:\Users\HP\AppData\Roaming\Python\Python310\site-packages\django\template\loader.py", line 62, in render_to_string
    return template.render(context, request)
  File "C:\Users\HP\AppData\Roaming\Python\Python310\site-packages\django\template\backends\django.py", line 107, in render
    return self.template.render(context)
  File "C:\Users\HP\AppData\Roaming\Python\Python310\site-packages\django\template\base.py", line 171, in render
    return self._render(context)
  File "C:\Users\HP\AppData\Roaming\Python\Python310\site-packages\django\template\base.py", line 163, in _render
    return self.nodelist.render(context)
  File "C:\Users\HP\AppData\Roaming\Python\Python310\site-packages\django\template\base.py", line 1016, in render
    return SafeString("".join([node.render_annotated(context) for node in self]))
  File "C:\Users\HP\AppData\Roaming\Python\Python310\site-packages\django\template\base.py", line 1016, in <listcomp>
    return SafeString("".join([node.render_annotated(context) for node in self]))
  File "C:\Users\HP\AppData\Roaming\Python\Python310\site-packages\django\template\base.py", line 977, in render_annotated
    return self.render(context)
  File "C:\Users\HP\AppData\Roaming\Python\Python310\site-packages\django\template\loader_tags.py", line 159, in render
    return compiled_parent._render(context)
  File "C:\Users\HP\AppData\Roaming\Python\Python310\site-packages\django\template\base.py", line 163, in _render
    return self.nodelist.render(context)
  File "C:\Users\HP\AppData\Roaming\Python\Python310\site-packages\django\template\base.py", line 1016, in render
    return SafeString("".join([node.render_annotated(context) for node in self]))
  File "C:\Users\HP\AppData\Roaming\Python\Python310\site-packages\django\template\base.py", line 1016, in <listcomp>
    return SafeString("".join([node.render_annotated(context) for node in self]))
  File "C:\Users\HP\AppData\Roaming\Python\Python310\site-packages\django\template\base.py", line 977, in render_annotated
    return self.render(context)
  File "C:\Users\HP\AppData\Roaming\Python\Python310\site-packages\django\template\loader_tags.py", line 65, in render
    result = block.nodelist.render(context)
  File "C:\Users\HP\AppData\Roaming\Python\Python310\site-packages\django\template\base.py", line 1016, in render
    return SafeString("".join([node.render_annotated(context) for node in self]))
  File "C:\Users\HP\AppData\Roaming\Python\Python310\site-packages\django\template\base.py", line 1016, in <listcomp>
    return SafeString("".join([node.render_annotated(context) for node in self]))
  File "C:\Users\HP\AppData\Roaming\Python\Python310\site-packages\django\template\base.py", line 977, in render_annotated
    return self.render(context)
  File "C:\Users\HP\AppData\Roaming\Python\Python310\site-packages\django\template\defaulttags.py", line 480, in render
    url = reverse(view_name, args=args, kwargs=kwargs, current_app=current_app)
  File "C:\Users\HP\AppData\Roaming\Python\Python310\site-packages\django\urls\base.py", line 98, in reverse
    resolved_url = resolver._reverse_with_prefix(view, prefix, *args, **kwargs)
  File "C:\Users\HP\AppData\Roaming\Python\Python310\site-packages\django\urls\resolvers.py", line 831, in _reverse_with_prefix
    raise NoReverseMatch(msg)
django.urls.exceptions.NoReverseMatch: Reverse for 'checkplag' not found. 'checkplag' is not a valid view function or pattern name.
Internal Server Error: /listen/
Traceback (most recent call last):
  File "D:\python\plagiarismcheckerextra\plag\views.py", line 613, in listen
    return render(request, "listen.html", context)
  File "C:\Users\HP\AppData\Roaming\Python\Python310\site-packages\django\shortcuts.py", line 25, in render
    content = loader.render_to_string(template_name, context, request, using=using)
  File "C:\Users\HP\AppData\Roaming\Python\Python310\site-packages\django\template\loader.py", line 62, in render_to_string
    return template.render(context, request)
  File "C:\Users\HP\AppData\Roaming\Python\Python310\site-packages\django\template\backends\django.py", line 107, in render
    return self.template.render(context)
  File "C:\Users\HP\AppData\Roaming\Python\Python310\site-packages\django\template\base.py", line 171, in render
    return self._render(context)
  File "C:\Users\HP\AppData\Roaming\Python\Python310\site-packages\django\template\base.py", line 163, in _render
    return self.nodelist.render(context)
  File "C:\Users\HP\AppData\Roaming\Python\Python310\site-packages\django\template\base.py", line 1016, in render
    return SafeString("".join([node.render_annotated(context) for node in self]))
  File "C:\Users\HP\AppData\Roaming\Python\Python310\site-packages\django\template\base.py", line 1016, in <listcomp>
    return SafeString("".join([node.render_annotated(context) for node in self]))
  File "C:\Users\HP\AppData\Roaming\Python\Python310\site-packages\django\template\base.py", line 977, in render_annotated
    return self.render(context)
  File "C:\Users\HP\AppData\Roaming\Python\Python310\site-packages\django\template\loader_tags.py", line 159, in render
    return compiled_parent._render(context)
  File "C:\Users\HP\AppData\Roaming\Python\Python310\site-packages\django\template\base.py", line 163, in _render
    return self.nodelist.render(context)
  File "C:\Users\HP\AppData\Roaming\Python\Python310\site-packages\django\template\base.py", line 1016, in render
    return SafeString("".join([node.render_annotated(context) for node in self]))
  File "C:\Users\HP\AppData\Roaming\Python\Python310\site-packages\django\template\base.py", line 1016, in <listcomp>
    return SafeString("".join([node.render_annotated(context) for node in self]))
  File "C:\Users\HP\AppData\Roaming\Python\Python310\site-packages\django\template\base.py", line 977, in render_annotated
    return self.render(context)
  File "C:\Users\HP\AppData\Roaming\Python\Python310\site-packages\django\template\loader_tags.py", line 65, in render
    result = block.nodelist.render(context)
  File "C:\Users\HP\AppData\Roaming\Python\Python310\site-packages\django\template\base.py", line 1016, in render
    return SafeString("".join([node.render_annotated(context) for node in self]))
  File "C:\Users\HP\AppData\Roaming\Python\Python310\site-packages\django\template\base.py", line 1016, in <listcomp>
    return SafeString("".join([node.render_annotated(context) for node in self]))
  File "C:\Users\HP\AppData\Roaming\Python\Python310\site-packages\django\template\base.py", line 977, in render_annotated
    return self.render(context)
  File "C:\Users\HP\AppData\Roaming\Python\Python310\site-packages\django\template\defaulttags.py", line 480, in render
    url = reverse(view_name, args=args, kwargs=kwargs, current_app=current_app)
  File "C:\Users\HP\AppData\Roaming\Python\Python310\site-packages\django\urls\base.py", line 98, in reverse
    resolved_url = resolver._reverse_with_prefix(view, prefix, *args, **kwargs)
  File "C:\Users\HP\AppData\Roaming\Python\Python310\site-packages\django\urls\resolvers.py", line 831, in _reverse_with_prefix
    raise NoReverseMatch(msg)
django.urls.exceptions.NoReverseMatch: Reverse for 'checkplag' not found. 'checkplag' is not a valid view function or pattern name.

During handling of the above exception, another exception occurred:

Traceback (most recent call last):
  File "C:\Users\HP\AppData\Roaming\Python\Python310\site-packages\django\core\handlers\exception.py", line 55, in inner
    response = get_response(request)
  File "C:\Users\HP\AppData\Roaming\Python\Python310\site-packages\django\core\handlers\base.py", line 197, in _get_response
    response = wrapped_callback(request, *callback_args, **callback_kwargs)
  File "C:\Users\HP\AppData\Roaming\Python\Python310\site-packages\django\contrib\auth\decorators.py", line 59, in _view_wrapper
    return view_func(request, *args, **kwargs)
  File "D:\python\plagiarismcheckerextra\plag\views.py", line 617, in listen
    return render(request, "listen.html", {'documents': [], 'text': ''})
  File "C:\Users\HP\AppData\Roaming\Python\Python310\site-packages\django\shortcuts.py", line 25, in render
    content = loader.render_to_string(template_name, context, request, using=using)
  File "C:\Users\HP\AppData\Roaming\Python\Python310\site-packages\django\template\loader.py", line 62, in render_to_string
    return template.render(context, request)
  File "C:\Users\HP\AppData\Roaming\Python\Python310\site-packages\django\template\backends\django.py", line 107, in render
    return self.template.render(context)
  File "C:\Users\HP\AppData\Roaming\Python\Python310\site-packages\django\template\base.py", line 171, in render
    return self._render(context)
  File "C:\Users\HP\AppData\Roaming\Python\Python310\site-packages\django\template\base.py", line 163, in _render
    return self.nodelist.render(context)
  File "C:\Users\HP\AppData\Roaming\Python\Python310\site-packages\django\template\base.py", line 1016, in render
    return SafeString("".join([node.render_annotated(context) for node in self]))
  File "C:\Users\HP\AppData\Roaming\Python\Python310\site-packages\django\template\base.py", line 1016, in <listcomp>
    return SafeString("".join([node.render_annotated(context) for node in self]))
  File "C:\Users\HP\AppData\Roaming\Python\Python310\site-packages\django\template\base.py", line 977, in render_annotated
    return self.render(context)
  File "C:\Users\HP\AppData\Roaming\Python\Python310\site-packages\django\template\loader_tags.py", line 159, in render
    return compiled_parent._render(context)
  File "C:\Users\HP\AppData\Roaming\Python\Python310\site-packages\django\template\base.py", line 163, in _render
    return self.nodelist.render(context)
  File "C:\Users\HP\AppData\Roaming\Python\Python310\site-packages\django\template\base.py", line 1016, in render
    return SafeString("".join([node.render_annotated(context) for node in self]))
  File "C:\Users\HP\AppData\Roaming\Python\Python310\site-packages\django\template\base.py", line 1016, in <listcomp>
    return SafeString("".join([node.render_annotated(context) for node in self]))
  File "C:\Users\HP\AppData\Roaming\Python\Python310\site-packages\django\template\base.py", line 977, in render_annotated
    return self.render(context)
  File "C:\Users\HP\AppData\Roaming\Python\Python310\site-packages\django\template\loader_tags.py", line 65, in render
    result = block.nodelist.render(context)
  File "C:\Users\HP\AppData\Roaming\Python\Python310\site-packages\django\template\base.py", line 1016, in render
    return SafeString("".join([node.render_annotated(context) for node in self]))
  File "C:\Users\HP\AppData\Roaming\Python\Python310\site-packages\django\template\base.py", line 1016, in <listcomp>
    return SafeString("".join([node.render_annotated(context) for node in self]))
  File "C:\Users\HP\AppData\Roaming\Python\Python310\site-packages\django\template\base.py", line 977, in render_annotated
    return self.render(context)
  File "C:\Users\HP\AppData\Roaming\Python\Python310\site-packages\django\template\defaulttags.py", line 480, in render
    url = reverse(view_name, args=args, kwargs=kwargs, current_app=current_app)
  File "C:\Users\HP\AppData\Roaming\Python\Python310\site-packages\django\urls\base.py", line 98, in reverse
    resolved_url = resolver._reverse_with_prefix(view, prefix, *args, **kwargs)
  File "C:\Users\HP\AppData\Roaming\Python\Python310\site-packages\django\urls\resolvers.py", line 831, in _reverse_with_prefix
    raise NoReverseMatch(msg)
django.urls.exceptions.NoReverseMatch: Reverse for 'checkplag' not found. 'checkplag' is not a valid view function or pattern name.
"GET /listen/ HTTP/1.1" 500 273311
Dashboard error for user 5: name 'user_role' is not defined
Listen error: 'NoneType' object has no attribute 'split'
Listen error: 'NoneType' object has no attribute 'split'
Profile error: {% extends user|get_user_layout %} must be the first tag in 'profile.html'.
Dashboard error for user 5: name 'user_role' is not defined
Dashboard error for user 5: name 'user_role' is not defined
Dashboard error for user 3: name 'user_role' is not defined
Unhandled exception: no such table: plag_userprofile
Traceback (most recent call last):
  File "D:\python\plagiarismcheckerextra\plag\views.py", line 96, in dashboard
    if user_role == 'admin':
NameError: name 'user_role' is not defined

During handling of the above exception, another exception occurred:

Traceback (most recent call last):
  File "C:\Users\HP\AppData\Roaming\Python\Python310\site-packages\django\template\base.py", line 891, in _resolve_lookup
    current = current[bit]
  File "C:\Users\HP\AppData\Roaming\Python\Python310\site-packages\django\utils\functional.py", line 253, in inner
    return func(_wrapped, *args)
TypeError: 'User' object is not subscriptable

During handling of the above exception, another exception occurred:

Traceback (most recent call last):
  File "C:\Users\HP\AppData\Roaming\Python\Python310\site-packages\django\db\models\fields\related_descriptors.py", line 516, in __get__
    rel_obj = self.related.get_cached_value(instance)
  File "C:\Users\HP\AppData\Roaming\Python\Python310\site-packages\django\db\models\fields\mixins.py", line 37, in get_cached_value
    return instance._state.fields_cache[self.cache_name]
KeyError: 'userprofile'

During handling of the above exception, another exception occurred:

Traceback (most recent call last):
  File "C:\Users\HP\AppData\Roaming\Python\Python310\site-packages\django\db\backends\utils.py", line 105, in _execute
    return self.cursor.execute(sql, params)
  File "C:\Users\HP\AppData\Roaming\Python\Python310\site-packages\django\db\backends\sqlite3\base.py", line 360, in execute
    return super().execute(query, params)
sqlite3.OperationalError: no such table: plag_userprofile

The above exception was the direct cause of the following exception:

Traceback (most recent call last):
  File "C:\Users\HP\AppData\Roaming\Python\Python310\site-packages\django\core\handlers\base.py", line 197, in _get_response
    response = wrapped_callback(request, *callback_args, **callback_kwargs)
  File "C:\Users\HP\AppData\Roaming\Python\Python310\site-packages\django\contrib\auth\decorators.py", line 59, in _view_wrapper
    return view_func(request, *args, **kwargs)
  File "D:\python\plagiarismcheckerextra\plag\views.py", line 150, in dashboard
    return render(request, "dashboard.html", context)
  File "C:\Users\HP\AppData\Roaming\Python\Python310\site-packages\django\shortcuts.py", line 25, in render
    content = loader.render_to_string(template_name, context, request, using=using)
  File "C:\Users\HP\AppData\Roaming\Python\Python310\site-packages\django\template\loader.py", line 62, in render_to_string
    return template.render(context, request)
  File "C:\Users\HP\AppData\Roaming\Python\Python310\site-packages\django\template\backends\django.py", line 107, in render
    return self.template.render(context)
  File "C:\Users\HP\AppData\Roaming\Python\Python310\site-packages\django\template\base.py", line 171, in render
    return self._render(context)
  File "C:\Users\HP\AppData\Roaming\Python\Python310\site-packages\django\template\base.py", line 163, in _render
    return self.nodelist.render(context)
  File "C:\Users\HP\AppData\Roaming\Python\Python310\site-packages\django\template\base.py", line 1016, in render
    return SafeString("".join([node.render_annotated(context) for node in self]))
  File "C:\Users\HP\AppData\Roaming\Python\Python310\site-packages\django\template\base.py", line 1016, in <listcomp>
    return SafeString("".join([node.render_annotated(context) for node in self]))
  File "C:\Users\HP\AppData\Roaming\Python\Python310\site-packages\django\template\base.py", line 977, in render_annotated
    return self.render(context)
  File "C:\Users\HP\AppData\Roaming\Python\Python310\site-packages\django\template\loader_tags.py", line 159, in render
    return compiled_parent._render(context)
  File "C:\Users\HP\AppData\Roaming\Python\Python310\site-packages\django\template\base.py", line 163, in _render
    return self.nodelist.render(context)
  File "C:\Users\HP\AppData\Roaming\Python\Python310\site-packages\django\template\base.py", line 1016, in render
    return SafeString("".join([node.render_annotated(context) for node in self]))
  File "C:\Users\HP\AppData\Roaming\Python\Python310\site-packages\django\template\base.py", line 1016, in <listcomp>
    return SafeString("".join([node.render_annotated(context) for node in self]))
  File "C:\Users\HP\AppData\Roaming\Python\Python310\site-packages\django\template\base.py", line 977, in render_annotated
    return self.render(context)
  File "C:\Users\HP\AppData\Roaming\Python\Python310\site-packages\django\template\loader_tags.py", line 65, in render
    result = block.nodelist.render(context)
  File "C:\Users\HP\AppData\Roaming\Python\Python310\site-packages\django\template\base.py", line 1016, in render
    return SafeString("".join([node.render_annotated(context) for node in self]))
  File "C:\Users\HP\AppData\Roaming\Python\Python310\site-packages\django\template\base.py", line 1016, in <listcomp>
    return SafeString("".join([node.render_annotated(context) for node in self]))
  File "C:\Users\HP\AppData\Roaming\Python\Python310\site-packages\django\template\base.py", line 977, in render_annotated
    return self.render(context)
  File "C:\Users\HP\AppData\Roaming\Python\Python310\site-packages\django\template\defaulttags.py", line 320, in render
    match = condition.eval(context)
  File "C:\Users\HP\AppData\Roaming\Python\Python310\site-packages\django\template\defaulttags.py", line 886, in eval
    return self.value.resolve(context, ignore_failures=True)
  File "C:\Users\HP\AppData\Roaming\Python\Python310\site-packages\django\template\base.py", line 722, in resolve
    obj = self.var.resolve(context)
  File "C:\Users\HP\AppData\Roaming\Python\Python310\site-packages\django\template\base.py", line 854, in resolve
    value = self._resolve_lookup(context)
  File "C:\Users\HP\AppData\Roaming\Python\Python310\site-packages\django\template\base.py", line 901, in _resolve_lookup
    current = getattr(current, bit)
  File "C:\Users\HP\AppData\Roaming\Python\Python310\site-packages\django\utils\functional.py", line 253, in inner
    return func(_wrapped, *args)
  File "C:\Users\HP\AppData\Roaming\Python\Python310\site-packages\django\db\models\fields\related_descriptors.py", line 523, in __get__
    rel_obj = self.get_queryset(instance=instance).get(**filter_args)
  File "C:\Users\HP\AppData\Roaming\Python\Python310\site-packages\django\db\models\query.py", line 629, in get
    num = len(clone)
  File "C:\Users\HP\AppData\Roaming\Python\Python310\site-packages\django\db\models\query.py", line 366, in __len__
    self._fetch_all()
  File "C:\Users\HP\AppData\Roaming\Python\Python310\site-packages\django\db\models\query.py", line 1949, in _fetch_all
    self._result_cache = list(self._iterable_class(self))
  File "C:\Users\HP\AppData\Roaming\Python\Python310\site-packages\django\db\models\query.py", line 91, in __iter__
    results = compiler.execute_sql(
  File "C:\Users\HP\AppData\Roaming\Python\Python310\site-packages\django\db\models\sql\compiler.py", line 1623, in execute_sql
    cursor.execute(sql, params)
  File "C:\Users\HP\AppData\Roaming\Python\Python310\site-packages\django\db\backends\utils.py", line 122, in execute
    return super().execute(sql, params)
  File "C:\Users\HP\AppData\Roaming\Python\Python310\site-packages\django\db\backends\utils.py", line 79, in execute
    return self._execute_with_wrappers(
  File "C:\Users\HP\AppData\Roaming\Python\Python310\site-packages\django\db\backends\utils.py", line 92, in _execute_with_wrappers
    return executor(sql, params, many, context)
  File "C:\Users\HP\AppData\Roaming\Python\Python310\site-packages\django\db\backends\utils.py", line 100, in _execute
    with self.db.wrap_database_errors:
  File "C:\Users\HP\AppData\Roaming\Python\Python310\site-packages\django\db\utils.py", line 91, in __exit__
    raise dj_exc_value.with_traceback(traceback) from exc_value
  File "C:\Users\HP\AppData\Roaming\Python\Python310\site-packages\django\db\backends\utils.py", line 105, in _execute
    return self.cursor.execute(sql, params)
  File "C:\Users\HP\AppData\Roaming\Python\Python310\site-packages\django\db\backends\sqlite3\base.py", line 360, in execute
    return super().execute(query, params)
django.db.utils.OperationalError: no such table: plag_userprofile
Internal Server Error: /dashboard/
Traceback (most recent call last):
  File "D:\python\plagiarismcheckerextra\plag\views.py", line 96, in dashboard
    if user_role == 'admin':
NameError: name 'user_role' is not defined

During handling of the above exception, another exception occurred:

Traceback (most recent call last):
  File "C:\Users\HP\AppData\Roaming\Python\Python310\site-packages\django\template\base.py", line 891, in _resolve_lookup
    current = current[bit]
  File "C:\Users\HP\AppData\Roaming\Python\Python310\site-packages\django\utils\functional.py", line 253, in inner
    return func(_wrapped, *args)
TypeError: 'User' object is not subscriptable

During handling of the above exception, another exception occurred:

Traceback (most recent call last):
  File "C:\Users\HP\AppData\Roaming\Python\Python310\site-packages\django\db\models\fields\related_descriptors.py", line 516, in __get__
    rel_obj = self.related.get_cached_value(instance)
  File "C:\Users\HP\AppData\Roaming\Python\Python310\site-packages\django\db\models\fields\mixins.py", line 37, in get_cached_value
    return instance._state.fields_cache[self.cache_name]
KeyError: 'userprofile'

During handling of the above exception, another exception occurred:

Traceback (most recent call last):
  File "C:\Users\HP\AppData\Roaming\Python\Python310\site-packages\django\db\backends\utils.py", line 105, in _execute
    return self.cursor.execute(sql, params)
  File "C:\Users\HP\AppData\Roaming\Python\Python310\site-packages\django\db\backends\sqlite3\base.py", line 360, in execute
    return super().execute(query, params)
sqlite3.OperationalError: no such table: plag_userprofile

The above exception was the direct cause of the following exception:

Traceback (most recent call last):
  File "C:\Users\HP\AppData\Roaming\Python\Python310\site-packages\django\core\handlers\exception.py", line 55, in inner
    response = get_response(request)
  File "C:\Users\HP\AppData\Roaming\Python\Python310\site-packages\django\core\handlers\base.py", line 197, in _get_response
    response = wrapped_callback(request, *callback_args, **callback_kwargs)
  File "C:\Users\HP\AppData\Roaming\Python\Python310\site-packages\django\contrib\auth\decorators.py", line 59, in _view_wrapper
    return view_func(request, *args, **kwargs)
  File "D:\python\plagiarismcheckerextra\plag\views.py", line 150, in dashboard
    return render(request, "dashboard.html", context)
  File "C:\Users\HP\AppData\Roaming\Python\Python310\site-packages\django\shortcuts.py", line 25, in render
    content = loader.render_to_string(template_name, context, request, using=using)
  File "C:\Users\HP\AppData\Roaming\Python\Python310\site-packages\django\template\loader.py", line 62, in render_to_string
    return template.render(context, request)
  File "C:\Users\HP\AppData\Roaming\Python\Python310\site-packages\django\template\backends\django.py", line 107, in render
    return self.template.render(context)
  File "C:\Users\HP\AppData\Roaming\Python\Python310\site-packages\django\template\base.py", line 171, in render
    return self._render(context)
  File "C:\Users\HP\AppData\Roaming\Python\Python310\site-packages\django\template\base.py", line 163, in _render
    return self.nodelist.render(context)
  File "C:\Users\HP\AppData\Roaming\Python\Python310\site-packages\django\template\base.py", line 1016, in render
    return SafeString("".join([node.render_annotated(context) for node in self]))
  File "C:\Users\HP\AppData\Roaming\Python\Python310\site-packages\django\template\base.py", line 1016, in <listcomp>
    return SafeString("".join([node.render_annotated(context) for node in self]))
  File "C:\Users\HP\AppData\Roaming\Python\Python310\site-packages\django\template\base.py", line 977, in render_annotated
    return self.render(context)
  File "C:\Users\HP\AppData\Roaming\Python\Python310\site-packages\django\template\loader_tags.py", line 159, in render
    return compiled_parent._render(context)
  File "C:\Users\HP\AppData\Roaming\Python\Python310\site-packages\django\template\base.py", line 163, in _render
    return self.nodelist.render(context)
  File "C:\Users\HP\AppData\Roaming\Python\Python310\site-packages\django\template\base.py", line 1016, in render
    return SafeString("".join([node.render_annotated(context) for node in self]))
  File "C:\Users\HP\AppData\Roaming\Python\Python310\site-packages\django\template\base.py", line 1016, in <listcomp>
    return SafeString("".join([node.render_annotated(context) for node in self]))
  File "C:\Users\HP\AppData\Roaming\Python\Python310\site-packages\django\template\base.py", line 977, in render_annotated
    return self.render(context)
  File "C:\Users\HP\AppData\Roaming\Python\Python310\site-packages\django\template\loader_tags.py", line 65, in render
    result = block.nodelist.render(context)
  File "C:\Users\HP\AppData\Roaming\Python\Python310\site-packages\django\template\base.py", line 1016, in render
    return SafeString("".join([node.render_annotated(context) for node in self]))
  File "C:\Users\HP\AppData\Roaming\Python\Python310\site-packages\django\template\base.py", line 1016, in <listcomp>
    return SafeString("".join([node.render_annotated(context) for node in self]))
  File "C:\Users\HP\AppData\Roaming\Python\Python310\site-packages\django\template\base.py", line 977, in render_annotated
    return self.render(context)
  File "C:\Users\HP\AppData\Roaming\Python\Python310\site-packages\django\template\defaulttags.py", line 320, in render
    match = condition.eval(context)
  File "C:\Users\HP\AppData\Roaming\Python\Python310\site-packages\django\template\defaulttags.py", line 886, in eval
    return self.value.resolve(context, ignore_failures=True)
  File "C:\Users\HP\AppData\Roaming\Python\Python310\site-packages\django\template\base.py", line 722, in resolve
    obj = self.var.resolve(context)
  File "C:\Users\HP\AppData\Roaming\Python\Python310\site-packages\django\template\base.py", line 854, in resolve
    value = self._resolve_lookup(context)
  File "C:\Users\HP\AppData\Roaming\Python\Python310\site-packages\django\template\base.py", line 901, in _resolve_lookup
    current = getattr(current, bit)
  File "C:\Users\HP\AppData\Roaming\Python\Python310\site-packages\django\utils\functional.py", line 253, in inner
    return func(_wrapped, *args)
  File "C:\Users\HP\AppData\Roaming\Python\Python310\site-packages\django\db\models\fields\related_descriptors.py", line 523, in __get__
    rel_obj = self.get_queryset(instance=instance).get(**filter_args)
  File "C:\Users\HP\AppData\Roaming\Python\Python310\site-packages\django\db\models\query.py", line 629, in get
    num = len(clone)
  File "C:\Users\HP\AppData\Roaming\Python\Python310\site-packages\django\db\models\query.py", line 366, in __len__
    self._fetch_all()
  File "C:\Users\HP\AppData\Roaming\Python\Python310\site-packages\django\db\models\query.py", line 1949, in _fetch_all
    self._result_cache = list(self._iterable_class(self))
  File "C:\Users\HP\AppData\Roaming\Python\Python310\site-packages\django\db\models\query.py", line 91, in __iter__
    results = compiler.execute_sql(
  File "C:\Users\HP\AppData\Roaming\Python\Python310\site-packages\django\db\models\sql\compiler.py", line 1623, in execute_sql
    cursor.execute(sql, params)
  File "C:\Users\HP\AppData\Roaming\Python\Python310\site-packages\django\db\backends\utils.py", line 122, in execute
    return super().execute(sql, params)
  File "C:\Users\HP\AppData\Roaming\Python\Python310\site-packages\django\db\backends\utils.py", line 79, in execute
    return self._execute_with_wrappers(
  File "C:\Users\HP\AppData\Roaming\Python\Python310\site-packages\django\db\backends\utils.py", line 92, in _execute_with_wrappers
    return executor(sql, params, many, context)
  File "C:\Users\HP\AppData\Roaming\Python\Python310\site-packages\django\db\backends\utils.py", line 100, in _execute
    with self.db.wrap_database_errors:
  File "C:\Users\HP\AppData\Roaming\Python\Python310\site-packages\django\db\utils.py", line 91, in __exit__
    raise dj_exc_value.with_traceback(traceback) from exc_value
  File "C:\Users\HP\AppData\Roaming\Python\Python310\site-packages\django\db\backends\utils.py", line 105, in _execute
    return self.cursor.execute(sql, params)
  File "C:\Users\HP\AppData\Roaming\Python\Python310\site-packages\django\db\backends\sqlite3\base.py", line 360, in execute
    return super().execute(query, params)
django.db.utils.OperationalError: no such table: plag_userprofile
"GET /dashboard/ HTTP/1.1" 500 277093
Dashboard error for user 3: name 'user_role' is not defined
Unhandled exception: no such table: plag_userprofile
Traceback (most recent call last):
  File "D:\python\plagiarismcheckerextra\plag\views.py", line 96, in dashboard
    if user_role == 'admin':
NameError: name 'user_role' is not defined

During handling of the above exception, another exception occurred:

Traceback (most recent call last):
  File "C:\Users\HP\AppData\Roaming\Python\Python310\site-packages\django\template\base.py", line 891, in _resolve_lookup
    current = current[bit]
  File "C:\Users\HP\AppData\Roaming\Python\Python310\site-packages\django\utils\functional.py", line 253, in inner
    return func(_wrapped, *args)
TypeError: 'User' object is not subscriptable

During handling of the above exception, another exception occurred:

Traceback (most recent call last):
  File "C:\Users\HP\AppData\Roaming\Python\Python310\site-packages\django\db\models\fields\related_descriptors.py", line 516, in __get__
    rel_obj = self.related.get_cached_value(instance)
  File "C:\Users\HP\AppData\Roaming\Python\Python310\site-packages\django\db\models\fields\mixins.py", line 37, in get_cached_value
    return instance._state.fields_cache[self.cache_name]
KeyError: 'userprofile'

During handling of the above exception, another exception occurred:

Traceback (most recent call last):
  File "C:\Users\HP\AppData\Roaming\Python\Python310\site-packages\django\db\backends\utils.py", line 105, in _execute
    return self.cursor.execute(sql, params)
  File "C:\Users\HP\AppData\Roaming\Python\Python310\site-packages\django\db\backends\sqlite3\base.py", line 360, in execute
    return super().execute(query, params)
sqlite3.OperationalError: no such table: plag_userprofile

The above exception was the direct cause of the following exception:

Traceback (most recent call last):
  File "C:\Users\HP\AppData\Roaming\Python\Python310\site-packages\django\core\handlers\base.py", line 197, in _get_response
    response = wrapped_callback(request, *callback_args, **callback_kwargs)
  File "C:\Users\HP\AppData\Roaming\Python\Python310\site-packages\django\contrib\auth\decorators.py", line 59, in _view_wrapper
    return view_func(request, *args, **kwargs)
  File "D:\python\plagiarismcheckerextra\plag\views.py", line 150, in dashboard
    return render(request, "dashboard.html", context)
  File "C:\Users\HP\AppData\Roaming\Python\Python310\site-packages\django\shortcuts.py", line 25, in render
    content = loader.render_to_string(template_name, context, request, using=using)
  File "C:\Users\HP\AppData\Roaming\Python\Python310\site-packages\django\template\loader.py", line 62, in render_to_string
    return template.render(context, request)
  File "C:\Users\HP\AppData\Roaming\Python\Python310\site-packages\django\template\backends\django.py", line 107, in render
    return self.template.render(context)
  File "C:\Users\HP\AppData\Roaming\Python\Python310\site-packages\django\template\base.py", line 171, in render
    return self._render(context)
  File "C:\Users\HP\AppData\Roaming\Python\Python310\site-packages\django\template\base.py", line 163, in _render
    return self.nodelist.render(context)
  File "C:\Users\HP\AppData\Roaming\Python\Python310\site-packages\django\template\base.py", line 1016, in render
    return SafeString("".join([node.render_annotated(context) for node in self]))
  File "C:\Users\HP\AppData\Roaming\Python\Python310\site-packages\django\template\base.py", line 1016, in <listcomp>
    return SafeString("".join([node.render_annotated(context) for node in self]))
  File "C:\Users\HP\AppData\Roaming\Python\Python310\site-packages\django\template\base.py", line 977, in render_annotated
    return self.render(context)
  File "C:\Users\HP\AppData\Roaming\Python\Python310\site-packages\django\template\loader_tags.py", line 159, in render
    return compiled_parent._render(context)
  File "C:\Users\HP\AppData\Roaming\Python\Python310\site-packages\django\template\base.py", line 163, in _render
    return self.nodelist.render(context)
  File "C:\Users\HP\AppData\Roaming\Python\Python310\site-packages\django\template\base.py", line 1016, in render
    return SafeString("".join([node.render_annotated(context) for node in self]))
  File "C:\Users\HP\AppData\Roaming\Python\Python310\site-packages\django\template\base.py", line 1016, in <listcomp>
    return SafeString("".join([node.render_annotated(context) for node in self]))
  File "C:\Users\HP\AppData\Roaming\Python\Python310\site-packages\django\template\base.py", line 977, in render_annotated
    return self.render(context)
  File "C:\Users\HP\AppData\Roaming\Python\Python310\site-packages\django\template\loader_tags.py", line 65, in render
    result = block.nodelist.render(context)
  File "C:\Users\HP\AppData\Roaming\Python\Python310\site-packages\django\template\base.py", line 1016, in render
    return SafeString("".join([node.render_annotated(context) for node in self]))
  File "C:\Users\HP\AppData\Roaming\Python\Python310\site-packages\django\template\base.py", line 1016, in <listcomp>
    return SafeString("".join([node.render_annotated(context) for node in self]))
  File "C:\Users\HP\AppData\Roaming\Python\Python310\site-packages\django\template\base.py", line 977, in render_annotated
    return self.render(context)
  File "C:\Users\HP\AppData\Roaming\Python\Python310\site-packages\django\template\defaulttags.py", line 320, in render
    match = condition.eval(context)
  File "C:\Users\HP\AppData\Roaming\Python\Python310\site-packages\django\template\defaulttags.py", line 886, in eval
    return self.value.resolve(context, ignore_failures=True)
  File "C:\Users\HP\AppData\Roaming\Python\Python310\site-packages\django\template\base.py", line 722, in resolve
    obj = self.var.resolve(context)
  File "C:\Users\HP\AppData\Roaming\Python\Python310\site-packages\django\template\base.py", line 854, in resolve
    value = self._resolve_lookup(context)
  File "C:\Users\HP\AppData\Roaming\Python\Python310\site-packages\django\template\base.py", line 901, in _resolve_lookup
    current = getattr(current, bit)
  File "C:\Users\HP\AppData\Roaming\Python\Python310\site-packages\django\utils\functional.py", line 253, in inner
    return func(_wrapped, *args)
  File "C:\Users\HP\AppData\Roaming\Python\Python310\site-packages\django\db\models\fields\related_descriptors.py", line 523, in __get__
    rel_obj = self.get_queryset(instance=instance).get(**filter_args)
  File "C:\Users\HP\AppData\Roaming\Python\Python310\site-packages\django\db\models\query.py", line 629, in get
    num = len(clone)
  File "C:\Users\HP\AppData\Roaming\Python\Python310\site-packages\django\db\models\query.py", line 366, in __len__
    self._fetch_all()
  File "C:\Users\HP\AppData\Roaming\Python\Python310\site-packages\django\db\models\query.py", line 1949, in _fetch_all
    self._result_cache = list(self._iterable_class(self))
  File "C:\Users\HP\AppData\Roaming\Python\Python310\site-packages\django\db\models\query.py", line 91, in __iter__
    results = compiler.execute_sql(
  File "C:\Users\HP\AppData\Roaming\Python\Python310\site-packages\django\db\models\sql\compiler.py", line 1623, in execute_sql
    cursor.execute(sql, params)
  File "C:\Users\HP\AppData\Roaming\Python\Python310\site-packages\django\db\backends\utils.py", line 122, in execute
    return super().execute(sql, params)
  File "C:\Users\HP\AppData\Roaming\Python\Python310\site-packages\django\db\backends\utils.py", line 79, in execute
    return self._execute_with_wrappers(
  File "C:\Users\HP\AppData\Roaming\Python\Python310\site-packages\django\db\backends\utils.py", line 92, in _execute_with_wrappers
    return executor(sql, params, many, context)
  File "C:\Users\HP\AppData\Roaming\Python\Python310\site-packages\django\db\backends\utils.py", line 100, in _execute
    with self.db.wrap_database_errors:
  File "C:\Users\HP\AppData\Roaming\Python\Python310\site-packages\django\db\utils.py", line 91, in __exit__
    raise dj_exc_value.with_traceback(traceback) from exc_value
  File "C:\Users\HP\AppData\Roaming\Python\Python310\site-packages\django\db\backends\utils.py", line 105, in _execute
    return self.cursor.execute(sql, params)
  File "C:\Users\HP\AppData\Roaming\Python\Python310\site-packages\django\db\backends\sqlite3\base.py", line 360, in execute
    return super().execute(query, params)
django.db.utils.OperationalError: no such table: plag_userprofile
Internal Server Error: /dashboard/
Traceback (most recent call last):
  File "D:\python\plagiarismcheckerextra\plag\views.py", line 96, in dashboard
    if user_role == 'admin':
NameError: name 'user_role' is not defined

During handling of the above exception, another exception occurred:

Traceback (most recent call last):
  File "C:\Users\HP\AppData\Roaming\Python\Python310\site-packages\django\template\base.py", line 891, in _resolve_lookup
    current = current[bit]
  File "C:\Users\HP\AppData\Roaming\Python\Python310\site-packages\django\utils\functional.py", line 253, in inner
    return func(_wrapped, *args)
TypeError: 'User' object is not subscriptable

During handling of the above exception, another exception occurred:

Traceback (most recent call last):
  File "C:\Users\HP\AppData\Roaming\Python\Python310\site-packages\django\db\models\fields\related_descriptors.py", line 516, in __get__
    rel_obj = self.related.get_cached_value(instance)
  File "C:\Users\HP\AppData\Roaming\Python\Python310\site-packages\django\db\models\fields\mixins.py", line 37, in get_cached_value
    return instance._state.fields_cache[self.cache_name]
KeyError: 'userprofile'

During handling of the above exception, another exception occurred:

Traceback (most recent call last):
  File "C:\Users\HP\AppData\Roaming\Python\Python310\site-packages\django\db\backends\utils.py", line 105, in _execute
    return self.cursor.execute(sql, params)
  File "C:\Users\HP\AppData\Roaming\Python\Python310\site-packages\django\db\backends\sqlite3\base.py", line 360, in execute
    return super().execute(query, params)
sqlite3.OperationalError: no such table: plag_userprofile

The above exception was the direct cause of the following exception:

Traceback (most recent call last):
  File "C:\Users\HP\AppData\Roaming\Python\Python310\site-packages\django\core\handlers\exception.py", line 55, in inner
    response = get_response(request)
  File "C:\Users\HP\AppData\Roaming\Python\Python310\site-packages\django\core\handlers\base.py", line 197, in _get_response
    response = wrapped_callback(request, *callback_args, **callback_kwargs)
  File "C:\Users\HP\AppData\Roaming\Python\Python310\site-packages\django\contrib\auth\decorators.py", line 59, in _view_wrapper
    return view_func(request, *args, **kwargs)
  File "D:\python\plagiarismcheckerextra\plag\views.py", line 150, in dashboard
    return render(request, "dashboard.html", context)
  File "C:\Users\HP\AppData\Roaming\Python\Python310\site-packages\django\shortcuts.py", line 25, in render
    content = loader.render_to_string(template_name, context, request, using=using)
  File "C:\Users\HP\AppData\Roaming\Python\Python310\site-packages\django\template\loader.py", line 62, in render_to_string
    return template.render(context, request)
  File "C:\Users\HP\AppData\Roaming\Python\Python310\site-packages\django\template\backends\django.py", line 107, in render
    return self.template.render(context)
  File "C:\Users\HP\AppData\Roaming\Python\Python310\site-packages\django\template\base.py", line 171, in render
    return self._render(context)
  File "C:\Users\HP\AppData\Roaming\Python\Python310\site-packages\django\template\base.py", line 163, in _render
    return self.nodelist.render(context)
  File "C:\Users\HP\AppData\Roaming\Python\Python310\site-packages\django\template\base.py", line 1016, in render
    return SafeString("".join([node.render_annotated(context) for node in self]))
  File "C:\Users\HP\AppData\Roaming\Python\Python310\site-packages\django\template\base.py", line 1016, in <listcomp>
    return SafeString("".join([node.render_annotated(context) for node in self]))
  File "C:\Users\HP\AppData\Roaming\Python\Python310\site-packages\django\template\base.py", line 977, in render_annotated
    return self.render(context)
  File "C:\Users\HP\AppData\Roaming\Python\Python310\site-packages\django\template\loader_tags.py", line 159, in render
    return compiled_parent._render(context)
  File "C:\Users\HP\AppData\Roaming\Python\Python310\site-packages\django\template\base.py", line 163, in _render
    return self.nodelist.render(context)
  File "C:\Users\HP\AppData\Roaming\Python\Python310\site-packages\django\template\base.py", line 1016, in render
    return SafeString("".join([node.render_annotated(context) for node in self]))
  File "C:\Users\HP\AppData\Roaming\Python\Python310\site-packages\django\template\base.py", line 1016, in <listcomp>
    return SafeString("".join([node.render_annotated(context) for node in self]))
  File "C:\Users\HP\AppData\Roaming\Python\Python310\site-packages\django\template\base.py", line 977, in render_annotated
    return self.render(context)
  File "C:\Users\HP\AppData\Roaming\Python\Python310\site-packages\django\template\loader_tags.py", line 65, in render
    result = block.nodelist.render(context)
  File "C:\Users\HP\AppData\Roaming\Python\Python310\site-packages\django\template\base.py", line 1016, in render
    return SafeString("".join([node.render_annotated(context) for node in self]))
  File "C:\Users\HP\AppData\Roaming\Python\Python310\site-packages\django\template\base.py", line 1016, in <listcomp>
    return SafeString("".join([node.render_annotated(context) for node in self]))
  File "C:\Users\HP\AppData\Roaming\Python\Python310\site-packages\django\template\base.py", line 977, in render_annotated
    return self.render(context)
  File "C:\Users\HP\AppData\Roaming\Python\Python310\site-packages\django\template\defaulttags.py", line 320, in render
    match = condition.eval(context)
  File "C:\Users\HP\AppData\Roaming\Python\Python310\site-packages\django\template\defaulttags.py", line 886, in eval
    return self.value.resolve(context, ignore_failures=True)
  File "C:\Users\HP\AppData\Roaming\Python\Python310\site-packages\django\template\base.py", line 722, in resolve
    obj = self.var.resolve(context)
  File "C:\Users\HP\AppData\Roaming\Python\Python310\site-packages\django\template\base.py", line 854, in resolve
    value = self._resolve_lookup(context)
  File "C:\Users\HP\AppData\Roaming\Python\Python310\site-packages\django\template\base.py", line 901, in _resolve_lookup
    current = getattr(current, bit)
  File "C:\Users\HP\AppData\Roaming\Python\Python310\site-packages\django\utils\functional.py", line 253, in inner
    return func(_wrapped, *args)
  File "C:\Users\HP\AppData\Roaming\Python\Python310\site-packages\django\db\models\fields\related_descriptors.py", line 523, in __get__
    rel_obj = self.get_queryset(instance=instance).get(**filter_args)
  File "C:\Users\HP\AppData\Roaming\Python\Python310\site-packages\django\db\models\query.py", line 629, in get
    num = len(clone)
  File "C:\Users\HP\AppData\Roaming\Python\Python310\site-packages\django\db\models\query.py", line 366, in __len__
    self._fetch_all()
  File "C:\Users\HP\AppData\Roaming\Python\Python310\site-packages\django\db\models\query.py", line 1949, in _fetch_all
    self._result_cache = list(self._iterable_class(self))
  File "C:\Users\HP\AppData\Roaming\Python\Python310\site-packages\django\db\models\query.py", line 91, in __iter__
    results = compiler.execute_sql(
  File "C:\Users\HP\AppData\Roaming\Python\Python310\site-packages\django\db\models\sql\compiler.py", line 1623, in execute_sql
    cursor.execute(sql, params)
  File "C:\Users\HP\AppData\Roaming\Python\Python310\site-packages\django\db\backends\utils.py", line 122, in execute
    return super().execute(sql, params)
  File "C:\Users\HP\AppData\Roaming\Python\Python310\site-packages\django\db\backends\utils.py", line 79, in execute
    return self._execute_with_wrappers(
  File "C:\Users\HP\AppData\Roaming\Python\Python310\site-packages\django\db\backends\utils.py", line 92, in _execute_with_wrappers
    return executor(sql, params, many, context)
  File "C:\Users\HP\AppData\Roaming\Python\Python310\site-packages\django\db\backends\utils.py", line 100, in _execute
    with self.db.wrap_database_errors:
  File "C:\Users\HP\AppData\Roaming\Python\Python310\site-packages\django\db\utils.py", line 91, in __exit__
    raise dj_exc_value.with_traceback(traceback) from exc_value
  File "C:\Users\HP\AppData\Roaming\Python\Python310\site-packages\django\db\backends\utils.py", line 105, in _execute
    return self.cursor.execute(sql, params)
  File "C:\Users\HP\AppData\Roaming\Python\Python310\site-packages\django\db\backends\sqlite3\base.py", line 360, in execute
    return super().execute(query, params)
django.db.utils.OperationalError: no such table: plag_userprofile
"GET /dashboard/ HTTP/1.1" 500 277093
Dashboard error for user 3: name 'user_role' is not defined
Unhandled exception: no such table: plag_userprofile
Traceback (most recent call last):
  File "D:\python\plagiarismcheckerextra\plag\views.py", line 96, in dashboard
    if user_role == 'admin':
NameError: name 'user_role' is not defined

During handling of the above exception, another exception occurred:

Traceback (most recent call last):
  File "C:\Users\HP\AppData\Roaming\Python\Python310\site-packages\django\template\base.py", line 891, in _resolve_lookup
    current = current[bit]
  File "C:\Users\HP\AppData\Roaming\Python\Python310\site-packages\django\utils\functional.py", line 253, in inner
    return func(_wrapped, *args)
TypeError: 'User' object is not subscriptable

During handling of the above exception, another exception occurred:

Traceback (most recent call last):
  File "C:\Users\HP\AppData\Roaming\Python\Python310\site-packages\django\db\models\fields\related_descriptors.py", line 516, in __get__
    rel_obj = self.related.get_cached_value(instance)
  File "C:\Users\HP\AppData\Roaming\Python\Python310\site-packages\django\db\models\fields\mixins.py", line 37, in get_cached_value
    return instance._state.fields_cache[self.cache_name]
KeyError: 'userprofile'

During handling of the above exception, another exception occurred:

Traceback (most recent call last):
  File "C:\Users\HP\AppData\Roaming\Python\Python310\site-packages\django\db\backends\utils.py", line 105, in _execute
    return self.cursor.execute(sql, params)
  File "C:\Users\HP\AppData\Roaming\Python\Python310\site-packages\django\db\backends\sqlite3\base.py", line 360, in execute
    return super().execute(query, params)
sqlite3.OperationalError: no such table: plag_userprofile

The above exception was the direct cause of the following exception:

Traceback (most recent call last):
  File "C:\Users\HP\AppData\Roaming\Python\Python310\site-packages\django\core\handlers\base.py", line 197, in _get_response
    response = wrapped_callback(request, *callback_args, **callback_kwargs)
  File "C:\Users\HP\AppData\Roaming\Python\Python310\site-packages\django\contrib\auth\decorators.py", line 59, in _view_wrapper
    return view_func(request, *args, **kwargs)
  File "D:\python\plagiarismcheckerextra\plag\views.py", line 150, in dashboard
    return render(request, "dashboard.html", context)
  File "C:\Users\HP\AppData\Roaming\Python\Python310\site-packages\django\shortcuts.py", line 25, in render
    content = loader.render_to_string(template_name, context, request, using=using)
  File "C:\Users\HP\AppData\Roaming\Python\Python310\site-packages\django\template\loader.py", line 62, in render_to_string
    return template.render(context, request)
  File "C:\Users\HP\AppData\Roaming\Python\Python310\site-packages\django\template\backends\django.py", line 107, in render
    return self.template.render(context)
  File "C:\Users\HP\AppData\Roaming\Python\Python310\site-packages\django\template\base.py", line 171, in render
    return self._render(context)
  File "C:\Users\HP\AppData\Roaming\Python\Python310\site-packages\django\template\base.py", line 163, in _render
    return self.nodelist.render(context)
  File "C:\Users\HP\AppData\Roaming\Python\Python310\site-packages\django\template\base.py", line 1016, in render
    return SafeString("".join([node.render_annotated(context) for node in self]))
  File "C:\Users\HP\AppData\Roaming\Python\Python310\site-packages\django\template\base.py", line 1016, in <listcomp>
    return SafeString("".join([node.render_annotated(context) for node in self]))
  File "C:\Users\HP\AppData\Roaming\Python\Python310\site-packages\django\template\base.py", line 977, in render_annotated
    return self.render(context)
  File "C:\Users\HP\AppData\Roaming\Python\Python310\site-packages\django\template\loader_tags.py", line 159, in render
    return compiled_parent._render(context)
  File "C:\Users\HP\AppData\Roaming\Python\Python310\site-packages\django\template\base.py", line 163, in _render
    return self.nodelist.render(context)
  File "C:\Users\HP\AppData\Roaming\Python\Python310\site-packages\django\template\base.py", line 1016, in render
    return SafeString("".join([node.render_annotated(context) for node in self]))
  File "C:\Users\HP\AppData\Roaming\Python\Python310\site-packages\django\template\base.py", line 1016, in <listcomp>
    return SafeString("".join([node.render_annotated(context) for node in self]))
  File "C:\Users\HP\AppData\Roaming\Python\Python310\site-packages\django\template\base.py", line 977, in render_annotated
    return self.render(context)
  File "C:\Users\HP\AppData\Roaming\Python\Python310\site-packages\django\template\loader_tags.py", line 65, in render
    result = block.nodelist.render(context)
  File "C:\Users\HP\AppData\Roaming\Python\Python310\site-packages\django\template\base.py", line 1016, in render
    return SafeString("".join([node.render_annotated(context) for node in self]))
  File "C:\Users\HP\AppData\Roaming\Python\Python310\site-packages\django\template\base.py", line 1016, in <listcomp>
    return SafeString("".join([node.render_annotated(context) for node in self]))
  File "C:\Users\HP\AppData\Roaming\Python\Python310\site-packages\django\template\base.py", line 977, in render_annotated
    return self.render(context)
  File "C:\Users\HP\AppData\Roaming\Python\Python310\site-packages\django\template\defaulttags.py", line 320, in render
    match = condition.eval(context)
  File "C:\Users\HP\AppData\Roaming\Python\Python310\site-packages\django\template\defaulttags.py", line 886, in eval
    return self.value.resolve(context, ignore_failures=True)
  File "C:\Users\HP\AppData\Roaming\Python\Python310\site-packages\django\template\base.py", line 722, in resolve
    obj = self.var.resolve(context)
  File "C:\Users\HP\AppData\Roaming\Python\Python310\site-packages\django\template\base.py", line 854, in resolve
    value = self._resolve_lookup(context)
  File "C:\Users\HP\AppData\Roaming\Python\Python310\site-packages\django\template\base.py", line 901, in _resolve_lookup
    current = getattr(current, bit)
  File "C:\Users\HP\AppData\Roaming\Python\Python310\site-packages\django\utils\functional.py", line 253, in inner
    return func(_wrapped, *args)
  File "C:\Users\HP\AppData\Roaming\Python\Python310\site-packages\django\db\models\fields\related_descriptors.py", line 523, in __get__
    rel_obj = self.get_queryset(instance=instance).get(**filter_args)
  File "C:\Users\HP\AppData\Roaming\Python\Python310\site-packages\django\db\models\query.py", line 629, in get
    num = len(clone)
  File "C:\Users\HP\AppData\Roaming\Python\Python310\site-packages\django\db\models\query.py", line 366, in __len__
    self._fetch_all()
  File "C:\Users\HP\AppData\Roaming\Python\Python310\site-packages\django\db\models\query.py", line 1949, in _fetch_all
    self._result_cache = list(self._iterable_class(self))
  File "C:\Users\HP\AppData\Roaming\Python\Python310\site-packages\django\db\models\query.py", line 91, in __iter__
    results = compiler.execute_sql(
  File "C:\Users\HP\AppData\Roaming\Python\Python310\site-packages\django\db\models\sql\compiler.py", line 1623, in execute_sql
    cursor.execute(sql, params)
  File "C:\Users\HP\AppData\Roaming\Python\Python310\site-packages\django\db\backends\utils.py", line 122, in execute
    return super().execute(sql, params)
  File "C:\Users\HP\AppData\Roaming\Python\Python310\site-packages\django\db\backends\utils.py", line 79, in execute
    return self._execute_with_wrappers(
  File "C:\Users\HP\AppData\Roaming\Python\Python310\site-packages\django\db\backends\utils.py", line 92, in _execute_with_wrappers
    return executor(sql, params, many, context)
  File "C:\Users\HP\AppData\Roaming\Python\Python310\site-packages\django\db\backends\utils.py", line 100, in _execute
    with self.db.wrap_database_errors:
  File "C:\Users\HP\AppData\Roaming\Python\Python310\site-packages\django\db\utils.py", line 91, in __exit__
    raise dj_exc_value.with_traceback(traceback) from exc_value
  File "C:\Users\HP\AppData\Roaming\Python\Python310\site-packages\django\db\backends\utils.py", line 105, in _execute
    return self.cursor.execute(sql, params)
  File "C:\Users\HP\AppData\Roaming\Python\Python310\site-packages\django\db\backends\sqlite3\base.py", line 360, in execute
    return super().execute(query, params)
django.db.utils.OperationalError: no such table: plag_userprofile
Internal Server Error: /dashboard/
Traceback (most recent call last):
  File "D:\python\plagiarismcheckerextra\plag\views.py", line 96, in dashboard
    if user_role == 'admin':
NameError: name 'user_role' is not defined

During handling of the above exception, another exception occurred:

Traceback (most recent call last):
  File "C:\Users\HP\AppData\Roaming\Python\Python310\site-packages\django\template\base.py", line 891, in _resolve_lookup
    current = current[bit]
  File "C:\Users\HP\AppData\Roaming\Python\Python310\site-packages\django\utils\functional.py", line 253, in inner
    return func(_wrapped, *args)
TypeError: 'User' object is not subscriptable

During handling of the above exception, another exception occurred:

Traceback (most recent call last):
  File "C:\Users\HP\AppData\Roaming\Python\Python310\site-packages\django\db\models\fields\related_descriptors.py", line 516, in __get__
    rel_obj = self.related.get_cached_value(instance)
  File "C:\Users\HP\AppData\Roaming\Python\Python310\site-packages\django\db\models\fields\mixins.py", line 37, in get_cached_value
    return instance._state.fields_cache[self.cache_name]
KeyError: 'userprofile'

During handling of the above exception, another exception occurred:

Traceback (most recent call last):
  File "C:\Users\HP\AppData\Roaming\Python\Python310\site-packages\django\db\backends\utils.py", line 105, in _execute
    return self.cursor.execute(sql, params)
  File "C:\Users\HP\AppData\Roaming\Python\Python310\site-packages\django\db\backends\sqlite3\base.py", line 360, in execute
    return super().execute(query, params)
sqlite3.OperationalError: no such table: plag_userprofile

The above exception was the direct cause of the following exception:

Traceback (most recent call last):
  File "C:\Users\HP\AppData\Roaming\Python\Python310\site-packages\django\core\handlers\exception.py", line 55, in inner
    response = get_response(request)
  File "C:\Users\HP\AppData\Roaming\Python\Python310\site-packages\django\core\handlers\base.py", line 197, in _get_response
    response = wrapped_callback(request, *callback_args, **callback_kwargs)
  File "C:\Users\HP\AppData\Roaming\Python\Python310\site-packages\django\contrib\auth\decorators.py", line 59, in _view_wrapper
    return view_func(request, *args, **kwargs)
  File "D:\python\plagiarismcheckerextra\plag\views.py", line 150, in dashboard
    return render(request, "dashboard.html", context)
  File "C:\Users\HP\AppData\Roaming\Python\Python310\site-packages\django\shortcuts.py", line 25, in render
    content = loader.render_to_string(template_name, context, request, using=using)
  File "C:\Users\HP\AppData\Roaming\Python\Python310\site-packages\django\template\loader.py", line 62, in render_to_string
    return template.render(context, request)
  File "C:\Users\HP\AppData\Roaming\Python\Python310\site-packages\django\template\backends\django.py", line 107, in render
    return self.template.render(context)
  File "C:\Users\HP\AppData\Roaming\Python\Python310\site-packages\django\template\base.py", line 171, in render
    return self._render(context)
  File "C:\Users\HP\AppData\Roaming\Python\Python310\site-packages\django\template\base.py", line 163, in _render
    return self.nodelist.render(context)
  File "C:\Users\HP\AppData\Roaming\Python\Python310\site-packages\django\template\base.py", line 1016, in render
    return SafeString("".join([node.render_annotated(context) for node in self]))
  File "C:\Users\HP\AppData\Roaming\Python\Python310\site-packages\django\template\base.py", line 1016, in <listcomp>
    return SafeString("".join([node.render_annotated(context) for node in self]))
  File "C:\Users\HP\AppData\Roaming\Python\Python310\site-packages\django\template\base.py", line 977, in render_annotated
    return self.render(context)
  File "C:\Users\HP\AppData\Roaming\Python\Python310\site-packages\django\template\loader_tags.py", line 159, in render
    return compiled_parent._render(context)
  File "C:\Users\HP\AppData\Roaming\Python\Python310\site-packages\django\template\base.py", line 163, in _render
    return self.nodelist.render(context)
  File "C:\Users\HP\AppData\Roaming\Python\Python310\site-packages\django\template\base.py", line 1016, in render
    return SafeString("".join([node.render_annotated(context) for node in self]))
  File "C:\Users\HP\AppData\Roaming\Python\Python310\site-packages\django\template\base.py", line 1016, in <listcomp>
    return SafeString("".join([node.render_annotated(context) for node in self]))
  File "C:\Users\HP\AppData\Roaming\Python\Python310\site-packages\django\template\base.py", line 977, in render_annotated
    return self.render(context)
  File "C:\Users\HP\AppData\Roaming\Python\Python310\site-packages\django\template\loader_tags.py", line 65, in render
    result = block.nodelist.render(context)
  File "C:\Users\HP\AppData\Roaming\Python\Python310\site-packages\django\template\base.py", line 1016, in render
    return SafeString("".join([node.render_annotated(context) for node in self]))
  File "C:\Users\HP\AppData\Roaming\Python\Python310\site-packages\django\template\base.py", line 1016, in <listcomp>
    return SafeString("".join([node.render_annotated(context) for node in self]))
  File "C:\Users\HP\AppData\Roaming\Python\Python310\site-packages\django\template\base.py", line 977, in render_annotated
    return self.render(context)
  File "C:\Users\HP\AppData\Roaming\Python\Python310\site-packages\django\template\defaulttags.py", line 320, in render
    match = condition.eval(context)
  File "C:\Users\HP\AppData\Roaming\Python\Python310\site-packages\django\template\defaulttags.py", line 886, in eval
    return self.value.resolve(context, ignore_failures=True)
  File "C:\Users\HP\AppData\Roaming\Python\Python310\site-packages\django\template\base.py", line 722, in resolve
    obj = self.var.resolve(context)
  File "C:\Users\HP\AppData\Roaming\Python\Python310\site-packages\django\template\base.py", line 854, in resolve
    value = self._resolve_lookup(context)
  File "C:\Users\HP\AppData\Roaming\Python\Python310\site-packages\django\template\base.py", line 901, in _resolve_lookup
    current = getattr(current, bit)
  File "C:\Users\HP\AppData\Roaming\Python\Python310\site-packages\django\utils\functional.py", line 253, in inner
    return func(_wrapped, *args)
  File "C:\Users\HP\AppData\Roaming\Python\Python310\site-packages\django\db\models\fields\related_descriptors.py", line 523, in __get__
    rel_obj = self.get_queryset(instance=instance).get(**filter_args)
  File "C:\Users\HP\AppData\Roaming\Python\Python310\site-packages\django\db\models\query.py", line 629, in get
    num = len(clone)
  File "C:\Users\HP\AppData\Roaming\Python\Python310\site-packages\django\db\models\query.py", line 366, in __len__
    self._fetch_all()
  File "C:\Users\HP\AppData\Roaming\Python\Python310\site-packages\django\db\models\query.py", line 1949, in _fetch_all
    self._result_cache = list(self._iterable_class(self))
  File "C:\Users\HP\AppData\Roaming\Python\Python310\site-packages\django\db\models\query.py", line 91, in __iter__
    results = compiler.execute_sql(
  File "C:\Users\HP\AppData\Roaming\Python\Python310\site-packages\django\db\models\sql\compiler.py", line 1623, in execute_sql
    cursor.execute(sql, params)
  File "C:\Users\HP\AppData\Roaming\Python\Python310\site-packages\django\db\backends\utils.py", line 122, in execute
    return super().execute(sql, params)
  File "C:\Users\HP\AppData\Roaming\Python\Python310\site-packages\django\db\backends\utils.py", line 79, in execute
    return self._execute_with_wrappers(
  File "C:\Users\HP\AppData\Roaming\Python\Python310\site-packages\django\db\backends\utils.py", line 92, in _execute_with_wrappers
    return executor(sql, params, many, context)
  File "C:\Users\HP\AppData\Roaming\Python\Python310\site-packages\django\db\backends\utils.py", line 100, in _execute
    with self.db.wrap_database_errors:
  File "C:\Users\HP\AppData\Roaming\Python\Python310\site-packages\django\db\utils.py", line 91, in __exit__
    raise dj_exc_value.with_traceback(traceback) from exc_value
  File "C:\Users\HP\AppData\Roaming\Python\Python310\site-packages\django\db\backends\utils.py", line 105, in _execute
    return self.cursor.execute(sql, params)
  File "C:\Users\HP\AppData\Roaming\Python\Python310\site-packages\django\db\backends\sqlite3\base.py", line 360, in execute
    return super().execute(query, params)
django.db.utils.OperationalError: no such table: plag_userprofile
"GET /dashboard/ HTTP/1.1" 500 277093
Dashboard error for user 3: name 'user_role' is not defined
Unhandled exception: no such table: plag_userprofile
Traceback (most recent call last):
  File "D:\python\plagiarismcheckerextra\plag\views.py", line 96, in dashboard
    if user_role == 'admin':
NameError: name 'user_role' is not defined

During handling of the above exception, another exception occurred:

Traceback (most recent call last):
  File "C:\Users\HP\AppData\Roaming\Python\Python310\site-packages\django\template\base.py", line 891, in _resolve_lookup
    current = current[bit]
  File "C:\Users\HP\AppData\Roaming\Python\Python310\site-packages\django\utils\functional.py", line 253, in inner
    return func(_wrapped, *args)
TypeError: 'User' object is not subscriptable

During handling of the above exception, another exception occurred:

Traceback (most recent call last):
  File "C:\Users\HP\AppData\Roaming\Python\Python310\site-packages\django\db\models\fields\related_descriptors.py", line 516, in __get__
    rel_obj = self.related.get_cached_value(instance)
  File "C:\Users\HP\AppData\Roaming\Python\Python310\site-packages\django\db\models\fields\mixins.py", line 37, in get_cached_value
    return instance._state.fields_cache[self.cache_name]
KeyError: 'userprofile'

During handling of the above exception, another exception occurred:

Traceback (most recent call last):
  File "C:\Users\HP\AppData\Roaming\Python\Python310\site-packages\django\db\backends\utils.py", line 105, in _execute
    return self.cursor.execute(sql, params)
  File "C:\Users\HP\AppData\Roaming\Python\Python310\site-packages\django\db\backends\sqlite3\base.py", line 360, in execute
    return super().execute(query, params)
sqlite3.OperationalError: no such table: plag_userprofile

The above exception was the direct cause of the following exception:

Traceback (most recent call last):
  File "C:\Users\HP\AppData\Roaming\Python\Python310\site-packages\django\core\handlers\base.py", line 197, in _get_response
    response = wrapped_callback(request, *callback_args, **callback_kwargs)
  File "C:\Users\HP\AppData\Roaming\Python\Python310\site-packages\django\contrib\auth\decorators.py", line 59, in _view_wrapper
    return view_func(request, *args, **kwargs)
  File "D:\python\plagiarismcheckerextra\plag\views.py", line 150, in dashboard
    return render(request, "dashboard.html", context)
  File "C:\Users\HP\AppData\Roaming\Python\Python310\site-packages\django\shortcuts.py", line 25, in render
    content = loader.render_to_string(template_name, context, request, using=using)
  File "C:\Users\HP\AppData\Roaming\Python\Python310\site-packages\django\template\loader.py", line 62, in render_to_string
    return template.render(context, request)
  File "C:\Users\HP\AppData\Roaming\Python\Python310\site-packages\django\template\backends\django.py", line 107, in render
    return self.template.render(context)
  File "C:\Users\HP\AppData\Roaming\Python\Python310\site-packages\django\template\base.py", line 171, in render
    return self._render(context)
  File "C:\Users\HP\AppData\Roaming\Python\Python310\site-packages\django\template\base.py", line 163, in _render
    return self.nodelist.render(context)
  File "C:\Users\HP\AppData\Roaming\Python\Python310\site-packages\django\template\base.py", line 1016, in render
    return SafeString("".join([node.render_annotated(context) for node in self]))
  File "C:\Users\HP\AppData\Roaming\Python\Python310\site-packages\django\template\base.py", line 1016, in <listcomp>
    return SafeString("".join([node.render_annotated(context) for node in self]))
  File "C:\Users\HP\AppData\Roaming\Python\Python310\site-packages\django\template\base.py", line 977, in render_annotated
    return self.render(context)
  File "C:\Users\HP\AppData\Roaming\Python\Python310\site-packages\django\template\loader_tags.py", line 159, in render
    return compiled_parent._render(context)
  File "C:\Users\HP\AppData\Roaming\Python\Python310\site-packages\django\template\base.py", line 163, in _render
    return self.nodelist.render(context)
  File "C:\Users\HP\AppData\Roaming\Python\Python310\site-packages\django\template\base.py", line 1016, in render
    return SafeString("".join([node.render_annotated(context) for node in self]))
  File "C:\Users\HP\AppData\Roaming\Python\Python310\site-packages\django\template\base.py", line 1016, in <listcomp>
    return SafeString("".join([node.render_annotated(context) for node in self]))
  File "C:\Users\HP\AppData\Roaming\Python\Python310\site-packages\django\template\base.py", line 977, in render_annotated
    return self.render(context)
  File "C:\Users\HP\AppData\Roaming\Python\Python310\site-packages\django\template\loader_tags.py", line 65, in render
    result = block.nodelist.render(context)
  File "C:\Users\HP\AppData\Roaming\Python\Python310\site-packages\django\template\base.py", line 1016, in render
    return SafeString("".join([node.render_annotated(context) for node in self]))
  File "C:\Users\HP\AppData\Roaming\Python\Python310\site-packages\django\template\base.py", line 1016, in <listcomp>
    return SafeString("".join([node.render_annotated(context) for node in self]))
  File "C:\Users\HP\AppData\Roaming\Python\Python310\site-packages\django\template\base.py", line 977, in render_annotated
    return self.render(context)
  File "C:\Users\HP\AppData\Roaming\Python\Python310\site-packages\django\template\defaulttags.py", line 320, in render
    match = condition.eval(context)
  File "C:\Users\HP\AppData\Roaming\Python\Python310\site-packages\django\template\defaulttags.py", line 886, in eval
    return self.value.resolve(context, ignore_failures=True)
  File "C:\Users\HP\AppData\Roaming\Python\Python310\site-packages\django\template\base.py", line 722, in resolve
    obj = self.var.resolve(context)
  File "C:\Users\HP\AppData\Roaming\Python\Python310\site-packages\django\template\base.py", line 854, in resolve
    value = self._resolve_lookup(context)
  File "C:\Users\HP\AppData\Roaming\Python\Python310\site-packages\django\template\base.py", line 901, in _resolve_lookup
    current = getattr(current, bit)
  File "C:\Users\HP\AppData\Roaming\Python\Python310\site-packages\django\utils\functional.py", line 253, in inner
    return func(_wrapped, *args)
  File "C:\Users\HP\AppData\Roaming\Python\Python310\site-packages\django\db\models\fields\related_descriptors.py", line 523, in __get__
    rel_obj = self.get_queryset(instance=instance).get(**filter_args)
  File "C:\Users\HP\AppData\Roaming\Python\Python310\site-packages\django\db\models\query.py", line 629, in get
    num = len(clone)
  File "C:\Users\HP\AppData\Roaming\Python\Python310\site-packages\django\db\models\query.py", line 366, in __len__
    self._fetch_all()
  File "C:\Users\HP\AppData\Roaming\Python\Python310\site-packages\django\db\models\query.py", line 1949, in _fetch_all
    self._result_cache = list(self._iterable_class(self))
  File "C:\Users\HP\AppData\Roaming\Python\Python310\site-packages\django\db\models\query.py", line 91, in __iter__
    results = compiler.execute_sql(
  File "C:\Users\HP\AppData\Roaming\Python\Python310\site-packages\django\db\models\sql\compiler.py", line 1623, in execute_sql
    cursor.execute(sql, params)
  File "C:\Users\HP\AppData\Roaming\Python\Python310\site-packages\django\db\backends\utils.py", line 122, in execute
    return super().execute(sql, params)
  File "C:\Users\HP\AppData\Roaming\Python\Python310\site-packages\django\db\backends\utils.py", line 79, in execute
    return self._execute_with_wrappers(
  File "C:\Users\HP\AppData\Roaming\Python\Python310\site-packages\django\db\backends\utils.py", line 92, in _execute_with_wrappers
    return executor(sql, params, many, context)
  File "C:\Users\HP\AppData\Roaming\Python\Python310\site-packages\django\db\backends\utils.py", line 100, in _execute
    with self.db.wrap_database_errors:
  File "C:\Users\HP\AppData\Roaming\Python\Python310\site-packages\django\db\utils.py", line 91, in __exit__
    raise dj_exc_value.with_traceback(traceback) from exc_value
  File "C:\Users\HP\AppData\Roaming\Python\Python310\site-packages\django\db\backends\utils.py", line 105, in _execute
    return self.cursor.execute(sql, params)
  File "C:\Users\HP\AppData\Roaming\Python\Python310\site-packages\django\db\backends\sqlite3\base.py", line 360, in execute
    return super().execute(query, params)
django.db.utils.OperationalError: no such table: plag_userprofile
Internal Server Error: /dashboard/
Traceback (most recent call last):
  File "D:\python\plagiarismcheckerextra\plag\views.py", line 96, in dashboard
    if user_role == 'admin':
NameError: name 'user_role' is not defined

During handling of the above exception, another exception occurred:

Traceback (most recent call last):
  File "C:\Users\HP\AppData\Roaming\Python\Python310\site-packages\django\template\base.py", line 891, in _resolve_lookup
    current = current[bit]
  File "C:\Users\HP\AppData\Roaming\Python\Python310\site-packages\django\utils\functional.py", line 253, in inner
    return func(_wrapped, *args)
TypeError: 'User' object is not subscriptable

During handling of the above exception, another exception occurred:

Traceback (most recent call last):
  File "C:\Users\HP\AppData\Roaming\Python\Python310\site-packages\django\db\models\fields\related_descriptors.py", line 516, in __get__
    rel_obj = self.related.get_cached_value(instance)
  File "C:\Users\HP\AppData\Roaming\Python\Python310\site-packages\django\db\models\fields\mixins.py", line 37, in get_cached_value
    return instance._state.fields_cache[self.cache_name]
KeyError: 'userprofile'

During handling of the above exception, another exception occurred:

Traceback (most recent call last):
  File "C:\Users\HP\AppData\Roaming\Python\Python310\site-packages\django\db\backends\utils.py", line 105, in _execute
    return self.cursor.execute(sql, params)
  File "C:\Users\HP\AppData\Roaming\Python\Python310\site-packages\django\db\backends\sqlite3\base.py", line 360, in execute
    return super().execute(query, params)
sqlite3.OperationalError: no such table: plag_userprofile

The above exception was the direct cause of the following exception:

Traceback (most recent call last):
  File "C:\Users\HP\AppData\Roaming\Python\Python310\site-packages\django\core\handlers\exception.py", line 55, in inner
    response = get_response(request)
  File "C:\Users\HP\AppData\Roaming\Python\Python310\site-packages\django\core\handlers\base.py", line 197, in _get_response
    response = wrapped_callback(request, *callback_args, **callback_kwargs)
  File "C:\Users\HP\AppData\Roaming\Python\Python310\site-packages\django\contrib\auth\decorators.py", line 59, in _view_wrapper
    return view_func(request, *args, **kwargs)
  File "D:\python\plagiarismcheckerextra\plag\views.py", line 150, in dashboard
    return render(request, "dashboard.html", context)
  File "C:\Users\HP\AppData\Roaming\Python\Python310\site-packages\django\shortcuts.py", line 25, in render
    content = loader.render_to_string(template_name, context, request, using=using)
  File "C:\Users\HP\AppData\Roaming\Python\Python310\site-packages\django\template\loader.py", line 62, in render_to_string
    return template.render(context, request)
  File "C:\Users\HP\AppData\Roaming\Python\Python310\site-packages\django\template\backends\django.py", line 107, in render
    return self.template.render(context)
  File "C:\Users\HP\AppData\Roaming\Python\Python310\site-packages\django\template\base.py", line 171, in render
    return self._render(context)
  File "C:\Users\HP\AppData\Roaming\Python\Python310\site-packages\django\template\base.py", line 163, in _render
    return self.nodelist.render(context)
  File "C:\Users\HP\AppData\Roaming\Python\Python310\site-packages\django\template\base.py", line 1016, in render
    return SafeString("".join([node.render_annotated(context) for node in self]))
  File "C:\Users\HP\AppData\Roaming\Python\Python310\site-packages\django\template\base.py", line 1016, in <listcomp>
    return SafeString("".join([node.render_annotated(context) for node in self]))
  File "C:\Users\HP\AppData\Roaming\Python\Python310\site-packages\django\template\base.py", line 977, in render_annotated
    return self.render(context)
  File "C:\Users\HP\AppData\Roaming\Python\Python310\site-packages\django\template\loader_tags.py", line 159, in render
    return compiled_parent._render(context)
  File "C:\Users\HP\AppData\Roaming\Python\Python310\site-packages\django\template\base.py", line 163, in _render
    return self.nodelist.render(context)
  File "C:\Users\HP\AppData\Roaming\Python\Python310\site-packages\django\template\base.py", line 1016, in render
    return SafeString("".join([node.render_annotated(context) for node in self]))
  File "C:\Users\HP\AppData\Roaming\Python\Python310\site-packages\django\template\base.py", line 1016, in <listcomp>
    return SafeString("".join([node.render_annotated(context) for node in self]))
  File "C:\Users\HP\AppData\Roaming\Python\Python310\site-packages\django\template\base.py", line 977, in render_annotated
    return self.render(context)
  File "C:\Users\HP\AppData\Roaming\Python\Python310\site-packages\django\template\loader_tags.py", line 65, in render
    result = block.nodelist.render(context)
  File "C:\Users\HP\AppData\Roaming\Python\Python310\site-packages\django\template\base.py", line 1016, in render
    return SafeString("".join([node.render_annotated(context) for node in self]))
  File "C:\Users\HP\AppData\Roaming\Python\Python310\site-packages\django\template\base.py", line 1016, in <listcomp>
    return SafeString("".join([node.render_annotated(context) for node in self]))
  File "C:\Users\HP\AppData\Roaming\Python\Python310\site-packages\django\template\base.py", line 977, in render_annotated
    return self.render(context)
  File "C:\Users\HP\AppData\Roaming\Python\Python310\site-packages\django\template\defaulttags.py", line 320, in render
    match = condition.eval(context)
  File "C:\Users\HP\AppData\Roaming\Python\Python310\site-packages\django\template\defaulttags.py", line 886, in eval
    return self.value.resolve(context, ignore_failures=True)
  File "C:\Users\HP\AppData\Roaming\Python\Python310\site-packages\django\template\base.py", line 722, in resolve
    obj = self.var.resolve(context)
  File "C:\Users\HP\AppData\Roaming\Python\Python310\site-packages\django\template\base.py", line 854, in resolve
    value = self._resolve_lookup(context)
  File "C:\Users\HP\AppData\Roaming\Python\Python310\site-packages\django\template\base.py", line 901, in _resolve_lookup
    current = getattr(current, bit)
  File "C:\Users\HP\AppData\Roaming\Python\Python310\site-packages\django\utils\functional.py", line 253, in inner
    return func(_wrapped, *args)
  File "C:\Users\HP\AppData\Roaming\Python\Python310\site-packages\django\db\models\fields\related_descriptors.py", line 523, in __get__
    rel_obj = self.get_queryset(instance=instance).get(**filter_args)
  File "C:\Users\HP\AppData\Roaming\Python\Python310\site-packages\django\db\models\query.py", line 629, in get
    num = len(clone)
  File "C:\Users\HP\AppData\Roaming\Python\Python310\site-packages\django\db\models\query.py", line 366, in __len__
    self._fetch_all()
  File "C:\Users\HP\AppData\Roaming\Python\Python310\site-packages\django\db\models\query.py", line 1949, in _fetch_all
    self._result_cache = list(self._iterable_class(self))
  File "C:\Users\HP\AppData\Roaming\Python\Python310\site-packages\django\db\models\query.py", line 91, in __iter__
    results = compiler.execute_sql(
  File "C:\Users\HP\AppData\Roaming\Python\Python310\site-packages\django\db\models\sql\compiler.py", line 1623, in execute_sql
    cursor.execute(sql, params)
  File "C:\Users\HP\AppData\Roaming\Python\Python310\site-packages\django\db\backends\utils.py", line 122, in execute
    return super().execute(sql, params)
  File "C:\Users\HP\AppData\Roaming\Python\Python310\site-packages\django\db\backends\utils.py", line 79, in execute
    return self._execute_with_wrappers(
  File "C:\Users\HP\AppData\Roaming\Python\Python310\site-packages\django\db\backends\utils.py", line 92, in _execute_with_wrappers
    return executor(sql, params, many, context)
  File "C:\Users\HP\AppData\Roaming\Python\Python310\site-packages\django\db\backends\utils.py", line 100, in _execute
    with self.db.wrap_database_errors:
  File "C:\Users\HP\AppData\Roaming\Python\Python310\site-packages\django\db\utils.py", line 91, in __exit__
    raise dj_exc_value.with_traceback(traceback) from exc_value
  File "C:\Users\HP\AppData\Roaming\Python\Python310\site-packages\django\db\backends\utils.py", line 105, in _execute
    return self.cursor.execute(sql, params)
  File "C:\Users\HP\AppData\Roaming\Python\Python310\site-packages\django\db\backends\sqlite3\base.py", line 360, in execute
    return super().execute(query, params)
django.db.utils.OperationalError: no such table: plag_userprofile
"GET /dashboard/ HTTP/1.1" 500 277093
Dashboard error for user 3: name 'user_role' is not defined
Unhandled exception: no such table: plag_userprofile
Traceback (most recent call last):
  File "D:\python\plagiarismcheckerextra\plag\views.py", line 96, in dashboard
    if user_role == 'admin':
NameError: name 'user_role' is not defined

During handling of the above exception, another exception occurred:

Traceback (most recent call last):
  File "C:\Users\HP\AppData\Roaming\Python\Python310\site-packages\django\template\base.py", line 891, in _resolve_lookup
    current = current[bit]
  File "C:\Users\HP\AppData\Roaming\Python\Python310\site-packages\django\utils\functional.py", line 253, in inner
    return func(_wrapped, *args)
TypeError: 'User' object is not subscriptable

During handling of the above exception, another exception occurred:

Traceback (most recent call last):
  File "C:\Users\HP\AppData\Roaming\Python\Python310\site-packages\django\db\models\fields\related_descriptors.py", line 516, in __get__
    rel_obj = self.related.get_cached_value(instance)
  File "C:\Users\HP\AppData\Roaming\Python\Python310\site-packages\django\db\models\fields\mixins.py", line 37, in get_cached_value
    return instance._state.fields_cache[self.cache_name]
KeyError: 'userprofile'

During handling of the above exception, another exception occurred:

Traceback (most recent call last):
  File "C:\Users\HP\AppData\Roaming\Python\Python310\site-packages\django\db\backends\utils.py", line 105, in _execute
    return self.cursor.execute(sql, params)
  File "C:\Users\HP\AppData\Roaming\Python\Python310\site-packages\django\db\backends\sqlite3\base.py", line 360, in execute
    return super().execute(query, params)
sqlite3.OperationalError: no such table: plag_userprofile

The above exception was the direct cause of the following exception:

Traceback (most recent call last):
  File "C:\Users\HP\AppData\Roaming\Python\Python310\site-packages\django\core\handlers\base.py", line 197, in _get_response
    response = wrapped_callback(request, *callback_args, **callback_kwargs)
  File "C:\Users\HP\AppData\Roaming\Python\Python310\site-packages\django\contrib\auth\decorators.py", line 59, in _view_wrapper
    return view_func(request, *args, **kwargs)
  File "D:\python\plagiarismcheckerextra\plag\views.py", line 150, in dashboard
    return render(request, "dashboard.html", context)
  File "C:\Users\HP\AppData\Roaming\Python\Python310\site-packages\django\shortcuts.py", line 25, in render
    content = loader.render_to_string(template_name, context, request, using=using)
  File "C:\Users\HP\AppData\Roaming\Python\Python310\site-packages\django\template\loader.py", line 62, in render_to_string
    return template.render(context, request)
  File "C:\Users\HP\AppData\Roaming\Python\Python310\site-packages\django\template\backends\django.py", line 107, in render
    return self.template.render(context)
  File "C:\Users\HP\AppData\Roaming\Python\Python310\site-packages\django\template\base.py", line 171, in render
    return self._render(context)
  File "C:\Users\HP\AppData\Roaming\Python\Python310\site-packages\django\template\base.py", line 163, in _render
    return self.nodelist.render(context)
  File "C:\Users\HP\AppData\Roaming\Python\Python310\site-packages\django\template\base.py", line 1016, in render
    return SafeString("".join([node.render_annotated(context) for node in self]))
  File "C:\Users\HP\AppData\Roaming\Python\Python310\site-packages\django\template\base.py", line 1016, in <listcomp>
    return SafeString("".join([node.render_annotated(context) for node in self]))
  File "C:\Users\HP\AppData\Roaming\Python\Python310\site-packages\django\template\base.py", line 977, in render_annotated
    return self.render(context)
  File "C:\Users\HP\AppData\Roaming\Python\Python310\site-packages\django\template\loader_tags.py", line 159, in render
    return compiled_parent._render(context)
  File "C:\Users\HP\AppData\Roaming\Python\Python310\site-packages\django\template\base.py", line 163, in _render
    return self.nodelist.render(context)
  File "C:\Users\HP\AppData\Roaming\Python\Python310\site-packages\django\template\base.py", line 1016, in render
    return SafeString("".join([node.render_annotated(context) for node in self]))
  File "C:\Users\HP\AppData\Roaming\Python\Python310\site-packages\django\template\base.py", line 1016, in <listcomp>
    return SafeString("".join([node.render_annotated(context) for node in self]))
  File "C:\Users\HP\AppData\Roaming\Python\Python310\site-packages\django\template\base.py", line 977, in render_annotated
    return self.render(context)
  File "C:\Users\HP\AppData\Roaming\Python\Python310\site-packages\django\template\loader_tags.py", line 65, in render
    result = block.nodelist.render(context)
  File "C:\Users\HP\AppData\Roaming\Python\Python310\site-packages\django\template\base.py", line 1016, in render
    return SafeString("".join([node.render_annotated(context) for node in self]))
  File "C:\Users\HP\AppData\Roaming\Python\Python310\site-packages\django\template\base.py", line 1016, in <listcomp>
    return SafeString("".join([node.render_annotated(context) for node in self]))
  File "C:\Users\HP\AppData\Roaming\Python\Python310\site-packages\django\template\base.py", line 977, in render_annotated
    return self.render(context)
  File "C:\Users\HP\AppData\Roaming\Python\Python310\site-packages\django\template\defaulttags.py", line 320, in render
    match = condition.eval(context)
  File "C:\Users\HP\AppData\Roaming\Python\Python310\site-packages\django\template\defaulttags.py", line 886, in eval
    return self.value.resolve(context, ignore_failures=True)
  File "C:\Users\HP\AppData\Roaming\Python\Python310\site-packages\django\template\base.py", line 722, in resolve
    obj = self.var.resolve(context)
  File "C:\Users\HP\AppData\Roaming\Python\Python310\site-packages\django\template\base.py", line 854, in resolve
    value = self._resolve_lookup(context)
  File "C:\Users\HP\AppData\Roaming\Python\Python310\site-packages\django\template\base.py", line 901, in _resolve_lookup
    current = getattr(current, bit)
  File "C:\Users\HP\AppData\Roaming\Python\Python310\site-packages\django\utils\functional.py", line 253, in inner
    return func(_wrapped, *args)
  File "C:\Users\HP\AppData\Roaming\Python\Python310\site-packages\django\db\models\fields\related_descriptors.py", line 523, in __get__
    rel_obj = self.get_queryset(instance=instance).get(**filter_args)
  File "C:\Users\HP\AppData\Roaming\Python\Python310\site-packages\django\db\models\query.py", line 629, in get
    num = len(clone)
  File "C:\Users\HP\AppData\Roaming\Python\Python310\site-packages\django\db\models\query.py", line 366, in __len__
    self._fetch_all()
  File "C:\Users\HP\AppData\Roaming\Python\Python310\site-packages\django\db\models\query.py", line 1949, in _fetch_all
    self._result_cache = list(self._iterable_class(self))
  File "C:\Users\HP\AppData\Roaming\Python\Python310\site-packages\django\db\models\query.py", line 91, in __iter__
    results = compiler.execute_sql(
  File "C:\Users\HP\AppData\Roaming\Python\Python310\site-packages\django\db\models\sql\compiler.py", line 1623, in execute_sql
    cursor.execute(sql, params)
  File "C:\Users\HP\AppData\Roaming\Python\Python310\site-packages\django\db\backends\utils.py", line 122, in execute
    return super().execute(sql, params)
  File "C:\Users\HP\AppData\Roaming\Python\Python310\site-packages\django\db\backends\utils.py", line 79, in execute
    return self._execute_with_wrappers(
  File "C:\Users\HP\AppData\Roaming\Python\Python310\site-packages\django\db\backends\utils.py", line 92, in _execute_with_wrappers
    return executor(sql, params, many, context)
  File "C:\Users\HP\AppData\Roaming\Python\Python310\site-packages\django\db\backends\utils.py", line 100, in _execute
    with self.db.wrap_database_errors:
  File "C:\Users\HP\AppData\Roaming\Python\Python310\site-packages\django\db\utils.py", line 91, in __exit__
    raise dj_exc_value.with_traceback(traceback) from exc_value
  File "C:\Users\HP\AppData\Roaming\Python\Python310\site-packages\django\db\backends\utils.py", line 105, in _execute
    return self.cursor.execute(sql, params)
  File "C:\Users\HP\AppData\Roaming\Python\Python310\site-packages\django\db\backends\sqlite3\base.py", line 360, in execute
    return super().execute(query, params)
django.db.utils.OperationalError: no such table: plag_userprofile
Internal Server Error: /dashboard/
Traceback (most recent call last):
  File "D:\python\plagiarismcheckerextra\plag\views.py", line 96, in dashboard
    if user_role == 'admin':
NameError: name 'user_role' is not defined

During handling of the above exception, another exception occurred:

Traceback (most recent call last):
  File "C:\Users\HP\AppData\Roaming\Python\Python310\site-packages\django\template\base.py", line 891, in _resolve_lookup
    current = current[bit]
  File "C:\Users\HP\AppData\Roaming\Python\Python310\site-packages\django\utils\functional.py", line 253, in inner
    return func(_wrapped, *args)
TypeError: 'User' object is not subscriptable

During handling of the above exception, another exception occurred:

Traceback (most recent call last):
  File "C:\Users\HP\AppData\Roaming\Python\Python310\site-packages\django\db\models\fields\related_descriptors.py", line 516, in __get__
    rel_obj = self.related.get_cached_value(instance)
  File "C:\Users\HP\AppData\Roaming\Python\Python310\site-packages\django\db\models\fields\mixins.py", line 37, in get_cached_value
    return instance._state.fields_cache[self.cache_name]
KeyError: 'userprofile'

During handling of the above exception, another exception occurred:

Traceback (most recent call last):
  File "C:\Users\HP\AppData\Roaming\Python\Python310\site-packages\django\db\backends\utils.py", line 105, in _execute
    return self.cursor.execute(sql, params)
  File "C:\Users\HP\AppData\Roaming\Python\Python310\site-packages\django\db\backends\sqlite3\base.py", line 360, in execute
    return super().execute(query, params)
sqlite3.OperationalError: no such table: plag_userprofile

The above exception was the direct cause of the following exception:

Traceback (most recent call last):
  File "C:\Users\HP\AppData\Roaming\Python\Python310\site-packages\django\core\handlers\exception.py", line 55, in inner
    response = get_response(request)
  File "C:\Users\HP\AppData\Roaming\Python\Python310\site-packages\django\core\handlers\base.py", line 197, in _get_response
    response = wrapped_callback(request, *callback_args, **callback_kwargs)
  File "C:\Users\HP\AppData\Roaming\Python\Python310\site-packages\django\contrib\auth\decorators.py", line 59, in _view_wrapper
    return view_func(request, *args, **kwargs)
  File "D:\python\plagiarismcheckerextra\plag\views.py", line 150, in dashboard
    return render(request, "dashboard.html", context)
  File "C:\Users\HP\AppData\Roaming\Python\Python310\site-packages\django\shortcuts.py", line 25, in render
    content = loader.render_to_string(template_name, context, request, using=using)
  File "C:\Users\HP\AppData\Roaming\Python\Python310\site-packages\django\template\loader.py", line 62, in render_to_string
    return template.render(context, request)
  File "C:\Users\HP\AppData\Roaming\Python\Python310\site-packages\django\template\backends\django.py", line 107, in render
    return self.template.render(context)
  File "C:\Users\HP\AppData\Roaming\Python\Python310\site-packages\django\template\base.py", line 171, in render
    return self._render(context)
  File "C:\Users\HP\AppData\Roaming\Python\Python310\site-packages\django\template\base.py", line 163, in _render
    return self.nodelist.render(context)
  File "C:\Users\HP\AppData\Roaming\Python\Python310\site-packages\django\template\base.py", line 1016, in render
    return SafeString("".join([node.render_annotated(context) for node in self]))
  File "C:\Users\HP\AppData\Roaming\Python\Python310\site-packages\django\template\base.py", line 1016, in <listcomp>
    return SafeString("".join([node.render_annotated(context) for node in self]))
  File "C:\Users\HP\AppData\Roaming\Python\Python310\site-packages\django\template\base.py", line 977, in render_annotated
    return self.render(context)
  File "C:\Users\HP\AppData\Roaming\Python\Python310\site-packages\django\template\loader_tags.py", line 159, in render
    return compiled_parent._render(context)
  File "C:\Users\HP\AppData\Roaming\Python\Python310\site-packages\django\template\base.py", line 163, in _render
    return self.nodelist.render(context)
  File "C:\Users\HP\AppData\Roaming\Python\Python310\site-packages\django\template\base.py", line 1016, in render
    return SafeString("".join([node.render_annotated(context) for node in self]))
  File "C:\Users\HP\AppData\Roaming\Python\Python310\site-packages\django\template\base.py", line 1016, in <listcomp>
    return SafeString("".join([node.render_annotated(context) for node in self]))
  File "C:\Users\HP\AppData\Roaming\Python\Python310\site-packages\django\template\base.py", line 977, in render_annotated
    return self.render(context)
  File "C:\Users\HP\AppData\Roaming\Python\Python310\site-packages\django\template\loader_tags.py", line 65, in render
    result = block.nodelist.render(context)
  File "C:\Users\HP\AppData\Roaming\Python\Python310\site-packages\django\template\base.py", line 1016, in render
    return SafeString("".join([node.render_annotated(context) for node in self]))
  File "C:\Users\HP\AppData\Roaming\Python\Python310\site-packages\django\template\base.py", line 1016, in <listcomp>
    return SafeString("".join([node.render_annotated(context) for node in self]))
  File "C:\Users\HP\AppData\Roaming\Python\Python310\site-packages\django\template\base.py", line 977, in render_annotated
    return self.render(context)
  File "C:\Users\HP\AppData\Roaming\Python\Python310\site-packages\django\template\defaulttags.py", line 320, in render
    match = condition.eval(context)
  File "C:\Users\HP\AppData\Roaming\Python\Python310\site-packages\django\template\defaulttags.py", line 886, in eval
    return self.value.resolve(context, ignore_failures=True)
  File "C:\Users\HP\AppData\Roaming\Python\Python310\site-packages\django\template\base.py", line 722, in resolve
    obj = self.var.resolve(context)
  File "C:\Users\HP\AppData\Roaming\Python\Python310\site-packages\django\template\base.py", line 854, in resolve
    value = self._resolve_lookup(context)
  File "C:\Users\HP\AppData\Roaming\Python\Python310\site-packages\django\template\base.py", line 901, in _resolve_lookup
    current = getattr(current, bit)
  File "C:\Users\HP\AppData\Roaming\Python\Python310\site-packages\django\utils\functional.py", line 253, in inner
    return func(_wrapped, *args)
  File "C:\Users\HP\AppData\Roaming\Python\Python310\site-packages\django\db\models\fields\related_descriptors.py", line 523, in __get__
    rel_obj = self.get_queryset(instance=instance).get(**filter_args)
  File "C:\Users\HP\AppData\Roaming\Python\Python310\site-packages\django\db\models\query.py", line 629, in get
    num = len(clone)
  File "C:\Users\HP\AppData\Roaming\Python\Python310\site-packages\django\db\models\query.py", line 366, in __len__
    self._fetch_all()
  File "C:\Users\HP\AppData\Roaming\Python\Python310\site-packages\django\db\models\query.py", line 1949, in _fetch_all
    self._result_cache = list(self._iterable_class(self))
  File "C:\Users\HP\AppData\Roaming\Python\Python310\site-packages\django\db\models\query.py", line 91, in __iter__
    results = compiler.execute_sql(
  File "C:\Users\HP\AppData\Roaming\Python\Python310\site-packages\django\db\models\sql\compiler.py", line 1623, in execute_sql
    cursor.execute(sql, params)
  File "C:\Users\HP\AppData\Roaming\Python\Python310\site-packages\django\db\backends\utils.py", line 122, in execute
    return super().execute(sql, params)
  File "C:\Users\HP\AppData\Roaming\Python\Python310\site-packages\django\db\backends\utils.py", line 79, in execute
    return self._execute_with_wrappers(
  File "C:\Users\HP\AppData\Roaming\Python\Python310\site-packages\django\db\backends\utils.py", line 92, in _execute_with_wrappers
    return executor(sql, params, many, context)
  File "C:\Users\HP\AppData\Roaming\Python\Python310\site-packages\django\db\backends\utils.py", line 100, in _execute
    with self.db.wrap_database_errors:
  File "C:\Users\HP\AppData\Roaming\Python\Python310\site-packages\django\db\utils.py", line 91, in __exit__
    raise dj_exc_value.with_traceback(traceback) from exc_value
  File "C:\Users\HP\AppData\Roaming\Python\Python310\site-packages\django\db\backends\utils.py", line 105, in _execute
    return self.cursor.execute(sql, params)
  File "C:\Users\HP\AppData\Roaming\Python\Python310\site-packages\django\db\backends\sqlite3\base.py", line 360, in execute
    return super().execute(query, params)
django.db.utils.OperationalError: no such table: plag_userprofile
"GET /dashboard/ HTTP/1.1" 500 277093
Dashboard error for user 3: name 'user_role' is not defined
Unhandled exception: no such table: plag_userprofile
Traceback (most recent call last):
  File "D:\python\plagiarismcheckerextra\plag\views.py", line 96, in dashboard
    if user_role == 'admin':
NameError: name 'user_role' is not defined

During handling of the above exception, another exception occurred:

Traceback (most recent call last):
  File "C:\Users\HP\AppData\Roaming\Python\Python310\site-packages\django\template\base.py", line 891, in _resolve_lookup
    current = current[bit]
  File "C:\Users\HP\AppData\Roaming\Python\Python310\site-packages\django\utils\functional.py", line 253, in inner
    return func(_wrapped, *args)
TypeError: 'User' object is not subscriptable

During handling of the above exception, another exception occurred:

Traceback (most recent call last):
  File "C:\Users\HP\AppData\Roaming\Python\Python310\site-packages\django\db\models\fields\related_descriptors.py", line 516, in __get__
    rel_obj = self.related.get_cached_value(instance)
  File "C:\Users\HP\AppData\Roaming\Python\Python310\site-packages\django\db\models\fields\mixins.py", line 37, in get_cached_value
    return instance._state.fields_cache[self.cache_name]
KeyError: 'userprofile'

During handling of the above exception, another exception occurred:

Traceback (most recent call last):
  File "C:\Users\HP\AppData\Roaming\Python\Python310\site-packages\django\db\backends\utils.py", line 105, in _execute
    return self.cursor.execute(sql, params)
  File "C:\Users\HP\AppData\Roaming\Python\Python310\site-packages\django\db\backends\sqlite3\base.py", line 360, in execute
    return super().execute(query, params)
sqlite3.OperationalError: no such table: plag_userprofile

The above exception was the direct cause of the following exception:

Traceback (most recent call last):
  File "C:\Users\HP\AppData\Roaming\Python\Python310\site-packages\django\core\handlers\base.py", line 197, in _get_response
    response = wrapped_callback(request, *callback_args, **callback_kwargs)
  File "C:\Users\HP\AppData\Roaming\Python\Python310\site-packages\django\contrib\auth\decorators.py", line 59, in _view_wrapper
    return view_func(request, *args, **kwargs)
  File "D:\python\plagiarismcheckerextra\plag\views.py", line 150, in dashboard
    return render(request, "dashboard.html", context)
  File "C:\Users\HP\AppData\Roaming\Python\Python310\site-packages\django\shortcuts.py", line 25, in render
    content = loader.render_to_string(template_name, context, request, using=using)
  File "C:\Users\HP\AppData\Roaming\Python\Python310\site-packages\django\template\loader.py", line 62, in render_to_string
    return template.render(context, request)
  File "C:\Users\HP\AppData\Roaming\Python\Python310\site-packages\django\template\backends\django.py", line 107, in render
    return self.template.render(context)
  File "C:\Users\HP\AppData\Roaming\Python\Python310\site-packages\django\template\base.py", line 171, in render
    return self._render(context)
  File "C:\Users\HP\AppData\Roaming\Python\Python310\site-packages\django\template\base.py", line 163, in _render
    return self.nodelist.render(context)
  File "C:\Users\HP\AppData\Roaming\Python\Python310\site-packages\django\template\base.py", line 1016, in render
    return SafeString("".join([node.render_annotated(context) for node in self]))
  File "C:\Users\HP\AppData\Roaming\Python\Python310\site-packages\django\template\base.py", line 1016, in <listcomp>
    return SafeString("".join([node.render_annotated(context) for node in self]))
  File "C:\Users\HP\AppData\Roaming\Python\Python310\site-packages\django\template\base.py", line 977, in render_annotated
    return self.render(context)
  File "C:\Users\HP\AppData\Roaming\Python\Python310\site-packages\django\template\loader_tags.py", line 159, in render
    return compiled_parent._render(context)
  File "C:\Users\HP\AppData\Roaming\Python\Python310\site-packages\django\template\base.py", line 163, in _render
    return self.nodelist.render(context)
  File "C:\Users\HP\AppData\Roaming\Python\Python310\site-packages\django\template\base.py", line 1016, in render
    return SafeString("".join([node.render_annotated(context) for node in self]))
  File "C:\Users\HP\AppData\Roaming\Python\Python310\site-packages\django\template\base.py", line 1016, in <listcomp>
    return SafeString("".join([node.render_annotated(context) for node in self]))
  File "C:\Users\HP\AppData\Roaming\Python\Python310\site-packages\django\template\base.py", line 977, in render_annotated
    return self.render(context)
  File "C:\Users\HP\AppData\Roaming\Python\Python310\site-packages\django\template\loader_tags.py", line 65, in render
    result = block.nodelist.render(context)
  File "C:\Users\HP\AppData\Roaming\Python\Python310\site-packages\django\template\base.py", line 1016, in render
    return SafeString("".join([node.render_annotated(context) for node in self]))
  File "C:\Users\HP\AppData\Roaming\Python\Python310\site-packages\django\template\base.py", line 1016, in <listcomp>
    return SafeString("".join([node.render_annotated(context) for node in self]))
  File "C:\Users\HP\AppData\Roaming\Python\Python310\site-packages\django\template\base.py", line 977, in render_annotated
    return self.render(context)
  File "C:\Users\HP\AppData\Roaming\Python\Python310\site-packages\django\template\defaulttags.py", line 320, in render
    match = condition.eval(context)
  File "C:\Users\HP\AppData\Roaming\Python\Python310\site-packages\django\template\defaulttags.py", line 886, in eval
    return self.value.resolve(context, ignore_failures=True)
  File "C:\Users\HP\AppData\Roaming\Python\Python310\site-packages\django\template\base.py", line 722, in resolve
    obj = self.var.resolve(context)
  File "C:\Users\HP\AppData\Roaming\Python\Python310\site-packages\django\template\base.py", line 854, in resolve
    value = self._resolve_lookup(context)
  File "C:\Users\HP\AppData\Roaming\Python\Python310\site-packages\django\template\base.py", line 901, in _resolve_lookup
    current = getattr(current, bit)
  File "C:\Users\HP\AppData\Roaming\Python\Python310\site-packages\django\utils\functional.py", line 253, in inner
    return func(_wrapped, *args)
  File "C:\Users\HP\AppData\Roaming\Python\Python310\site-packages\django\db\models\fields\related_descriptors.py", line 523, in __get__
    rel_obj = self.get_queryset(instance=instance).get(**filter_args)
  File "C:\Users\HP\AppData\Roaming\Python\Python310\site-packages\django\db\models\query.py", line 629, in get
    num = len(clone)
  File "C:\Users\HP\AppData\Roaming\Python\Python310\site-packages\django\db\models\query.py", line 366, in __len__
    self._fetch_all()
  File "C:\Users\HP\AppData\Roaming\Python\Python310\site-packages\django\db\models\query.py", line 1949, in _fetch_all
    self._result_cache = list(self._iterable_class(self))
  File "C:\Users\HP\AppData\Roaming\Python\Python310\site-packages\django\db\models\query.py", line 91, in __iter__
    results = compiler.execute_sql(
  File "C:\Users\HP\AppData\Roaming\Python\Python310\site-packages\django\db\models\sql\compiler.py", line 1623, in execute_sql
    cursor.execute(sql, params)
  File "C:\Users\HP\AppData\Roaming\Python\Python310\site-packages\django\db\backends\utils.py", line 122, in execute
    return super().execute(sql, params)
  File "C:\Users\HP\AppData\Roaming\Python\Python310\site-packages\django\db\backends\utils.py", line 79, in execute
    return self._execute_with_wrappers(
  File "C:\Users\HP\AppData\Roaming\Python\Python310\site-packages\django\db\backends\utils.py", line 92, in _execute_with_wrappers
    return executor(sql, params, many, context)
  File "C:\Users\HP\AppData\Roaming\Python\Python310\site-packages\django\db\backends\utils.py", line 100, in _execute
    with self.db.wrap_database_errors:
  File "C:\Users\HP\AppData\Roaming\Python\Python310\site-packages\django\db\utils.py", line 91, in __exit__
    raise dj_exc_value.with_traceback(traceback) from exc_value
  File "C:\Users\HP\AppData\Roaming\Python\Python310\site-packages\django\db\backends\utils.py", line 105, in _execute
    return self.cursor.execute(sql, params)
  File "C:\Users\HP\AppData\Roaming\Python\Python310\site-packages\django\db\backends\sqlite3\base.py", line 360, in execute
    return super().execute(query, params)
django.db.utils.OperationalError: no such table: plag_userprofile
Internal Server Error: /dashboard/
Traceback (most recent call last):
  File "D:\python\plagiarismcheckerextra\plag\views.py", line 96, in dashboard
    if user_role == 'admin':
NameError: name 'user_role' is not defined

During handling of the above exception, another exception occurred:

Traceback (most recent call last):
  File "C:\Users\HP\AppData\Roaming\Python\Python310\site-packages\django\template\base.py", line 891, in _resolve_lookup
    current = current[bit]
  File "C:\Users\HP\AppData\Roaming\Python\Python310\site-packages\django\utils\functional.py", line 253, in inner
    return func(_wrapped, *args)
TypeError: 'User' object is not subscriptable

During handling of the above exception, another exception occurred:

Traceback (most recent call last):
  File "C:\Users\HP\AppData\Roaming\Python\Python310\site-packages\django\db\models\fields\related_descriptors.py", line 516, in __get__
    rel_obj = self.related.get_cached_value(instance)
  File "C:\Users\HP\AppData\Roaming\Python\Python310\site-packages\django\db\models\fields\mixins.py", line 37, in get_cached_value
    return instance._state.fields_cache[self.cache_name]
KeyError: 'userprofile'

During handling of the above exception, another exception occurred:

Traceback (most recent call last):
  File "C:\Users\HP\AppData\Roaming\Python\Python310\site-packages\django\db\backends\utils.py", line 105, in _execute
    return self.cursor.execute(sql, params)
  File "C:\Users\HP\AppData\Roaming\Python\Python310\site-packages\django\db\backends\sqlite3\base.py", line 360, in execute
    return super().execute(query, params)
sqlite3.OperationalError: no such table: plag_userprofile

The above exception was the direct cause of the following exception:

Traceback (most recent call last):
  File "C:\Users\HP\AppData\Roaming\Python\Python310\site-packages\django\core\handlers\exception.py", line 55, in inner
    response = get_response(request)
  File "C:\Users\HP\AppData\Roaming\Python\Python310\site-packages\django\core\handlers\base.py", line 197, in _get_response
    response = wrapped_callback(request, *callback_args, **callback_kwargs)
  File "C:\Users\HP\AppData\Roaming\Python\Python310\site-packages\django\contrib\auth\decorators.py", line 59, in _view_wrapper
    return view_func(request, *args, **kwargs)
  File "D:\python\plagiarismcheckerextra\plag\views.py", line 150, in dashboard
    return render(request, "dashboard.html", context)
  File "C:\Users\HP\AppData\Roaming\Python\Python310\site-packages\django\shortcuts.py", line 25, in render
    content = loader.render_to_string(template_name, context, request, using=using)
  File "C:\Users\HP\AppData\Roaming\Python\Python310\site-packages\django\template\loader.py", line 62, in render_to_string
    return template.render(context, request)
  File "C:\Users\HP\AppData\Roaming\Python\Python310\site-packages\django\template\backends\django.py", line 107, in render
    return self.template.render(context)
  File "C:\Users\HP\AppData\Roaming\Python\Python310\site-packages\django\template\base.py", line 171, in render
    return self._render(context)
  File "C:\Users\HP\AppData\Roaming\Python\Python310\site-packages\django\template\base.py", line 163, in _render
    return self.nodelist.render(context)
  File "C:\Users\HP\AppData\Roaming\Python\Python310\site-packages\django\template\base.py", line 1016, in render
    return SafeString("".join([node.render_annotated(context) for node in self]))
  File "C:\Users\HP\AppData\Roaming\Python\Python310\site-packages\django\template\base.py", line 1016, in <listcomp>
    return SafeString("".join([node.render_annotated(context) for node in self]))
  File "C:\Users\HP\AppData\Roaming\Python\Python310\site-packages\django\template\base.py", line 977, in render_annotated
    return self.render(context)
  File "C:\Users\HP\AppData\Roaming\Python\Python310\site-packages\django\template\loader_tags.py", line 159, in render
    return compiled_parent._render(context)
  File "C:\Users\HP\AppData\Roaming\Python\Python310\site-packages\django\template\base.py", line 163, in _render
    return self.nodelist.render(context)
  File "C:\Users\HP\AppData\Roaming\Python\Python310\site-packages\django\template\base.py", line 1016, in render
    return SafeString("".join([node.render_annotated(context) for node in self]))
  File "C:\Users\HP\AppData\Roaming\Python\Python310\site-packages\django\template\base.py", line 1016, in <listcomp>
    return SafeString("".join([node.render_annotated(context) for node in self]))
  File "C:\Users\HP\AppData\Roaming\Python\Python310\site-packages\django\template\base.py", line 977, in render_annotated
    return self.render(context)
  File "C:\Users\HP\AppData\Roaming\Python\Python310\site-packages\django\template\loader_tags.py", line 65, in render
    result = block.nodelist.render(context)
  File "C:\Users\HP\AppData\Roaming\Python\Python310\site-packages\django\template\base.py", line 1016, in render
    return SafeString("".join([node.render_annotated(context) for node in self]))
  File "C:\Users\HP\AppData\Roaming\Python\Python310\site-packages\django\template\base.py", line 1016, in <listcomp>
    return SafeString("".join([node.render_annotated(context) for node in self]))
  File "C:\Users\HP\AppData\Roaming\Python\Python310\site-packages\django\template\base.py", line 977, in render_annotated
    return self.render(context)
  File "C:\Users\HP\AppData\Roaming\Python\Python310\site-packages\django\template\defaulttags.py", line 320, in render
    match = condition.eval(context)
  File "C:\Users\HP\AppData\Roaming\Python\Python310\site-packages\django\template\defaulttags.py", line 886, in eval
    return self.value.resolve(context, ignore_failures=True)
  File "C:\Users\HP\AppData\Roaming\Python\Python310\site-packages\django\template\base.py", line 722, in resolve
    obj = self.var.resolve(context)
  File "C:\Users\HP\AppData\Roaming\Python\Python310\site-packages\django\template\base.py", line 854, in resolve
    value = self._resolve_lookup(context)
  File "C:\Users\HP\AppData\Roaming\Python\Python310\site-packages\django\template\base.py", line 901, in _resolve_lookup
    current = getattr(current, bit)
  File "C:\Users\HP\AppData\Roaming\Python\Python310\site-packages\django\utils\functional.py", line 253, in inner
    return func(_wrapped, *args)
  File "C:\Users\HP\AppData\Roaming\Python\Python310\site-packages\django\db\models\fields\related_descriptors.py", line 523, in __get__
    rel_obj = self.get_queryset(instance=instance).get(**filter_args)
  File "C:\Users\HP\AppData\Roaming\Python\Python310\site-packages\django\db\models\query.py", line 629, in get
    num = len(clone)
  File "C:\Users\HP\AppData\Roaming\Python\Python310\site-packages\django\db\models\query.py", line 366, in __len__
    self._fetch_all()
  File "C:\Users\HP\AppData\Roaming\Python\Python310\site-packages\django\db\models\query.py", line 1949, in _fetch_all
    self._result_cache = list(self._iterable_class(self))
  File "C:\Users\HP\AppData\Roaming\Python\Python310\site-packages\django\db\models\query.py", line 91, in __iter__
    results = compiler.execute_sql(
  File "C:\Users\HP\AppData\Roaming\Python\Python310\site-packages\django\db\models\sql\compiler.py", line 1623, in execute_sql
    cursor.execute(sql, params)
  File "C:\Users\HP\AppData\Roaming\Python\Python310\site-packages\django\db\backends\utils.py", line 122, in execute
    return super().execute(sql, params)
  File "C:\Users\HP\AppData\Roaming\Python\Python310\site-packages\django\db\backends\utils.py", line 79, in execute
    return self._execute_with_wrappers(
  File "C:\Users\HP\AppData\Roaming\Python\Python310\site-packages\django\db\backends\utils.py", line 92, in _execute_with_wrappers
    return executor(sql, params, many, context)
  File "C:\Users\HP\AppData\Roaming\Python\Python310\site-packages\django\db\backends\utils.py", line 100, in _execute
    with self.db.wrap_database_errors:
  File "C:\Users\HP\AppData\Roaming\Python\Python310\site-packages\django\db\utils.py", line 91, in __exit__
    raise dj_exc_value.with_traceback(traceback) from exc_value
  File "C:\Users\HP\AppData\Roaming\Python\Python310\site-packages\django\db\backends\utils.py", line 105, in _execute
    return self.cursor.execute(sql, params)
  File "C:\Users\HP\AppData\Roaming\Python\Python310\site-packages\django\db\backends\sqlite3\base.py", line 360, in execute
    return super().execute(query, params)
django.db.utils.OperationalError: no such table: plag_userprofile
"GET /dashboard/ HTTP/1.1" 500 277093
Dashboard error for user 3: name 'user_role' is not defined
Unhandled exception: no such table: plag_userprofile
Traceback (most recent call last):
  File "D:\python\plagiarismcheckerextra\plag\views.py", line 96, in dashboard
    if user_role == 'admin':
NameError: name 'user_role' is not defined

During handling of the above exception, another exception occurred:

Traceback (most recent call last):
  File "C:\Users\HP\AppData\Roaming\Python\Python310\site-packages\django\template\base.py", line 891, in _resolve_lookup
    current = current[bit]
  File "C:\Users\HP\AppData\Roaming\Python\Python310\site-packages\django\utils\functional.py", line 253, in inner
    return func(_wrapped, *args)
TypeError: 'User' object is not subscriptable

During handling of the above exception, another exception occurred:

Traceback (most recent call last):
  File "C:\Users\HP\AppData\Roaming\Python\Python310\site-packages\django\db\models\fields\related_descriptors.py", line 516, in __get__
    rel_obj = self.related.get_cached_value(instance)
  File "C:\Users\HP\AppData\Roaming\Python\Python310\site-packages\django\db\models\fields\mixins.py", line 37, in get_cached_value
    return instance._state.fields_cache[self.cache_name]
KeyError: 'userprofile'

During handling of the above exception, another exception occurred:

Traceback (most recent call last):
  File "C:\Users\HP\AppData\Roaming\Python\Python310\site-packages\django\db\backends\utils.py", line 105, in _execute
    return self.cursor.execute(sql, params)
  File "C:\Users\HP\AppData\Roaming\Python\Python310\site-packages\django\db\backends\sqlite3\base.py", line 360, in execute
    return super().execute(query, params)
sqlite3.OperationalError: no such table: plag_userprofile

The above exception was the direct cause of the following exception:

Traceback (most recent call last):
  File "C:\Users\HP\AppData\Roaming\Python\Python310\site-packages\django\core\handlers\base.py", line 197, in _get_response
    response = wrapped_callback(request, *callback_args, **callback_kwargs)
  File "C:\Users\HP\AppData\Roaming\Python\Python310\site-packages\django\contrib\auth\decorators.py", line 59, in _view_wrapper
    return view_func(request, *args, **kwargs)
  File "D:\python\plagiarismcheckerextra\plag\views.py", line 150, in dashboard
    return render(request, "dashboard.html", context)
  File "C:\Users\HP\AppData\Roaming\Python\Python310\site-packages\django\shortcuts.py", line 25, in render
    content = loader.render_to_string(template_name, context, request, using=using)
  File "C:\Users\HP\AppData\Roaming\Python\Python310\site-packages\django\template\loader.py", line 62, in render_to_string
    return template.render(context, request)
  File "C:\Users\HP\AppData\Roaming\Python\Python310\site-packages\django\template\backends\django.py", line 107, in render
    return self.template.render(context)
  File "C:\Users\HP\AppData\Roaming\Python\Python310\site-packages\django\template\base.py", line 171, in render
    return self._render(context)
  File "C:\Users\HP\AppData\Roaming\Python\Python310\site-packages\django\template\base.py", line 163, in _render
    return self.nodelist.render(context)
  File "C:\Users\HP\AppData\Roaming\Python\Python310\site-packages\django\template\base.py", line 1016, in render
    return SafeString("".join([node.render_annotated(context) for node in self]))
  File "C:\Users\HP\AppData\Roaming\Python\Python310\site-packages\django\template\base.py", line 1016, in <listcomp>
    return SafeString("".join([node.render_annotated(context) for node in self]))
  File "C:\Users\HP\AppData\Roaming\Python\Python310\site-packages\django\template\base.py", line 977, in render_annotated
    return self.render(context)
  File "C:\Users\HP\AppData\Roaming\Python\Python310\site-packages\django\template\loader_tags.py", line 159, in render
    return compiled_parent._render(context)
  File "C:\Users\HP\AppData\Roaming\Python\Python310\site-packages\django\template\base.py", line 163, in _render
    return self.nodelist.render(context)
  File "C:\Users\HP\AppData\Roaming\Python\Python310\site-packages\django\template\base.py", line 1016, in render
    return SafeString("".join([node.render_annotated(context) for node in self]))
  File "C:\Users\HP\AppData\Roaming\Python\Python310\site-packages\django\template\base.py", line 1016, in <listcomp>
    return SafeString("".join([node.render_annotated(context) for node in self]))
  File "C:\Users\HP\AppData\Roaming\Python\Python310\site-packages\django\template\base.py", line 977, in render_annotated
    return self.render(context)
  File "C:\Users\HP\AppData\Roaming\Python\Python310\site-packages\django\template\loader_tags.py", line 65, in render
    result = block.nodelist.render(context)
  File "C:\Users\HP\AppData\Roaming\Python\Python310\site-packages\django\template\base.py", line 1016, in render
    return SafeString("".join([node.render_annotated(context) for node in self]))
  File "C:\Users\HP\AppData\Roaming\Python\Python310\site-packages\django\template\base.py", line 1016, in <listcomp>
    return SafeString("".join([node.render_annotated(context) for node in self]))
  File "C:\Users\HP\AppData\Roaming\Python\Python310\site-packages\django\template\base.py", line 977, in render_annotated
    return self.render(context)
  File "C:\Users\HP\AppData\Roaming\Python\Python310\site-packages\django\template\defaulttags.py", line 320, in render
    match = condition.eval(context)
  File "C:\Users\HP\AppData\Roaming\Python\Python310\site-packages\django\template\defaulttags.py", line 886, in eval
    return self.value.resolve(context, ignore_failures=True)
  File "C:\Users\HP\AppData\Roaming\Python\Python310\site-packages\django\template\base.py", line 722, in resolve
    obj = self.var.resolve(context)
  File "C:\Users\HP\AppData\Roaming\Python\Python310\site-packages\django\template\base.py", line 854, in resolve
    value = self._resolve_lookup(context)
  File "C:\Users\HP\AppData\Roaming\Python\Python310\site-packages\django\template\base.py", line 901, in _resolve_lookup
    current = getattr(current, bit)
  File "C:\Users\HP\AppData\Roaming\Python\Python310\site-packages\django\utils\functional.py", line 253, in inner
    return func(_wrapped, *args)
  File "C:\Users\HP\AppData\Roaming\Python\Python310\site-packages\django\db\models\fields\related_descriptors.py", line 523, in __get__
    rel_obj = self.get_queryset(instance=instance).get(**filter_args)
  File "C:\Users\HP\AppData\Roaming\Python\Python310\site-packages\django\db\models\query.py", line 629, in get
    num = len(clone)
  File "C:\Users\HP\AppData\Roaming\Python\Python310\site-packages\django\db\models\query.py", line 366, in __len__
    self._fetch_all()
  File "C:\Users\HP\AppData\Roaming\Python\Python310\site-packages\django\db\models\query.py", line 1949, in _fetch_all
    self._result_cache = list(self._iterable_class(self))
  File "C:\Users\HP\AppData\Roaming\Python\Python310\site-packages\django\db\models\query.py", line 91, in __iter__
    results = compiler.execute_sql(
  File "C:\Users\HP\AppData\Roaming\Python\Python310\site-packages\django\db\models\sql\compiler.py", line 1623, in execute_sql
    cursor.execute(sql, params)
  File "C:\Users\HP\AppData\Roaming\Python\Python310\site-packages\django\db\backends\utils.py", line 122, in execute
    return super().execute(sql, params)
  File "C:\Users\HP\AppData\Roaming\Python\Python310\site-packages\django\db\backends\utils.py", line 79, in execute
    return self._execute_with_wrappers(
  File "C:\Users\HP\AppData\Roaming\Python\Python310\site-packages\django\db\backends\utils.py", line 92, in _execute_with_wrappers
    return executor(sql, params, many, context)
  File "C:\Users\HP\AppData\Roaming\Python\Python310\site-packages\django\db\backends\utils.py", line 100, in _execute
    with self.db.wrap_database_errors:
  File "C:\Users\HP\AppData\Roaming\Python\Python310\site-packages\django\db\utils.py", line 91, in __exit__
    raise dj_exc_value.with_traceback(traceback) from exc_value
  File "C:\Users\HP\AppData\Roaming\Python\Python310\site-packages\django\db\backends\utils.py", line 105, in _execute
    return self.cursor.execute(sql, params)
  File "C:\Users\HP\AppData\Roaming\Python\Python310\site-packages\django\db\backends\sqlite3\base.py", line 360, in execute
    return super().execute(query, params)
django.db.utils.OperationalError: no such table: plag_userprofile
Internal Server Error: /dashboard/
Traceback (most recent call last):
  File "D:\python\plagiarismcheckerextra\plag\views.py", line 96, in dashboard
    if user_role == 'admin':
NameError: name 'user_role' is not defined

During handling of the above exception, another exception occurred:

Traceback (most recent call last):
  File "C:\Users\HP\AppData\Roaming\Python\Python310\site-packages\django\template\base.py", line 891, in _resolve_lookup
    current = current[bit]
  File "C:\Users\HP\AppData\Roaming\Python\Python310\site-packages\django\utils\functional.py", line 253, in inner
    return func(_wrapped, *args)
TypeError: 'User' object is not subscriptable

During handling of the above exception, another exception occurred:

Traceback (most recent call last):
  File "C:\Users\HP\AppData\Roaming\Python\Python310\site-packages\django\db\models\fields\related_descriptors.py", line 516, in __get__
    rel_obj = self.related.get_cached_value(instance)
  File "C:\Users\HP\AppData\Roaming\Python\Python310\site-packages\django\db\models\fields\mixins.py", line 37, in get_cached_value
    return instance._state.fields_cache[self.cache_name]
KeyError: 'userprofile'

During handling of the above exception, another exception occurred:

Traceback (most recent call last):
  File "C:\Users\HP\AppData\Roaming\Python\Python310\site-packages\django\db\backends\utils.py", line 105, in _execute
    return self.cursor.execute(sql, params)
  File "C:\Users\HP\AppData\Roaming\Python\Python310\site-packages\django\db\backends\sqlite3\base.py", line 360, in execute
    return super().execute(query, params)
sqlite3.OperationalError: no such table: plag_userprofile

The above exception was the direct cause of the following exception:

Traceback (most recent call last):
  File "C:\Users\HP\AppData\Roaming\Python\Python310\site-packages\django\core\handlers\exception.py", line 55, in inner
    response = get_response(request)
  File "C:\Users\HP\AppData\Roaming\Python\Python310\site-packages\django\core\handlers\base.py", line 197, in _get_response
    response = wrapped_callback(request, *callback_args, **callback_kwargs)
  File "C:\Users\HP\AppData\Roaming\Python\Python310\site-packages\django\contrib\auth\decorators.py", line 59, in _view_wrapper
    return view_func(request, *args, **kwargs)
  File "D:\python\plagiarismcheckerextra\plag\views.py", line 150, in dashboard
    return render(request, "dashboard.html", context)
  File "C:\Users\HP\AppData\Roaming\Python\Python310\site-packages\django\shortcuts.py", line 25, in render
    content = loader.render_to_string(template_name, context, request, using=using)
  File "C:\Users\HP\AppData\Roaming\Python\Python310\site-packages\django\template\loader.py", line 62, in render_to_string
    return template.render(context, request)
  File "C:\Users\HP\AppData\Roaming\Python\Python310\site-packages\django\template\backends\django.py", line 107, in render
    return self.template.render(context)
  File "C:\Users\HP\AppData\Roaming\Python\Python310\site-packages\django\template\base.py", line 171, in render
    return self._render(context)
  File "C:\Users\HP\AppData\Roaming\Python\Python310\site-packages\django\template\base.py", line 163, in _render
    return self.nodelist.render(context)
  File "C:\Users\HP\AppData\Roaming\Python\Python310\site-packages\django\template\base.py", line 1016, in render
    return SafeString("".join([node.render_annotated(context) for node in self]))
  File "C:\Users\HP\AppData\Roaming\Python\Python310\site-packages\django\template\base.py", line 1016, in <listcomp>
    return SafeString("".join([node.render_annotated(context) for node in self]))
  File "C:\Users\HP\AppData\Roaming\Python\Python310\site-packages\django\template\base.py", line 977, in render_annotated
    return self.render(context)
  File "C:\Users\HP\AppData\Roaming\Python\Python310\site-packages\django\template\loader_tags.py", line 159, in render
    return compiled_parent._render(context)
  File "C:\Users\HP\AppData\Roaming\Python\Python310\site-packages\django\template\base.py", line 163, in _render
    return self.nodelist.render(context)
  File "C:\Users\HP\AppData\Roaming\Python\Python310\site-packages\django\template\base.py", line 1016, in render
    return SafeString("".join([node.render_annotated(context) for node in self]))
  File "C:\Users\HP\AppData\Roaming\Python\Python310\site-packages\django\template\base.py", line 1016, in <listcomp>
    return SafeString("".join([node.render_annotated(context) for node in self]))
  File "C:\Users\HP\AppData\Roaming\Python\Python310\site-packages\django\template\base.py", line 977, in render_annotated
    return self.render(context)
  File "C:\Users\HP\AppData\Roaming\Python\Python310\site-packages\django\template\loader_tags.py", line 65, in render
    result = block.nodelist.render(context)
  File "C:\Users\HP\AppData\Roaming\Python\Python310\site-packages\django\template\base.py", line 1016, in render
    return SafeString("".join([node.render_annotated(context) for node in self]))
  File "C:\Users\HP\AppData\Roaming\Python\Python310\site-packages\django\template\base.py", line 1016, in <listcomp>
    return SafeString("".join([node.render_annotated(context) for node in self]))
  File "C:\Users\HP\AppData\Roaming\Python\Python310\site-packages\django\template\base.py", line 977, in render_annotated
    return self.render(context)
  File "C:\Users\HP\AppData\Roaming\Python\Python310\site-packages\django\template\defaulttags.py", line 320, in render
    match = condition.eval(context)
  File "C:\Users\HP\AppData\Roaming\Python\Python310\site-packages\django\template\defaulttags.py", line 886, in eval
    return self.value.resolve(context, ignore_failures=True)
  File "C:\Users\HP\AppData\Roaming\Python\Python310\site-packages\django\template\base.py", line 722, in resolve
    obj = self.var.resolve(context)
  File "C:\Users\HP\AppData\Roaming\Python\Python310\site-packages\django\template\base.py", line 854, in resolve
    value = self._resolve_lookup(context)
  File "C:\Users\HP\AppData\Roaming\Python\Python310\site-packages\django\template\base.py", line 901, in _resolve_lookup
    current = getattr(current, bit)
  File "C:\Users\HP\AppData\Roaming\Python\Python310\site-packages\django\utils\functional.py", line 253, in inner
    return func(_wrapped, *args)
  File "C:\Users\HP\AppData\Roaming\Python\Python310\site-packages\django\db\models\fields\related_descriptors.py", line 523, in __get__
    rel_obj = self.get_queryset(instance=instance).get(**filter_args)
  File "C:\Users\HP\AppData\Roaming\Python\Python310\site-packages\django\db\models\query.py", line 629, in get
    num = len(clone)
  File "C:\Users\HP\AppData\Roaming\Python\Python310\site-packages\django\db\models\query.py", line 366, in __len__
    self._fetch_all()
  File "C:\Users\HP\AppData\Roaming\Python\Python310\site-packages\django\db\models\query.py", line 1949, in _fetch_all
    self._result_cache = list(self._iterable_class(self))
  File "C:\Users\HP\AppData\Roaming\Python\Python310\site-packages\django\db\models\query.py", line 91, in __iter__
    results = compiler.execute_sql(
  File "C:\Users\HP\AppData\Roaming\Python\Python310\site-packages\django\db\models\sql\compiler.py", line 1623, in execute_sql
    cursor.execute(sql, params)
  File "C:\Users\HP\AppData\Roaming\Python\Python310\site-packages\django\db\backends\utils.py", line 122, in execute
    return super().execute(sql, params)
  File "C:\Users\HP\AppData\Roaming\Python\Python310\site-packages\django\db\backends\utils.py", line 79, in execute
    return self._execute_with_wrappers(
  File "C:\Users\HP\AppData\Roaming\Python\Python310\site-packages\django\db\backends\utils.py", line 92, in _execute_with_wrappers
    return executor(sql, params, many, context)
  File "C:\Users\HP\AppData\Roaming\Python\Python310\site-packages\django\db\backends\utils.py", line 100, in _execute
    with self.db.wrap_database_errors:
  File "C:\Users\HP\AppData\Roaming\Python\Python310\site-packages\django\db\utils.py", line 91, in __exit__
    raise dj_exc_value.with_traceback(traceback) from exc_value
  File "C:\Users\HP\AppData\Roaming\Python\Python310\site-packages\django\db\backends\utils.py", line 105, in _execute
    return self.cursor.execute(sql, params)
  File "C:\Users\HP\AppData\Roaming\Python\Python310\site-packages\django\db\backends\sqlite3\base.py", line 360, in execute
    return super().execute(query, params)
django.db.utils.OperationalError: no such table: plag_userprofile
"GET /dashboard/ HTTP/1.1" 500 277093
Dashboard error for user 3: name 'user_role' is not defined
Unhandled exception: no such table: plag_userprofile
Traceback (most recent call last):
  File "D:\python\plagiarismcheckerextra\plag\views.py", line 96, in dashboard
    if user_role == 'admin':
NameError: name 'user_role' is not defined

During handling of the above exception, another exception occurred:

Traceback (most recent call last):
  File "C:\Users\HP\AppData\Roaming\Python\Python310\site-packages\django\template\base.py", line 891, in _resolve_lookup
    current = current[bit]
  File "C:\Users\HP\AppData\Roaming\Python\Python310\site-packages\django\utils\functional.py", line 253, in inner
    return func(_wrapped, *args)
TypeError: 'User' object is not subscriptable

During handling of the above exception, another exception occurred:

Traceback (most recent call last):
  File "C:\Users\HP\AppData\Roaming\Python\Python310\site-packages\django\db\models\fields\related_descriptors.py", line 516, in __get__
    rel_obj = self.related.get_cached_value(instance)
  File "C:\Users\HP\AppData\Roaming\Python\Python310\site-packages\django\db\models\fields\mixins.py", line 37, in get_cached_value
    return instance._state.fields_cache[self.cache_name]
KeyError: 'userprofile'

During handling of the above exception, another exception occurred:

Traceback (most recent call last):
  File "C:\Users\HP\AppData\Roaming\Python\Python310\site-packages\django\db\backends\utils.py", line 105, in _execute
    return self.cursor.execute(sql, params)
  File "C:\Users\HP\AppData\Roaming\Python\Python310\site-packages\django\db\backends\sqlite3\base.py", line 360, in execute
    return super().execute(query, params)
sqlite3.OperationalError: no such table: plag_userprofile

The above exception was the direct cause of the following exception:

Traceback (most recent call last):
  File "C:\Users\HP\AppData\Roaming\Python\Python310\site-packages\django\core\handlers\base.py", line 197, in _get_response
    response = wrapped_callback(request, *callback_args, **callback_kwargs)
  File "C:\Users\HP\AppData\Roaming\Python\Python310\site-packages\django\contrib\auth\decorators.py", line 59, in _view_wrapper
    return view_func(request, *args, **kwargs)
  File "D:\python\plagiarismcheckerextra\plag\views.py", line 150, in dashboard
    return render(request, "dashboard.html", context)
  File "C:\Users\HP\AppData\Roaming\Python\Python310\site-packages\django\shortcuts.py", line 25, in render
    content = loader.render_to_string(template_name, context, request, using=using)
  File "C:\Users\HP\AppData\Roaming\Python\Python310\site-packages\django\template\loader.py", line 62, in render_to_string
    return template.render(context, request)
  File "C:\Users\HP\AppData\Roaming\Python\Python310\site-packages\django\template\backends\django.py", line 107, in render
    return self.template.render(context)
  File "C:\Users\HP\AppData\Roaming\Python\Python310\site-packages\django\template\base.py", line 171, in render
    return self._render(context)
  File "C:\Users\HP\AppData\Roaming\Python\Python310\site-packages\django\template\base.py", line 163, in _render
    return self.nodelist.render(context)
  File "C:\Users\HP\AppData\Roaming\Python\Python310\site-packages\django\template\base.py", line 1016, in render
    return SafeString("".join([node.render_annotated(context) for node in self]))
  File "C:\Users\HP\AppData\Roaming\Python\Python310\site-packages\django\template\base.py", line 1016, in <listcomp>
    return SafeString("".join([node.render_annotated(context) for node in self]))
  File "C:\Users\HP\AppData\Roaming\Python\Python310\site-packages\django\template\base.py", line 977, in render_annotated
    return self.render(context)
  File "C:\Users\HP\AppData\Roaming\Python\Python310\site-packages\django\template\loader_tags.py", line 159, in render
    return compiled_parent._render(context)
  File "C:\Users\HP\AppData\Roaming\Python\Python310\site-packages\django\template\base.py", line 163, in _render
    return self.nodelist.render(context)
  File "C:\Users\HP\AppData\Roaming\Python\Python310\site-packages\django\template\base.py", line 1016, in render
    return SafeString("".join([node.render_annotated(context) for node in self]))
  File "C:\Users\HP\AppData\Roaming\Python\Python310\site-packages\django\template\base.py", line 1016, in <listcomp>
    return SafeString("".join([node.render_annotated(context) for node in self]))
  File "C:\Users\HP\AppData\Roaming\Python\Python310\site-packages\django\template\base.py", line 977, in render_annotated
    return self.render(context)
  File "C:\Users\HP\AppData\Roaming\Python\Python310\site-packages\django\template\loader_tags.py", line 65, in render
    result = block.nodelist.render(context)
  File "C:\Users\HP\AppData\Roaming\Python\Python310\site-packages\django\template\base.py", line 1016, in render
    return SafeString("".join([node.render_annotated(context) for node in self]))
  File "C:\Users\HP\AppData\Roaming\Python\Python310\site-packages\django\template\base.py", line 1016, in <listcomp>
    return SafeString("".join([node.render_annotated(context) for node in self]))
  File "C:\Users\HP\AppData\Roaming\Python\Python310\site-packages\django\template\base.py", line 977, in render_annotated
    return self.render(context)
  File "C:\Users\HP\AppData\Roaming\Python\Python310\site-packages\django\template\defaulttags.py", line 320, in render
    match = condition.eval(context)
  File "C:\Users\HP\AppData\Roaming\Python\Python310\site-packages\django\template\defaulttags.py", line 886, in eval
    return self.value.resolve(context, ignore_failures=True)
  File "C:\Users\HP\AppData\Roaming\Python\Python310\site-packages\django\template\base.py", line 722, in resolve
    obj = self.var.resolve(context)
  File "C:\Users\HP\AppData\Roaming\Python\Python310\site-packages\django\template\base.py", line 854, in resolve
    value = self._resolve_lookup(context)
  File "C:\Users\HP\AppData\Roaming\Python\Python310\site-packages\django\template\base.py", line 901, in _resolve_lookup
    current = getattr(current, bit)
  File "C:\Users\HP\AppData\Roaming\Python\Python310\site-packages\django\utils\functional.py", line 253, in inner
    return func(_wrapped, *args)
  File "C:\Users\HP\AppData\Roaming\Python\Python310\site-packages\django\db\models\fields\related_descriptors.py", line 523, in __get__
    rel_obj = self.get_queryset(instance=instance).get(**filter_args)
  File "C:\Users\HP\AppData\Roaming\Python\Python310\site-packages\django\db\models\query.py", line 629, in get
    num = len(clone)
  File "C:\Users\HP\AppData\Roaming\Python\Python310\site-packages\django\db\models\query.py", line 366, in __len__
    self._fetch_all()
  File "C:\Users\HP\AppData\Roaming\Python\Python310\site-packages\django\db\models\query.py", line 1949, in _fetch_all
    self._result_cache = list(self._iterable_class(self))
  File "C:\Users\HP\AppData\Roaming\Python\Python310\site-packages\django\db\models\query.py", line 91, in __iter__
    results = compiler.execute_sql(
  File "C:\Users\HP\AppData\Roaming\Python\Python310\site-packages\django\db\models\sql\compiler.py", line 1623, in execute_sql
    cursor.execute(sql, params)
  File "C:\Users\HP\AppData\Roaming\Python\Python310\site-packages\django\db\backends\utils.py", line 122, in execute
    return super().execute(sql, params)
  File "C:\Users\HP\AppData\Roaming\Python\Python310\site-packages\django\db\backends\utils.py", line 79, in execute
    return self._execute_with_wrappers(
  File "C:\Users\HP\AppData\Roaming\Python\Python310\site-packages\django\db\backends\utils.py", line 92, in _execute_with_wrappers
    return executor(sql, params, many, context)
  File "C:\Users\HP\AppData\Roaming\Python\Python310\site-packages\django\db\backends\utils.py", line 100, in _execute
    with self.db.wrap_database_errors:
  File "C:\Users\HP\AppData\Roaming\Python\Python310\site-packages\django\db\utils.py", line 91, in __exit__
    raise dj_exc_value.with_traceback(traceback) from exc_value
  File "C:\Users\HP\AppData\Roaming\Python\Python310\site-packages\django\db\backends\utils.py", line 105, in _execute
    return self.cursor.execute(sql, params)
  File "C:\Users\HP\AppData\Roaming\Python\Python310\site-packages\django\db\backends\sqlite3\base.py", line 360, in execute
    return super().execute(query, params)
django.db.utils.OperationalError: no such table: plag_userprofile
Internal Server Error: /dashboard/
Traceback (most recent call last):
  File "D:\python\plagiarismcheckerextra\plag\views.py", line 96, in dashboard
    if user_role == 'admin':
NameError: name 'user_role' is not defined

During handling of the above exception, another exception occurred:

Traceback (most recent call last):
  File "C:\Users\HP\AppData\Roaming\Python\Python310\site-packages\django\template\base.py", line 891, in _resolve_lookup
    current = current[bit]
  File "C:\Users\HP\AppData\Roaming\Python\Python310\site-packages\django\utils\functional.py", line 253, in inner
    return func(_wrapped, *args)
TypeError: 'User' object is not subscriptable

During handling of the above exception, another exception occurred:

Traceback (most recent call last):
  File "C:\Users\HP\AppData\Roaming\Python\Python310\site-packages\django\db\models\fields\related_descriptors.py", line 516, in __get__
    rel_obj = self.related.get_cached_value(instance)
  File "C:\Users\HP\AppData\Roaming\Python\Python310\site-packages\django\db\models\fields\mixins.py", line 37, in get_cached_value
    return instance._state.fields_cache[self.cache_name]
KeyError: 'userprofile'

During handling of the above exception, another exception occurred:

Traceback (most recent call last):
  File "C:\Users\HP\AppData\Roaming\Python\Python310\site-packages\django\db\backends\utils.py", line 105, in _execute
    return self.cursor.execute(sql, params)
  File "C:\Users\HP\AppData\Roaming\Python\Python310\site-packages\django\db\backends\sqlite3\base.py", line 360, in execute
    return super().execute(query, params)
sqlite3.OperationalError: no such table: plag_userprofile

The above exception was the direct cause of the following exception:

Traceback (most recent call last):
  File "C:\Users\HP\AppData\Roaming\Python\Python310\site-packages\django\core\handlers\exception.py", line 55, in inner
    response = get_response(request)
  File "C:\Users\HP\AppData\Roaming\Python\Python310\site-packages\django\core\handlers\base.py", line 197, in _get_response
    response = wrapped_callback(request, *callback_args, **callback_kwargs)
  File "C:\Users\HP\AppData\Roaming\Python\Python310\site-packages\django\contrib\auth\decorators.py", line 59, in _view_wrapper
    return view_func(request, *args, **kwargs)
  File "D:\python\plagiarismcheckerextra\plag\views.py", line 150, in dashboard
    return render(request, "dashboard.html", context)
  File "C:\Users\HP\AppData\Roaming\Python\Python310\site-packages\django\shortcuts.py", line 25, in render
    content = loader.render_to_string(template_name, context, request, using=using)
  File "C:\Users\HP\AppData\Roaming\Python\Python310\site-packages\django\template\loader.py", line 62, in render_to_string
    return template.render(context, request)
  File "C:\Users\HP\AppData\Roaming\Python\Python310\site-packages\django\template\backends\django.py", line 107, in render
    return self.template.render(context)
  File "C:\Users\HP\AppData\Roaming\Python\Python310\site-packages\django\template\base.py", line 171, in render
    return self._render(context)
  File "C:\Users\HP\AppData\Roaming\Python\Python310\site-packages\django\template\base.py", line 163, in _render
    return self.nodelist.render(context)
  File "C:\Users\HP\AppData\Roaming\Python\Python310\site-packages\django\template\base.py", line 1016, in render
    return SafeString("".join([node.render_annotated(context) for node in self]))
  File "C:\Users\HP\AppData\Roaming\Python\Python310\site-packages\django\template\base.py", line 1016, in <listcomp>
    return SafeString("".join([node.render_annotated(context) for node in self]))
  File "C:\Users\HP\AppData\Roaming\Python\Python310\site-packages\django\template\base.py", line 977, in render_annotated
    return self.render(context)
  File "C:\Users\HP\AppData\Roaming\Python\Python310\site-packages\django\template\loader_tags.py", line 159, in render
    return compiled_parent._render(context)
  File "C:\Users\HP\AppData\Roaming\Python\Python310\site-packages\django\template\base.py", line 163, in _render
    return self.nodelist.render(context)
  File "C:\Users\HP\AppData\Roaming\Python\Python310\site-packages\django\template\base.py", line 1016, in render
    return SafeString("".join([node.render_annotated(context) for node in self]))
  File "C:\Users\HP\AppData\Roaming\Python\Python310\site-packages\django\template\base.py", line 1016, in <listcomp>
    return SafeString("".join([node.render_annotated(context) for node in self]))
  File "C:\Users\HP\AppData\Roaming\Python\Python310\site-packages\django\template\base.py", line 977, in render_annotated
    return self.render(context)
  File "C:\Users\HP\AppData\Roaming\Python\Python310\site-packages\django\template\loader_tags.py", line 65, in render
    result = block.nodelist.render(context)
  File "C:\Users\HP\AppData\Roaming\Python\Python310\site-packages\django\template\base.py", line 1016, in render
    return SafeString("".join([node.render_annotated(context) for node in self]))
  File "C:\Users\HP\AppData\Roaming\Python\Python310\site-packages\django\template\base.py", line 1016, in <listcomp>
    return SafeString("".join([node.render_annotated(context) for node in self]))
  File "C:\Users\HP\AppData\Roaming\Python\Python310\site-packages\django\template\base.py", line 977, in render_annotated
    return self.render(context)
  File "C:\Users\HP\AppData\Roaming\Python\Python310\site-packages\django\template\defaulttags.py", line 320, in render
    match = condition.eval(context)
  File "C:\Users\HP\AppData\Roaming\Python\Python310\site-packages\django\template\defaulttags.py", line 886, in eval
    return self.value.resolve(context, ignore_failures=True)
  File "C:\Users\HP\AppData\Roaming\Python\Python310\site-packages\django\template\base.py", line 722, in resolve
    obj = self.var.resolve(context)
  File "C:\Users\HP\AppData\Roaming\Python\Python310\site-packages\django\template\base.py", line 854, in resolve
    value = self._resolve_lookup(context)
  File "C:\Users\HP\AppData\Roaming\Python\Python310\site-packages\django\template\base.py", line 901, in _resolve_lookup
    current = getattr(current, bit)
  File "C:\Users\HP\AppData\Roaming\Python\Python310\site-packages\django\utils\functional.py", line 253, in inner
    return func(_wrapped, *args)
  File "C:\Users\HP\AppData\Roaming\Python\Python310\site-packages\django\db\models\fields\related_descriptors.py", line 523, in __get__
    rel_obj = self.get_queryset(instance=instance).get(**filter_args)
  File "C:\Users\HP\AppData\Roaming\Python\Python310\site-packages\django\db\models\query.py", line 629, in get
    num = len(clone)
  File "C:\Users\HP\AppData\Roaming\Python\Python310\site-packages\django\db\models\query.py", line 366, in __len__
    self._fetch_all()
  File "C:\Users\HP\AppData\Roaming\Python\Python310\site-packages\django\db\models\query.py", line 1949, in _fetch_all
    self._result_cache = list(self._iterable_class(self))
  File "C:\Users\HP\AppData\Roaming\Python\Python310\site-packages\django\db\models\query.py", line 91, in __iter__
    results = compiler.execute_sql(
  File "C:\Users\HP\AppData\Roaming\Python\Python310\site-packages\django\db\models\sql\compiler.py", line 1623, in execute_sql
    cursor.execute(sql, params)
  File "C:\Users\HP\AppData\Roaming\Python\Python310\site-packages\django\db\backends\utils.py", line 122, in execute
    return super().execute(sql, params)
  File "C:\Users\HP\AppData\Roaming\Python\Python310\site-packages\django\db\backends\utils.py", line 79, in execute
    return self._execute_with_wrappers(
  File "C:\Users\HP\AppData\Roaming\Python\Python310\site-packages\django\db\backends\utils.py", line 92, in _execute_with_wrappers
    return executor(sql, params, many, context)
  File "C:\Users\HP\AppData\Roaming\Python\Python310\site-packages\django\db\backends\utils.py", line 100, in _execute
    with self.db.wrap_database_errors:
  File "C:\Users\HP\AppData\Roaming\Python\Python310\site-packages\django\db\utils.py", line 91, in __exit__
    raise dj_exc_value.with_traceback(traceback) from exc_value
  File "C:\Users\HP\AppData\Roaming\Python\Python310\site-packages\django\db\backends\utils.py", line 105, in _execute
    return self.cursor.execute(sql, params)
  File "C:\Users\HP\AppData\Roaming\Python\Python310\site-packages\django\db\backends\sqlite3\base.py", line 360, in execute
    return super().execute(query, params)
django.db.utils.OperationalError: no such table: plag_userprofile
"GET /dashboard/ HTTP/1.1" 500 276826
Listen error: no such table: plag_userprofile
Unhandled exception: no such table: plag_userprofile
Traceback (most recent call last):
  File "C:\Users\HP\AppData\Roaming\Python\Python310\site-packages\django\template\base.py", line 891, in _resolve_lookup
    current = current[bit]
  File "C:\Users\HP\AppData\Roaming\Python\Python310\site-packages\django\utils\functional.py", line 253, in inner
    return func(_wrapped, *args)
TypeError: 'User' object is not subscriptable

During handling of the above exception, another exception occurred:

Traceback (most recent call last):
  File "C:\Users\HP\AppData\Roaming\Python\Python310\site-packages\django\db\models\fields\related_descriptors.py", line 516, in __get__
    rel_obj = self.related.get_cached_value(instance)
  File "C:\Users\HP\AppData\Roaming\Python\Python310\site-packages\django\db\models\fields\mixins.py", line 37, in get_cached_value
    return instance._state.fields_cache[self.cache_name]
KeyError: 'userprofile'

During handling of the above exception, another exception occurred:

Traceback (most recent call last):
  File "C:\Users\HP\AppData\Roaming\Python\Python310\site-packages\django\db\backends\utils.py", line 105, in _execute
    return self.cursor.execute(sql, params)
  File "C:\Users\HP\AppData\Roaming\Python\Python310\site-packages\django\db\backends\sqlite3\base.py", line 360, in execute
    return super().execute(query, params)
sqlite3.OperationalError: no such table: plag_userprofile

The above exception was the direct cause of the following exception:

Traceback (most recent call last):
  File "D:\python\plagiarismcheckerextra\plag\views.py", line 600, in listen
    return render(request, "listen.html", context)
  File "C:\Users\HP\AppData\Roaming\Python\Python310\site-packages\django\shortcuts.py", line 25, in render
    content = loader.render_to_string(template_name, context, request, using=using)
  File "C:\Users\HP\AppData\Roaming\Python\Python310\site-packages\django\template\loader.py", line 62, in render_to_string
    return template.render(context, request)
  File "C:\Users\HP\AppData\Roaming\Python\Python310\site-packages\django\template\backends\django.py", line 107, in render
    return self.template.render(context)
  File "C:\Users\HP\AppData\Roaming\Python\Python310\site-packages\django\template\base.py", line 171, in render
    return self._render(context)
  File "C:\Users\HP\AppData\Roaming\Python\Python310\site-packages\django\template\base.py", line 163, in _render
    return self.nodelist.render(context)
  File "C:\Users\HP\AppData\Roaming\Python\Python310\site-packages\django\template\base.py", line 1016, in render
    return SafeString("".join([node.render_annotated(context) for node in self]))
  File "C:\Users\HP\AppData\Roaming\Python\Python310\site-packages\django\template\base.py", line 1016, in <listcomp>
    return SafeString("".join([node.render_annotated(context) for node in self]))
  File "C:\Users\HP\AppData\Roaming\Python\Python310\site-packages\django\template\base.py", line 977, in render_annotated
    return self.render(context)
  File "C:\Users\HP\AppData\Roaming\Python\Python310\site-packages\django\template\loader_tags.py", line 159, in render
    return compiled_parent._render(context)
  File "C:\Users\HP\AppData\Roaming\Python\Python310\site-packages\django\template\base.py", line 163, in _render
    return self.nodelist.render(context)
  File "C:\Users\HP\AppData\Roaming\Python\Python310\site-packages\django\template\base.py", line 1016, in render
    return SafeString("".join([node.render_annotated(context) for node in self]))
  File "C:\Users\HP\AppData\Roaming\Python\Python310\site-packages\django\template\base.py", line 1016, in <listcomp>
    return SafeString("".join([node.render_annotated(context) for node in self]))
  File "C:\Users\HP\AppData\Roaming\Python\Python310\site-packages\django\template\base.py", line 977, in render_annotated
    return self.render(context)
  File "C:\Users\HP\AppData\Roaming\Python\Python310\site-packages\django\template\loader_tags.py", line 65, in render
    result = block.nodelist.render(context)
  File "C:\Users\HP\AppData\Roaming\Python\Python310\site-packages\django\template\base.py", line 1016, in render
    return SafeString("".join([node.render_annotated(context) for node in self]))
  File "C:\Users\HP\AppData\Roaming\Python\Python310\site-packages\django\template\base.py", line 1016, in <listcomp>
    return SafeString("".join([node.render_annotated(context) for node in self]))
  File "C:\Users\HP\AppData\Roaming\Python\Python310\site-packages\django\template\base.py", line 977, in render_annotated
    return self.render(context)
  File "C:\Users\HP\AppData\Roaming\Python\Python310\site-packages\django\template\defaulttags.py", line 320, in render
    match = condition.eval(context)
  File "C:\Users\HP\AppData\Roaming\Python\Python310\site-packages\django\template\defaulttags.py", line 886, in eval
    return self.value.resolve(context, ignore_failures=True)
  File "C:\Users\HP\AppData\Roaming\Python\Python310\site-packages\django\template\base.py", line 722, in resolve
    obj = self.var.resolve(context)
  File "C:\Users\HP\AppData\Roaming\Python\Python310\site-packages\django\template\base.py", line 854, in resolve
    value = self._resolve_lookup(context)
  File "C:\Users\HP\AppData\Roaming\Python\Python310\site-packages\django\template\base.py", line 901, in _resolve_lookup
    current = getattr(current, bit)
  File "C:\Users\HP\AppData\Roaming\Python\Python310\site-packages\django\utils\functional.py", line 253, in inner
    return func(_wrapped, *args)
  File "C:\Users\HP\AppData\Roaming\Python\Python310\site-packages\django\db\models\fields\related_descriptors.py", line 523, in __get__
    rel_obj = self.get_queryset(instance=instance).get(**filter_args)
  File "C:\Users\HP\AppData\Roaming\Python\Python310\site-packages\django\db\models\query.py", line 629, in get
    num = len(clone)
  File "C:\Users\HP\AppData\Roaming\Python\Python310\site-packages\django\db\models\query.py", line 366, in __len__
    self._fetch_all()
  File "C:\Users\HP\AppData\Roaming\Python\Python310\site-packages\django\db\models\query.py", line 1949, in _fetch_all
    self._result_cache = list(self._iterable_class(self))
  File "C:\Users\HP\AppData\Roaming\Python\Python310\site-packages\django\db\models\query.py", line 91, in __iter__
    results = compiler.execute_sql(
  File "C:\Users\HP\AppData\Roaming\Python\Python310\site-packages\django\db\models\sql\compiler.py", line 1623, in execute_sql
    cursor.execute(sql, params)
  File "C:\Users\HP\AppData\Roaming\Python\Python310\site-packages\django\db\backends\utils.py", line 122, in execute
    return super().execute(sql, params)
  File "C:\Users\HP\AppData\Roaming\Python\Python310\site-packages\django\db\backends\utils.py", line 79, in execute
    return self._execute_with_wrappers(
  File "C:\Users\HP\AppData\Roaming\Python\Python310\site-packages\django\db\backends\utils.py", line 92, in _execute_with_wrappers
    return executor(sql, params, many, context)
  File "C:\Users\HP\AppData\Roaming\Python\Python310\site-packages\django\db\backends\utils.py", line 100, in _execute
    with self.db.wrap_database_errors:
  File "C:\Users\HP\AppData\Roaming\Python\Python310\site-packages\django\db\utils.py", line 91, in __exit__
    raise dj_exc_value.with_traceback(traceback) from exc_value
  File "C:\Users\HP\AppData\Roaming\Python\Python310\site-packages\django\db\backends\utils.py", line 105, in _execute
    return self.cursor.execute(sql, params)
  File "C:\Users\HP\AppData\Roaming\Python\Python310\site-packages\django\db\backends\sqlite3\base.py", line 360, in execute
    return super().execute(query, params)
django.db.utils.OperationalError: no such table: plag_userprofile

During handling of the above exception, another exception occurred:

Traceback (most recent call last):
  File "C:\Users\HP\AppData\Roaming\Python\Python310\site-packages\django\template\base.py", line 891, in _resolve_lookup
    current = current[bit]
  File "C:\Users\HP\AppData\Roaming\Python\Python310\site-packages\django\utils\functional.py", line 253, in inner
    return func(_wrapped, *args)
TypeError: 'User' object is not subscriptable

During handling of the above exception, another exception occurred:

Traceback (most recent call last):
  File "C:\Users\HP\AppData\Roaming\Python\Python310\site-packages\django\db\models\fields\related_descriptors.py", line 516, in __get__
    rel_obj = self.related.get_cached_value(instance)
  File "C:\Users\HP\AppData\Roaming\Python\Python310\site-packages\django\db\models\fields\mixins.py", line 37, in get_cached_value
    return instance._state.fields_cache[self.cache_name]
KeyError: 'userprofile'

During handling of the above exception, another exception occurred:

Traceback (most recent call last):
  File "C:\Users\HP\AppData\Roaming\Python\Python310\site-packages\django\db\backends\utils.py", line 105, in _execute
    return self.cursor.execute(sql, params)
  File "C:\Users\HP\AppData\Roaming\Python\Python310\site-packages\django\db\backends\sqlite3\base.py", line 360, in execute
    return super().execute(query, params)
sqlite3.OperationalError: no such table: plag_userprofile

The above exception was the direct cause of the following exception:

Traceback (most recent call last):
  File "C:\Users\HP\AppData\Roaming\Python\Python310\site-packages\django\core\handlers\base.py", line 197, in _get_response
    response = wrapped_callback(request, *callback_args, **callback_kwargs)
  File "C:\Users\HP\AppData\Roaming\Python\Python310\site-packages\django\contrib\auth\decorators.py", line 59, in _view_wrapper
    return view_func(request, *args, **kwargs)
  File "D:\python\plagiarismcheckerextra\plag\views.py", line 604, in listen
    return render(request, "listen.html", {'documents': [], 'text': ''})
  File "C:\Users\HP\AppData\Roaming\Python\Python310\site-packages\django\shortcuts.py", line 25, in render
    content = loader.render_to_string(template_name, context, request, using=using)
  File "C:\Users\HP\AppData\Roaming\Python\Python310\site-packages\django\template\loader.py", line 62, in render_to_string
    return template.render(context, request)
  File "C:\Users\HP\AppData\Roaming\Python\Python310\site-packages\django\template\backends\django.py", line 107, in render
    return self.template.render(context)
  File "C:\Users\HP\AppData\Roaming\Python\Python310\site-packages\django\template\base.py", line 171, in render
    return self._render(context)
  File "C:\Users\HP\AppData\Roaming\Python\Python310\site-packages\django\template\base.py", line 163, in _render
    return self.nodelist.render(context)
  File "C:\Users\HP\AppData\Roaming\Python\Python310\site-packages\django\template\base.py", line 1016, in render
    return SafeString("".join([node.render_annotated(context) for node in self]))
  File "C:\Users\HP\AppData\Roaming\Python\Python310\site-packages\django\template\base.py", line 1016, in <listcomp>
    return SafeString("".join([node.render_annotated(context) for node in self]))
  File "C:\Users\HP\AppData\Roaming\Python\Python310\site-packages\django\template\base.py", line 977, in render_annotated
    return self.render(context)
  File "C:\Users\HP\AppData\Roaming\Python\Python310\site-packages\django\template\loader_tags.py", line 159, in render
    return compiled_parent._render(context)
  File "C:\Users\HP\AppData\Roaming\Python\Python310\site-packages\django\template\base.py", line 163, in _render
    return self.nodelist.render(context)
  File "C:\Users\HP\AppData\Roaming\Python\Python310\site-packages\django\template\base.py", line 1016, in render
    return SafeString("".join([node.render_annotated(context) for node in self]))
  File "C:\Users\HP\AppData\Roaming\Python\Python310\site-packages\django\template\base.py", line 1016, in <listcomp>
    return SafeString("".join([node.render_annotated(context) for node in self]))
  File "C:\Users\HP\AppData\Roaming\Python\Python310\site-packages\django\template\base.py", line 977, in render_annotated
    return self.render(context)
  File "C:\Users\HP\AppData\Roaming\Python\Python310\site-packages\django\template\loader_tags.py", line 65, in render
    result = block.nodelist.render(context)
  File "C:\Users\HP\AppData\Roaming\Python\Python310\site-packages\django\template\base.py", line 1016, in render
    return SafeString("".join([node.render_annotated(context) for node in self]))
  File "C:\Users\HP\AppData\Roaming\Python\Python310\site-packages\django\template\base.py", line 1016, in <listcomp>
    return SafeString("".join([node.render_annotated(context) for node in self]))
  File "C:\Users\HP\AppData\Roaming\Python\Python310\site-packages\django\template\base.py", line 977, in render_annotated
    return self.render(context)
  File "C:\Users\HP\AppData\Roaming\Python\Python310\site-packages\django\template\defaulttags.py", line 320, in render
    match = condition.eval(context)
  File "C:\Users\HP\AppData\Roaming\Python\Python310\site-packages\django\template\defaulttags.py", line 886, in eval
    return self.value.resolve(context, ignore_failures=True)
  File "C:\Users\HP\AppData\Roaming\Python\Python310\site-packages\django\template\base.py", line 722, in resolve
    obj = self.var.resolve(context)
  File "C:\Users\HP\AppData\Roaming\Python\Python310\site-packages\django\template\base.py", line 854, in resolve
    value = self._resolve_lookup(context)
  File "C:\Users\HP\AppData\Roaming\Python\Python310\site-packages\django\template\base.py", line 901, in _resolve_lookup
    current = getattr(current, bit)
  File "C:\Users\HP\AppData\Roaming\Python\Python310\site-packages\django\utils\functional.py", line 253, in inner
    return func(_wrapped, *args)
  File "C:\Users\HP\AppData\Roaming\Python\Python310\site-packages\django\db\models\fields\related_descriptors.py", line 523, in __get__
    rel_obj = self.get_queryset(instance=instance).get(**filter_args)
  File "C:\Users\HP\AppData\Roaming\Python\Python310\site-packages\django\db\models\query.py", line 629, in get
    num = len(clone)
  File "C:\Users\HP\AppData\Roaming\Python\Python310\site-packages\django\db\models\query.py", line 366, in __len__
    self._fetch_all()
  File "C:\Users\HP\AppData\Roaming\Python\Python310\site-packages\django\db\models\query.py", line 1949, in _fetch_all
    self._result_cache = list(self._iterable_class(self))
  File "C:\Users\HP\AppData\Roaming\Python\Python310\site-packages\django\db\models\query.py", line 91, in __iter__
    results = compiler.execute_sql(
  File "C:\Users\HP\AppData\Roaming\Python\Python310\site-packages\django\db\models\sql\compiler.py", line 1623, in execute_sql
    cursor.execute(sql, params)
  File "C:\Users\HP\AppData\Roaming\Python\Python310\site-packages\django\db\backends\utils.py", line 122, in execute
    return super().execute(sql, params)
  File "C:\Users\HP\AppData\Roaming\Python\Python310\site-packages\django\db\backends\utils.py", line 79, in execute
    return self._execute_with_wrappers(
  File "C:\Users\HP\AppData\Roaming\Python\Python310\site-packages\django\db\backends\utils.py", line 92, in _execute_with_wrappers
    return executor(sql, params, many, context)
  File "C:\Users\HP\AppData\Roaming\Python\Python310\site-packages\django\db\backends\utils.py", line 100, in _execute
    with self.db.wrap_database_errors:
  File "C:\Users\HP\AppData\Roaming\Python\Python310\site-packages\django\db\utils.py", line 91, in __exit__
    raise dj_exc_value.with_traceback(traceback) from exc_value
  File "C:\Users\HP\AppData\Roaming\Python\Python310\site-packages\django\db\backends\utils.py", line 105, in _execute
    return self.cursor.execute(sql, params)
  File "C:\Users\HP\AppData\Roaming\Python\Python310\site-packages\django\db\backends\sqlite3\base.py", line 360, in execute
    return super().execute(query, params)
django.db.utils.OperationalError: no such table: plag_userprofile
Internal Server Error: /listen/
Traceback (most recent call last):
  File "C:\Users\HP\AppData\Roaming\Python\Python310\site-packages\django\template\base.py", line 891, in _resolve_lookup
    current = current[bit]
  File "C:\Users\HP\AppData\Roaming\Python\Python310\site-packages\django\utils\functional.py", line 253, in inner
    return func(_wrapped, *args)
TypeError: 'User' object is not subscriptable

During handling of the above exception, another exception occurred:

Traceback (most recent call last):
  File "C:\Users\HP\AppData\Roaming\Python\Python310\site-packages\django\db\models\fields\related_descriptors.py", line 516, in __get__
    rel_obj = self.related.get_cached_value(instance)
  File "C:\Users\HP\AppData\Roaming\Python\Python310\site-packages\django\db\models\fields\mixins.py", line 37, in get_cached_value
    return instance._state.fields_cache[self.cache_name]
KeyError: 'userprofile'

During handling of the above exception, another exception occurred:

Traceback (most recent call last):
  File "C:\Users\HP\AppData\Roaming\Python\Python310\site-packages\django\db\backends\utils.py", line 105, in _execute
    return self.cursor.execute(sql, params)
  File "C:\Users\HP\AppData\Roaming\Python\Python310\site-packages\django\db\backends\sqlite3\base.py", line 360, in execute
    return super().execute(query, params)
sqlite3.OperationalError: no such table: plag_userprofile

The above exception was the direct cause of the following exception:

Traceback (most recent call last):
  File "D:\python\plagiarismcheckerextra\plag\views.py", line 600, in listen
    return render(request, "listen.html", context)
  File "C:\Users\HP\AppData\Roaming\Python\Python310\site-packages\django\shortcuts.py", line 25, in render
    content = loader.render_to_string(template_name, context, request, using=using)
  File "C:\Users\HP\AppData\Roaming\Python\Python310\site-packages\django\template\loader.py", line 62, in render_to_string
    return template.render(context, request)
  File "C:\Users\HP\AppData\Roaming\Python\Python310\site-packages\django\template\backends\django.py", line 107, in render
    return self.template.render(context)
  File "C:\Users\HP\AppData\Roaming\Python\Python310\site-packages\django\template\base.py", line 171, in render
    return self._render(context)
  File "C:\Users\HP\AppData\Roaming\Python\Python310\site-packages\django\template\base.py", line 163, in _render
    return self.nodelist.render(context)
  File "C:\Users\HP\AppData\Roaming\Python\Python310\site-packages\django\template\base.py", line 1016, in render
    return SafeString("".join([node.render_annotated(context) for node in self]))
  File "C:\Users\HP\AppData\Roaming\Python\Python310\site-packages\django\template\base.py", line 1016, in <listcomp>
    return SafeString("".join([node.render_annotated(context) for node in self]))
  File "C:\Users\HP\AppData\Roaming\Python\Python310\site-packages\django\template\base.py", line 977, in render_annotated
    return self.render(context)
  File "C:\Users\HP\AppData\Roaming\Python\Python310\site-packages\django\template\loader_tags.py", line 159, in render
    return compiled_parent._render(context)
  File "C:\Users\HP\AppData\Roaming\Python\Python310\site-packages\django\template\base.py", line 163, in _render
    return self.nodelist.render(context)
  File "C:\Users\HP\AppData\Roaming\Python\Python310\site-packages\django\template\base.py", line 1016, in render
    return SafeString("".join([node.render_annotated(context) for node in self]))
  File "C:\Users\HP\AppData\Roaming\Python\Python310\site-packages\django\template\base.py", line 1016, in <listcomp>
    return SafeString("".join([node.render_annotated(context) for node in self]))
  File "C:\Users\HP\AppData\Roaming\Python\Python310\site-packages\django\template\base.py", line 977, in render_annotated
    return self.render(context)
  File "C:\Users\HP\AppData\Roaming\Python\Python310\site-packages\django\template\loader_tags.py", line 65, in render
    result = block.nodelist.render(context)
  File "C:\Users\HP\AppData\Roaming\Python\Python310\site-packages\django\template\base.py", line 1016, in render
    return SafeString("".join([node.render_annotated(context) for node in self]))
  File "C:\Users\HP\AppData\Roaming\Python\Python310\site-packages\django\template\base.py", line 1016, in <listcomp>
    return SafeString("".join([node.render_annotated(context) for node in self]))
  File "C:\Users\HP\AppData\Roaming\Python\Python310\site-packages\django\template\base.py", line 977, in render_annotated
    return self.render(context)
  File "C:\Users\HP\AppData\Roaming\Python\Python310\site-packages\django\template\defaulttags.py", line 320, in render
    match = condition.eval(context)
  File "C:\Users\HP\AppData\Roaming\Python\Python310\site-packages\django\template\defaulttags.py", line 886, in eval
    return self.value.resolve(context, ignore_failures=True)
  File "C:\Users\HP\AppData\Roaming\Python\Python310\site-packages\django\template\base.py", line 722, in resolve
    obj = self.var.resolve(context)
  File "C:\Users\HP\AppData\Roaming\Python\Python310\site-packages\django\template\base.py", line 854, in resolve
    value = self._resolve_lookup(context)
  File "C:\Users\HP\AppData\Roaming\Python\Python310\site-packages\django\template\base.py", line 901, in _resolve_lookup
    current = getattr(current, bit)
  File "C:\Users\HP\AppData\Roaming\Python\Python310\site-packages\django\utils\functional.py", line 253, in inner
    return func(_wrapped, *args)
  File "C:\Users\HP\AppData\Roaming\Python\Python310\site-packages\django\db\models\fields\related_descriptors.py", line 523, in __get__
    rel_obj = self.get_queryset(instance=instance).get(**filter_args)
  File "C:\Users\HP\AppData\Roaming\Python\Python310\site-packages\django\db\models\query.py", line 629, in get
    num = len(clone)
  File "C:\Users\HP\AppData\Roaming\Python\Python310\site-packages\django\db\models\query.py", line 366, in __len__
    self._fetch_all()
  File "C:\Users\HP\AppData\Roaming\Python\Python310\site-packages\django\db\models\query.py", line 1949, in _fetch_all
    self._result_cache = list(self._iterable_class(self))
  File "C:\Users\HP\AppData\Roaming\Python\Python310\site-packages\django\db\models\query.py", line 91, in __iter__
    results = compiler.execute_sql(
  File "C:\Users\HP\AppData\Roaming\Python\Python310\site-packages\django\db\models\sql\compiler.py", line 1623, in execute_sql
    cursor.execute(sql, params)
  File "C:\Users\HP\AppData\Roaming\Python\Python310\site-packages\django\db\backends\utils.py", line 122, in execute
    return super().execute(sql, params)
  File "C:\Users\HP\AppData\Roaming\Python\Python310\site-packages\django\db\backends\utils.py", line 79, in execute
    return self._execute_with_wrappers(
  File "C:\Users\HP\AppData\Roaming\Python\Python310\site-packages\django\db\backends\utils.py", line 92, in _execute_with_wrappers
    return executor(sql, params, many, context)
  File "C:\Users\HP\AppData\Roaming\Python\Python310\site-packages\django\db\backends\utils.py", line 100, in _execute
    with self.db.wrap_database_errors:
  File "C:\Users\HP\AppData\Roaming\Python\Python310\site-packages\django\db\utils.py", line 91, in __exit__
    raise dj_exc_value.with_traceback(traceback) from exc_value
  File "C:\Users\HP\AppData\Roaming\Python\Python310\site-packages\django\db\backends\utils.py", line 105, in _execute
    return self.cursor.execute(sql, params)
  File "C:\Users\HP\AppData\Roaming\Python\Python310\site-packages\django\db\backends\sqlite3\base.py", line 360, in execute
    return super().execute(query, params)
django.db.utils.OperationalError: no such table: plag_userprofile

During handling of the above exception, another exception occurred:

Traceback (most recent call last):
  File "C:\Users\HP\AppData\Roaming\Python\Python310\site-packages\django\template\base.py", line 891, in _resolve_lookup
    current = current[bit]
  File "C:\Users\HP\AppData\Roaming\Python\Python310\site-packages\django\utils\functional.py", line 253, in inner
    return func(_wrapped, *args)
TypeError: 'User' object is not subscriptable

During handling of the above exception, another exception occurred:

Traceback (most recent call last):
  File "C:\Users\HP\AppData\Roaming\Python\Python310\site-packages\django\db\models\fields\related_descriptors.py", line 516, in __get__
    rel_obj = self.related.get_cached_value(instance)
  File "C:\Users\HP\AppData\Roaming\Python\Python310\site-packages\django\db\models\fields\mixins.py", line 37, in get_cached_value
    return instance._state.fields_cache[self.cache_name]
KeyError: 'userprofile'

During handling of the above exception, another exception occurred:

Traceback (most recent call last):
  File "C:\Users\HP\AppData\Roaming\Python\Python310\site-packages\django\db\backends\utils.py", line 105, in _execute
    return self.cursor.execute(sql, params)
  File "C:\Users\HP\AppData\Roaming\Python\Python310\site-packages\django\db\backends\sqlite3\base.py", line 360, in execute
    return super().execute(query, params)
sqlite3.OperationalError: no such table: plag_userprofile

The above exception was the direct cause of the following exception:

Traceback (most recent call last):
  File "C:\Users\HP\AppData\Roaming\Python\Python310\site-packages\django\core\handlers\exception.py", line 55, in inner
    response = get_response(request)
  File "C:\Users\HP\AppData\Roaming\Python\Python310\site-packages\django\core\handlers\base.py", line 197, in _get_response
    response = wrapped_callback(request, *callback_args, **callback_kwargs)
  File "C:\Users\HP\AppData\Roaming\Python\Python310\site-packages\django\contrib\auth\decorators.py", line 59, in _view_wrapper
    return view_func(request, *args, **kwargs)
  File "D:\python\plagiarismcheckerextra\plag\views.py", line 604, in listen
    return render(request, "listen.html", {'documents': [], 'text': ''})
  File "C:\Users\HP\AppData\Roaming\Python\Python310\site-packages\django\shortcuts.py", line 25, in render
    content = loader.render_to_string(template_name, context, request, using=using)
  File "C:\Users\HP\AppData\Roaming\Python\Python310\site-packages\django\template\loader.py", line 62, in render_to_string
    return template.render(context, request)
  File "C:\Users\HP\AppData\Roaming\Python\Python310\site-packages\django\template\backends\django.py", line 107, in render
    return self.template.render(context)
  File "C:\Users\HP\AppData\Roaming\Python\Python310\site-packages\django\template\base.py", line 171, in render
    return self._render(context)
  File "C:\Users\HP\AppData\Roaming\Python\Python310\site-packages\django\template\base.py", line 163, in _render
    return self.nodelist.render(context)
  File "C:\Users\HP\AppData\Roaming\Python\Python310\site-packages\django\template\base.py", line 1016, in render
    return SafeString("".join([node.render_annotated(context) for node in self]))
  File "C:\Users\HP\AppData\Roaming\Python\Python310\site-packages\django\template\base.py", line 1016, in <listcomp>
    return SafeString("".join([node.render_annotated(context) for node in self]))
  File "C:\Users\HP\AppData\Roaming\Python\Python310\site-packages\django\template\base.py", line 977, in render_annotated
    return self.render(context)
  File "C:\Users\HP\AppData\Roaming\Python\Python310\site-packages\django\template\loader_tags.py", line 159, in render
    return compiled_parent._render(context)
  File "C:\Users\HP\AppData\Roaming\Python\Python310\site-packages\django\template\base.py", line 163, in _render
    return self.nodelist.render(context)
  File "C:\Users\HP\AppData\Roaming\Python\Python310\site-packages\django\template\base.py", line 1016, in render
    return SafeString("".join([node.render_annotated(context) for node in self]))
  File "C:\Users\HP\AppData\Roaming\Python\Python310\site-packages\django\template\base.py", line 1016, in <listcomp>
    return SafeString("".join([node.render_annotated(context) for node in self]))
  File "C:\Users\HP\AppData\Roaming\Python\Python310\site-packages\django\template\base.py", line 977, in render_annotated
    return self.render(context)
  File "C:\Users\HP\AppData\Roaming\Python\Python310\site-packages\django\template\loader_tags.py", line 65, in render
    result = block.nodelist.render(context)
  File "C:\Users\HP\AppData\Roaming\Python\Python310\site-packages\django\template\base.py", line 1016, in render
    return SafeString("".join([node.render_annotated(context) for node in self]))
  File "C:\Users\HP\AppData\Roaming\Python\Python310\site-packages\django\template\base.py", line 1016, in <listcomp>
    return SafeString("".join([node.render_annotated(context) for node in self]))
  File "C:\Users\HP\AppData\Roaming\Python\Python310\site-packages\django\template\base.py", line 977, in render_annotated
    return self.render(context)
  File "C:\Users\HP\AppData\Roaming\Python\Python310\site-packages\django\template\defaulttags.py", line 320, in render
    match = condition.eval(context)
  File "C:\Users\HP\AppData\Roaming\Python\Python310\site-packages\django\template\defaulttags.py", line 886, in eval
    return self.value.resolve(context, ignore_failures=True)
  File "C:\Users\HP\AppData\Roaming\Python\Python310\site-packages\django\template\base.py", line 722, in resolve
    obj = self.var.resolve(context)
  File "C:\Users\HP\AppData\Roaming\Python\Python310\site-packages\django\template\base.py", line 854, in resolve
    value = self._resolve_lookup(context)
  File "C:\Users\HP\AppData\Roaming\Python\Python310\site-packages\django\template\base.py", line 901, in _resolve_lookup
    current = getattr(current, bit)
  File "C:\Users\HP\AppData\Roaming\Python\Python310\site-packages\django\utils\functional.py", line 253, in inner
    return func(_wrapped, *args)
  File "C:\Users\HP\AppData\Roaming\Python\Python310\site-packages\django\db\models\fields\related_descriptors.py", line 523, in __get__
    rel_obj = self.get_queryset(instance=instance).get(**filter_args)
  File "C:\Users\HP\AppData\Roaming\Python\Python310\site-packages\django\db\models\query.py", line 629, in get
    num = len(clone)
  File "C:\Users\HP\AppData\Roaming\Python\Python310\site-packages\django\db\models\query.py", line 366, in __len__
    self._fetch_all()
  File "C:\Users\HP\AppData\Roaming\Python\Python310\site-packages\django\db\models\query.py", line 1949, in _fetch_all
    self._result_cache = list(self._iterable_class(self))
  File "C:\Users\HP\AppData\Roaming\Python\Python310\site-packages\django\db\models\query.py", line 91, in __iter__
    results = compiler.execute_sql(
  File "C:\Users\HP\AppData\Roaming\Python\Python310\site-packages\django\db\models\sql\compiler.py", line 1623, in execute_sql
    cursor.execute(sql, params)
  File "C:\Users\HP\AppData\Roaming\Python\Python310\site-packages\django\db\backends\utils.py", line 122, in execute
    return super().execute(sql, params)
  File "C:\Users\HP\AppData\Roaming\Python\Python310\site-packages\django\db\backends\utils.py", line 79, in execute
    return self._execute_with_wrappers(
  File "C:\Users\HP\AppData\Roaming\Python\Python310\site-packages\django\db\backends\utils.py", line 92, in _execute_with_wrappers
    return executor(sql, params, many, context)
  File "C:\Users\HP\AppData\Roaming\Python\Python310\site-packages\django\db\backends\utils.py", line 100, in _execute
    with self.db.wrap_database_errors:
  File "C:\Users\HP\AppData\Roaming\Python\Python310\site-packages\django\db\utils.py", line 91, in __exit__
    raise dj_exc_value.with_traceback(traceback) from exc_value
  File "C:\Users\HP\AppData\Roaming\Python\Python310\site-packages\django\db\backends\utils.py", line 105, in _execute
    return self.cursor.execute(sql, params)
  File "C:\Users\HP\AppData\Roaming\Python\Python310\site-packages\django\db\backends\sqlite3\base.py", line 360, in execute
    return super().execute(query, params)
django.db.utils.OperationalError: no such table: plag_userprofile
"GET /listen/ HTTP/1.1" 500 467124
Plagiarism check error: no such table: plag_userprofile
Unhandled exception: no such table: plag_userprofile
Traceback (most recent call last):
  File "C:\Users\HP\AppData\Roaming\Python\Python310\site-packages\django\template\base.py", line 891, in _resolve_lookup
    current = current[bit]
  File "C:\Users\HP\AppData\Roaming\Python\Python310\site-packages\django\utils\functional.py", line 253, in inner
    return func(_wrapped, *args)
TypeError: 'User' object is not subscriptable

During handling of the above exception, another exception occurred:

Traceback (most recent call last):
  File "C:\Users\HP\AppData\Roaming\Python\Python310\site-packages\django\db\models\fields\related_descriptors.py", line 516, in __get__
    rel_obj = self.related.get_cached_value(instance)
  File "C:\Users\HP\AppData\Roaming\Python\Python310\site-packages\django\db\models\fields\mixins.py", line 37, in get_cached_value
    return instance._state.fields_cache[self.cache_name]
KeyError: 'userprofile'

During handling of the above exception, another exception occurred:

Traceback (most recent call last):
  File "C:\Users\HP\AppData\Roaming\Python\Python310\site-packages\django\db\backends\utils.py", line 105, in _execute
    return self.cursor.execute(sql, params)
  File "C:\Users\HP\AppData\Roaming\Python\Python310\site-packages\django\db\backends\sqlite3\base.py", line 360, in execute
    return super().execute(query, params)
sqlite3.OperationalError: no such table: plag_userprofile

The above exception was the direct cause of the following exception:

Traceback (most recent call last):
  File "D:\python\plagiarismcheckerextra\plag\views.py", line 387, in checkPlag
    return render(request, "checkplag.html", context)
  File "C:\Users\HP\AppData\Roaming\Python\Python310\site-packages\django\shortcuts.py", line 25, in render
    content = loader.render_to_string(template_name, context, request, using=using)
  File "C:\Users\HP\AppData\Roaming\Python\Python310\site-packages\django\template\loader.py", line 62, in render_to_string
    return template.render(context, request)
  File "C:\Users\HP\AppData\Roaming\Python\Python310\site-packages\django\template\backends\django.py", line 107, in render
    return self.template.render(context)
  File "C:\Users\HP\AppData\Roaming\Python\Python310\site-packages\django\template\base.py", line 171, in render
    return self._render(context)
  File "C:\Users\HP\AppData\Roaming\Python\Python310\site-packages\django\template\base.py", line 163, in _render
    return self.nodelist.render(context)
  File "C:\Users\HP\AppData\Roaming\Python\Python310\site-packages\django\template\base.py", line 1016, in render
    return SafeString("".join([node.render_annotated(context) for node in self]))
  File "C:\Users\HP\AppData\Roaming\Python\Python310\site-packages\django\template\base.py", line 1016, in <listcomp>
    return SafeString("".join([node.render_annotated(context) for node in self]))
  File "C:\Users\HP\AppData\Roaming\Python\Python310\site-packages\django\template\base.py", line 977, in render_annotated
    return self.render(context)
  File "C:\Users\HP\AppData\Roaming\Python\Python310\site-packages\django\template\loader_tags.py", line 159, in render
    return compiled_parent._render(context)
  File "C:\Users\HP\AppData\Roaming\Python\Python310\site-packages\django\template\base.py", line 163, in _render
    return self.nodelist.render(context)
  File "C:\Users\HP\AppData\Roaming\Python\Python310\site-packages\django\template\base.py", line 1016, in render
    return SafeString("".join([node.render_annotated(context) for node in self]))
  File "C:\Users\HP\AppData\Roaming\Python\Python310\site-packages\django\template\base.py", line 1016, in <listcomp>
    return SafeString("".join([node.render_annotated(context) for node in self]))
  File "C:\Users\HP\AppData\Roaming\Python\Python310\site-packages\django\template\base.py", line 977, in render_annotated
    return self.render(context)
  File "C:\Users\HP\AppData\Roaming\Python\Python310\site-packages\django\template\loader_tags.py", line 65, in render
    result = block.nodelist.render(context)
  File "C:\Users\HP\AppData\Roaming\Python\Python310\site-packages\django\template\base.py", line 1016, in render
    return SafeString("".join([node.render_annotated(context) for node in self]))
  File "C:\Users\HP\AppData\Roaming\Python\Python310\site-packages\django\template\base.py", line 1016, in <listcomp>
    return SafeString("".join([node.render_annotated(context) for node in self]))
  File "C:\Users\HP\AppData\Roaming\Python\Python310\site-packages\django\template\base.py", line 977, in render_annotated
    return self.render(context)
  File "C:\Users\HP\AppData\Roaming\Python\Python310\site-packages\django\template\defaulttags.py", line 320, in render
    match = condition.eval(context)
  File "C:\Users\HP\AppData\Roaming\Python\Python310\site-packages\django\template\defaulttags.py", line 886, in eval
    return self.value.resolve(context, ignore_failures=True)
  File "C:\Users\HP\AppData\Roaming\Python\Python310\site-packages\django\template\base.py", line 722, in resolve
    obj = self.var.resolve(context)
  File "C:\Users\HP\AppData\Roaming\Python\Python310\site-packages\django\template\base.py", line 854, in resolve
    value = self._resolve_lookup(context)
  File "C:\Users\HP\AppData\Roaming\Python\Python310\site-packages\django\template\base.py", line 901, in _resolve_lookup
    current = getattr(current, bit)
  File "C:\Users\HP\AppData\Roaming\Python\Python310\site-packages\django\utils\functional.py", line 253, in inner
    return func(_wrapped, *args)
  File "C:\Users\HP\AppData\Roaming\Python\Python310\site-packages\django\db\models\fields\related_descriptors.py", line 523, in __get__
    rel_obj = self.get_queryset(instance=instance).get(**filter_args)
  File "C:\Users\HP\AppData\Roaming\Python\Python310\site-packages\django\db\models\query.py", line 629, in get
    num = len(clone)
  File "C:\Users\HP\AppData\Roaming\Python\Python310\site-packages\django\db\models\query.py", line 366, in __len__
    self._fetch_all()
  File "C:\Users\HP\AppData\Roaming\Python\Python310\site-packages\django\db\models\query.py", line 1949, in _fetch_all
    self._result_cache = list(self._iterable_class(self))
  File "C:\Users\HP\AppData\Roaming\Python\Python310\site-packages\django\db\models\query.py", line 91, in __iter__
    results = compiler.execute_sql(
  File "C:\Users\HP\AppData\Roaming\Python\Python310\site-packages\django\db\models\sql\compiler.py", line 1623, in execute_sql
    cursor.execute(sql, params)
  File "C:\Users\HP\AppData\Roaming\Python\Python310\site-packages\django\db\backends\utils.py", line 122, in execute
    return super().execute(sql, params)
  File "C:\Users\HP\AppData\Roaming\Python\Python310\site-packages\django\db\backends\utils.py", line 79, in execute
    return self._execute_with_wrappers(
  File "C:\Users\HP\AppData\Roaming\Python\Python310\site-packages\django\db\backends\utils.py", line 92, in _execute_with_wrappers
    return executor(sql, params, many, context)
  File "C:\Users\HP\AppData\Roaming\Python\Python310\site-packages\django\db\backends\utils.py", line 100, in _execute
    with self.db.wrap_database_errors:
  File "C:\Users\HP\AppData\Roaming\Python\Python310\site-packages\django\db\utils.py", line 91, in __exit__
    raise dj_exc_value.with_traceback(traceback) from exc_value
  File "C:\Users\HP\AppData\Roaming\Python\Python310\site-packages\django\db\backends\utils.py", line 105, in _execute
    return self.cursor.execute(sql, params)
  File "C:\Users\HP\AppData\Roaming\Python\Python310\site-packages\django\db\backends\sqlite3\base.py", line 360, in execute
    return super().execute(query, params)
django.db.utils.OperationalError: no such table: plag_userprofile

During handling of the above exception, another exception occurred:

Traceback (most recent call last):
  File "C:\Users\HP\AppData\Roaming\Python\Python310\site-packages\django\template\base.py", line 891, in _resolve_lookup
    current = current[bit]
  File "C:\Users\HP\AppData\Roaming\Python\Python310\site-packages\django\utils\functional.py", line 253, in inner
    return func(_wrapped, *args)
TypeError: 'User' object is not subscriptable

During handling of the above exception, another exception occurred:

Traceback (most recent call last):
  File "C:\Users\HP\AppData\Roaming\Python\Python310\site-packages\django\db\models\fields\related_descriptors.py", line 516, in __get__
    rel_obj = self.related.get_cached_value(instance)
  File "C:\Users\HP\AppData\Roaming\Python\Python310\site-packages\django\db\models\fields\mixins.py", line 37, in get_cached_value
    return instance._state.fields_cache[self.cache_name]
KeyError: 'userprofile'

During handling of the above exception, another exception occurred:

Traceback (most recent call last):
  File "C:\Users\HP\AppData\Roaming\Python\Python310\site-packages\django\db\backends\utils.py", line 105, in _execute
    return self.cursor.execute(sql, params)
  File "C:\Users\HP\AppData\Roaming\Python\Python310\site-packages\django\db\backends\sqlite3\base.py", line 360, in execute
    return super().execute(query, params)
sqlite3.OperationalError: no such table: plag_userprofile

The above exception was the direct cause of the following exception:

Traceback (most recent call last):
  File "C:\Users\HP\AppData\Roaming\Python\Python310\site-packages\django\core\handlers\base.py", line 197, in _get_response
    response = wrapped_callback(request, *callback_args, **callback_kwargs)
  File "C:\Users\HP\AppData\Roaming\Python\Python310\site-packages\django\contrib\auth\decorators.py", line 59, in _view_wrapper
    return view_func(request, *args, **kwargs)
  File "D:\python\plagiarismcheckerextra\plag\views.py", line 391, in checkPlag
    return render(request, "checkplag.html", {'err': 'An error occurred'})
  File "C:\Users\HP\AppData\Roaming\Python\Python310\site-packages\django\shortcuts.py", line 25, in render
    content = loader.render_to_string(template_name, context, request, using=using)
  File "C:\Users\HP\AppData\Roaming\Python\Python310\site-packages\django\template\loader.py", line 62, in render_to_string
    return template.render(context, request)
  File "C:\Users\HP\AppData\Roaming\Python\Python310\site-packages\django\template\backends\django.py", line 107, in render
    return self.template.render(context)
  File "C:\Users\HP\AppData\Roaming\Python\Python310\site-packages\django\template\base.py", line 171, in render
    return self._render(context)
  File "C:\Users\HP\AppData\Roaming\Python\Python310\site-packages\django\template\base.py", line 163, in _render
    return self.nodelist.render(context)
  File "C:\Users\HP\AppData\Roaming\Python\Python310\site-packages\django\template\base.py", line 1016, in render
    return SafeString("".join([node.render_annotated(context) for node in self]))
  File "C:\Users\HP\AppData\Roaming\Python\Python310\site-packages\django\template\base.py", line 1016, in <listcomp>
    return SafeString("".join([node.render_annotated(context) for node in self]))
  File "C:\Users\HP\AppData\Roaming\Python\Python310\site-packages\django\template\base.py", line 977, in render_annotated
    return self.render(context)
  File "C:\Users\HP\AppData\Roaming\Python\Python310\site-packages\django\template\loader_tags.py", line 159, in render
    return compiled_parent._render(context)
  File "C:\Users\HP\AppData\Roaming\Python\Python310\site-packages\django\template\base.py", line 163, in _render
    return self.nodelist.render(context)
  File "C:\Users\HP\AppData\Roaming\Python\Python310\site-packages\django\template\base.py", line 1016, in render
    return SafeString("".join([node.render_annotated(context) for node in self]))
  File "C:\Users\HP\AppData\Roaming\Python\Python310\site-packages\django\template\base.py", line 1016, in <listcomp>
    return SafeString("".join([node.render_annotated(context) for node in self]))
  File "C:\Users\HP\AppData\Roaming\Python\Python310\site-packages\django\template\base.py", line 977, in render_annotated
    return self.render(context)
  File "C:\Users\HP\AppData\Roaming\Python\Python310\site-packages\django\template\loader_tags.py", line 65, in render
    result = block.nodelist.render(context)
  File "C:\Users\HP\AppData\Roaming\Python\Python310\site-packages\django\template\base.py", line 1016, in render
    return SafeString("".join([node.render_annotated(context) for node in self]))
  File "C:\Users\HP\AppData\Roaming\Python\Python310\site-packages\django\template\base.py", line 1016, in <listcomp>
    return SafeString("".join([node.render_annotated(context) for node in self]))
  File "C:\Users\HP\AppData\Roaming\Python\Python310\site-packages\django\template\base.py", line 977, in render_annotated
    return self.render(context)
  File "C:\Users\HP\AppData\Roaming\Python\Python310\site-packages\django\template\defaulttags.py", line 320, in render
    match = condition.eval(context)
  File "C:\Users\HP\AppData\Roaming\Python\Python310\site-packages\django\template\defaulttags.py", line 886, in eval
    return self.value.resolve(context, ignore_failures=True)
  File "C:\Users\HP\AppData\Roaming\Python\Python310\site-packages\django\template\base.py", line 722, in resolve
    obj = self.var.resolve(context)
  File "C:\Users\HP\AppData\Roaming\Python\Python310\site-packages\django\template\base.py", line 854, in resolve
    value = self._resolve_lookup(context)
  File "C:\Users\HP\AppData\Roaming\Python\Python310\site-packages\django\template\base.py", line 901, in _resolve_lookup
    current = getattr(current, bit)
  File "C:\Users\HP\AppData\Roaming\Python\Python310\site-packages\django\utils\functional.py", line 253, in inner
    return func(_wrapped, *args)
  File "C:\Users\HP\AppData\Roaming\Python\Python310\site-packages\django\db\models\fields\related_descriptors.py", line 523, in __get__
    rel_obj = self.get_queryset(instance=instance).get(**filter_args)
  File "C:\Users\HP\AppData\Roaming\Python\Python310\site-packages\django\db\models\query.py", line 629, in get
    num = len(clone)
  File "C:\Users\HP\AppData\Roaming\Python\Python310\site-packages\django\db\models\query.py", line 366, in __len__
    self._fetch_all()
  File "C:\Users\HP\AppData\Roaming\Python\Python310\site-packages\django\db\models\query.py", line 1949, in _fetch_all
    self._result_cache = list(self._iterable_class(self))
  File "C:\Users\HP\AppData\Roaming\Python\Python310\site-packages\django\db\models\query.py", line 91, in __iter__
    results = compiler.execute_sql(
  File "C:\Users\HP\AppData\Roaming\Python\Python310\site-packages\django\db\models\sql\compiler.py", line 1623, in execute_sql
    cursor.execute(sql, params)
  File "C:\Users\HP\AppData\Roaming\Python\Python310\site-packages\django\db\backends\utils.py", line 122, in execute
    return super().execute(sql, params)
  File "C:\Users\HP\AppData\Roaming\Python\Python310\site-packages\django\db\backends\utils.py", line 79, in execute
    return self._execute_with_wrappers(
  File "C:\Users\HP\AppData\Roaming\Python\Python310\site-packages\django\db\backends\utils.py", line 92, in _execute_with_wrappers
    return executor(sql, params, many, context)
  File "C:\Users\HP\AppData\Roaming\Python\Python310\site-packages\django\db\backends\utils.py", line 100, in _execute
    with self.db.wrap_database_errors:
  File "C:\Users\HP\AppData\Roaming\Python\Python310\site-packages\django\db\utils.py", line 91, in __exit__
    raise dj_exc_value.with_traceback(traceback) from exc_value
  File "C:\Users\HP\AppData\Roaming\Python\Python310\site-packages\django\db\backends\utils.py", line 105, in _execute
    return self.cursor.execute(sql, params)
  File "C:\Users\HP\AppData\Roaming\Python\Python310\site-packages\django\db\backends\sqlite3\base.py", line 360, in execute
    return super().execute(query, params)
django.db.utils.OperationalError: no such table: plag_userprofile
Internal Server Error: /checkplagiarism/
Traceback (most recent call last):
  File "C:\Users\HP\AppData\Roaming\Python\Python310\site-packages\django\template\base.py", line 891, in _resolve_lookup
    current = current[bit]
  File "C:\Users\HP\AppData\Roaming\Python\Python310\site-packages\django\utils\functional.py", line 253, in inner
    return func(_wrapped, *args)
TypeError: 'User' object is not subscriptable

During handling of the above exception, another exception occurred:

Traceback (most recent call last):
  File "C:\Users\HP\AppData\Roaming\Python\Python310\site-packages\django\db\models\fields\related_descriptors.py", line 516, in __get__
    rel_obj = self.related.get_cached_value(instance)
  File "C:\Users\HP\AppData\Roaming\Python\Python310\site-packages\django\db\models\fields\mixins.py", line 37, in get_cached_value
    return instance._state.fields_cache[self.cache_name]
KeyError: 'userprofile'

During handling of the above exception, another exception occurred:

Traceback (most recent call last):
  File "C:\Users\HP\AppData\Roaming\Python\Python310\site-packages\django\db\backends\utils.py", line 105, in _execute
    return self.cursor.execute(sql, params)
  File "C:\Users\HP\AppData\Roaming\Python\Python310\site-packages\django\db\backends\sqlite3\base.py", line 360, in execute
    return super().execute(query, params)
sqlite3.OperationalError: no such table: plag_userprofile

The above exception was the direct cause of the following exception:

Traceback (most recent call last):
  File "D:\python\plagiarismcheckerextra\plag\views.py", line 387, in checkPlag
    return render(request, "checkplag.html", context)
  File "C:\Users\HP\AppData\Roaming\Python\Python310\site-packages\django\shortcuts.py", line 25, in render
    content = loader.render_to_string(template_name, context, request, using=using)
  File "C:\Users\HP\AppData\Roaming\Python\Python310\site-packages\django\template\loader.py", line 62, in render_to_string
    return template.render(context, request)
  File "C:\Users\HP\AppData\Roaming\Python\Python310\site-packages\django\template\backends\django.py", line 107, in render
    return self.template.render(context)
  File "C:\Users\HP\AppData\Roaming\Python\Python310\site-packages\django\template\base.py", line 171, in render
    return self._render(context)
  File "C:\Users\HP\AppData\Roaming\Python\Python310\site-packages\django\template\base.py", line 163, in _render
    return self.nodelist.render(context)
  File "C:\Users\HP\AppData\Roaming\Python\Python310\site-packages\django\template\base.py", line 1016, in render
    return SafeString("".join([node.render_annotated(context) for node in self]))
  File "C:\Users\HP\AppData\Roaming\Python\Python310\site-packages\django\template\base.py", line 1016, in <listcomp>
    return SafeString("".join([node.render_annotated(context) for node in self]))
  File "C:\Users\HP\AppData\Roaming\Python\Python310\site-packages\django\template\base.py", line 977, in render_annotated
    return self.render(context)
  File "C:\Users\HP\AppData\Roaming\Python\Python310\site-packages\django\template\loader_tags.py", line 159, in render
    return compiled_parent._render(context)
  File "C:\Users\HP\AppData\Roaming\Python\Python310\site-packages\django\template\base.py", line 163, in _render
    return self.nodelist.render(context)
  File "C:\Users\HP\AppData\Roaming\Python\Python310\site-packages\django\template\base.py", line 1016, in render
    return SafeString("".join([node.render_annotated(context) for node in self]))
  File "C:\Users\HP\AppData\Roaming\Python\Python310\site-packages\django\template\base.py", line 1016, in <listcomp>
    return SafeString("".join([node.render_annotated(context) for node in self]))
  File "C:\Users\HP\AppData\Roaming\Python\Python310\site-packages\django\template\base.py", line 977, in render_annotated
    return self.render(context)
  File "C:\Users\HP\AppData\Roaming\Python\Python310\site-packages\django\template\loader_tags.py", line 65, in render
    result = block.nodelist.render(context)
  File "C:\Users\HP\AppData\Roaming\Python\Python310\site-packages\django\template\base.py", line 1016, in render
    return SafeString("".join([node.render_annotated(context) for node in self]))
  File "C:\Users\HP\AppData\Roaming\Python\Python310\site-packages\django\template\base.py", line 1016, in <listcomp>
    return SafeString("".join([node.render_annotated(context) for node in self]))
  File "C:\Users\HP\AppData\Roaming\Python\Python310\site-packages\django\template\base.py", line 977, in render_annotated
    return self.render(context)
  File "C:\Users\HP\AppData\Roaming\Python\Python310\site-packages\django\template\defaulttags.py", line 320, in render
    match = condition.eval(context)
  File "C:\Users\HP\AppData\Roaming\Python\Python310\site-packages\django\template\defaulttags.py", line 886, in eval
    return self.value.resolve(context, ignore_failures=True)
  File "C:\Users\HP\AppData\Roaming\Python\Python310\site-packages\django\template\base.py", line 722, in resolve
    obj = self.var.resolve(context)
  File "C:\Users\HP\AppData\Roaming\Python\Python310\site-packages\django\template\base.py", line 854, in resolve
    value = self._resolve_lookup(context)
  File "C:\Users\HP\AppData\Roaming\Python\Python310\site-packages\django\template\base.py", line 901, in _resolve_lookup
    current = getattr(current, bit)
  File "C:\Users\HP\AppData\Roaming\Python\Python310\site-packages\django\utils\functional.py", line 253, in inner
    return func(_wrapped, *args)
  File "C:\Users\HP\AppData\Roaming\Python\Python310\site-packages\django\db\models\fields\related_descriptors.py", line 523, in __get__
    rel_obj = self.get_queryset(instance=instance).get(**filter_args)
  File "C:\Users\HP\AppData\Roaming\Python\Python310\site-packages\django\db\models\query.py", line 629, in get
    num = len(clone)
  File "C:\Users\HP\AppData\Roaming\Python\Python310\site-packages\django\db\models\query.py", line 366, in __len__
    self._fetch_all()
  File "C:\Users\HP\AppData\Roaming\Python\Python310\site-packages\django\db\models\query.py", line 1949, in _fetch_all
    self._result_cache = list(self._iterable_class(self))
  File "C:\Users\HP\AppData\Roaming\Python\Python310\site-packages\django\db\models\query.py", line 91, in __iter__
    results = compiler.execute_sql(
  File "C:\Users\HP\AppData\Roaming\Python\Python310\site-packages\django\db\models\sql\compiler.py", line 1623, in execute_sql
    cursor.execute(sql, params)
  File "C:\Users\HP\AppData\Roaming\Python\Python310\site-packages\django\db\backends\utils.py", line 122, in execute
    return super().execute(sql, params)
  File "C:\Users\HP\AppData\Roaming\Python\Python310\site-packages\django\db\backends\utils.py", line 79, in execute
    return self._execute_with_wrappers(
  File "C:\Users\HP\AppData\Roaming\Python\Python310\site-packages\django\db\backends\utils.py", line 92, in _execute_with_wrappers
    return executor(sql, params, many, context)
  File "C:\Users\HP\AppData\Roaming\Python\Python310\site-packages\django\db\backends\utils.py", line 100, in _execute
    with self.db.wrap_database_errors:
  File "C:\Users\HP\AppData\Roaming\Python\Python310\site-packages\django\db\utils.py", line 91, in __exit__
    raise dj_exc_value.with_traceback(traceback) from exc_value
  File "C:\Users\HP\AppData\Roaming\Python\Python310\site-packages\django\db\backends\utils.py", line 105, in _execute
    return self.cursor.execute(sql, params)
  File "C:\Users\HP\AppData\Roaming\Python\Python310\site-packages\django\db\backends\sqlite3\base.py", line 360, in execute
    return super().execute(query, params)
django.db.utils.OperationalError: no such table: plag_userprofile

During handling of the above exception, another exception occurred:

Traceback (most recent call last):
  File "C:\Users\HP\AppData\Roaming\Python\Python310\site-packages\django\template\base.py", line 891, in _resolve_lookup
    current = current[bit]
  File "C:\Users\HP\AppData\Roaming\Python\Python310\site-packages\django\utils\functional.py", line 253, in inner
    return func(_wrapped, *args)
TypeError: 'User' object is not subscriptable

During handling of the above exception, another exception occurred:

Traceback (most recent call last):
  File "C:\Users\HP\AppData\Roaming\Python\Python310\site-packages\django\db\models\fields\related_descriptors.py", line 516, in __get__
    rel_obj = self.related.get_cached_value(instance)
  File "C:\Users\HP\AppData\Roaming\Python\Python310\site-packages\django\db\models\fields\mixins.py", line 37, in get_cached_value
    return instance._state.fields_cache[self.cache_name]
KeyError: 'userprofile'

During handling of the above exception, another exception occurred:

Traceback (most recent call last):
  File "C:\Users\HP\AppData\Roaming\Python\Python310\site-packages\django\db\backends\utils.py", line 105, in _execute
    return self.cursor.execute(sql, params)
  File "C:\Users\HP\AppData\Roaming\Python\Python310\site-packages\django\db\backends\sqlite3\base.py", line 360, in execute
    return super().execute(query, params)
sqlite3.OperationalError: no such table: plag_userprofile

The above exception was the direct cause of the following exception:

Traceback (most recent call last):
  File "C:\Users\HP\AppData\Roaming\Python\Python310\site-packages\django\core\handlers\exception.py", line 55, in inner
    response = get_response(request)
  File "C:\Users\HP\AppData\Roaming\Python\Python310\site-packages\django\core\handlers\base.py", line 197, in _get_response
    response = wrapped_callback(request, *callback_args, **callback_kwargs)
  File "C:\Users\HP\AppData\Roaming\Python\Python310\site-packages\django\contrib\auth\decorators.py", line 59, in _view_wrapper
    return view_func(request, *args, **kwargs)
  File "D:\python\plagiarismcheckerextra\plag\views.py", line 391, in checkPlag
    return render(request, "checkplag.html", {'err': 'An error occurred'})
  File "C:\Users\HP\AppData\Roaming\Python\Python310\site-packages\django\shortcuts.py", line 25, in render
    content = loader.render_to_string(template_name, context, request, using=using)
  File "C:\Users\HP\AppData\Roaming\Python\Python310\site-packages\django\template\loader.py", line 62, in render_to_string
    return template.render(context, request)
  File "C:\Users\HP\AppData\Roaming\Python\Python310\site-packages\django\template\backends\django.py", line 107, in render
    return self.template.render(context)
  File "C:\Users\HP\AppData\Roaming\Python\Python310\site-packages\django\template\base.py", line 171, in render
    return self._render(context)
  File "C:\Users\HP\AppData\Roaming\Python\Python310\site-packages\django\template\base.py", line 163, in _render
    return self.nodelist.render(context)
  File "C:\Users\HP\AppData\Roaming\Python\Python310\site-packages\django\template\base.py", line 1016, in render
    return SafeString("".join([node.render_annotated(context) for node in self]))
  File "C:\Users\HP\AppData\Roaming\Python\Python310\site-packages\django\template\base.py", line 1016, in <listcomp>
    return SafeString("".join([node.render_annotated(context) for node in self]))
  File "C:\Users\HP\AppData\Roaming\Python\Python310\site-packages\django\template\base.py", line 977, in render_annotated
    return self.render(context)
  File "C:\Users\HP\AppData\Roaming\Python\Python310\site-packages\django\template\loader_tags.py", line 159, in render
    return compiled_parent._render(context)
  File "C:\Users\HP\AppData\Roaming\Python\Python310\site-packages\django\template\base.py", line 163, in _render
    return self.nodelist.render(context)
  File "C:\Users\HP\AppData\Roaming\Python\Python310\site-packages\django\template\base.py", line 1016, in render
    return SafeString("".join([node.render_annotated(context) for node in self]))
  File "C:\Users\HP\AppData\Roaming\Python\Python310\site-packages\django\template\base.py", line 1016, in <listcomp>
    return SafeString("".join([node.render_annotated(context) for node in self]))
  File "C:\Users\HP\AppData\Roaming\Python\Python310\site-packages\django\template\base.py", line 977, in render_annotated
    return self.render(context)
  File "C:\Users\HP\AppData\Roaming\Python\Python310\site-packages\django\template\loader_tags.py", line 65, in render
    result = block.nodelist.render(context)
  File "C:\Users\HP\AppData\Roaming\Python\Python310\site-packages\django\template\base.py", line 1016, in render
    return SafeString("".join([node.render_annotated(context) for node in self]))
  File "C:\Users\HP\AppData\Roaming\Python\Python310\site-packages\django\template\base.py", line 1016, in <listcomp>
    return SafeString("".join([node.render_annotated(context) for node in self]))
  File "C:\Users\HP\AppData\Roaming\Python\Python310\site-packages\django\template\base.py", line 977, in render_annotated
    return self.render(context)
  File "C:\Users\HP\AppData\Roaming\Python\Python310\site-packages\django\template\defaulttags.py", line 320, in render
    match = condition.eval(context)
  File "C:\Users\HP\AppData\Roaming\Python\Python310\site-packages\django\template\defaulttags.py", line 886, in eval
    return self.value.resolve(context, ignore_failures=True)
  File "C:\Users\HP\AppData\Roaming\Python\Python310\site-packages\django\template\base.py", line 722, in resolve
    obj = self.var.resolve(context)
  File "C:\Users\HP\AppData\Roaming\Python\Python310\site-packages\django\template\base.py", line 854, in resolve
    value = self._resolve_lookup(context)
  File "C:\Users\HP\AppData\Roaming\Python\Python310\site-packages\django\template\base.py", line 901, in _resolve_lookup
    current = getattr(current, bit)
  File "C:\Users\HP\AppData\Roaming\Python\Python310\site-packages\django\utils\functional.py", line 253, in inner
    return func(_wrapped, *args)
  File "C:\Users\HP\AppData\Roaming\Python\Python310\site-packages\django\db\models\fields\related_descriptors.py", line 523, in __get__
    rel_obj = self.get_queryset(instance=instance).get(**filter_args)
  File "C:\Users\HP\AppData\Roaming\Python\Python310\site-packages\django\db\models\query.py", line 629, in get
    num = len(clone)
  File "C:\Users\HP\AppData\Roaming\Python\Python310\site-packages\django\db\models\query.py", line 366, in __len__
    self._fetch_all()
  File "C:\Users\HP\AppData\Roaming\Python\Python310\site-packages\django\db\models\query.py", line 1949, in _fetch_all
    self._result_cache = list(self._iterable_class(self))
  File "C:\Users\HP\AppData\Roaming\Python\Python310\site-packages\django\db\models\query.py", line 91, in __iter__
    results = compiler.execute_sql(
  File "C:\Users\HP\AppData\Roaming\Python\Python310\site-packages\django\db\models\sql\compiler.py", line 1623, in execute_sql
    cursor.execute(sql, params)
  File "C:\Users\HP\AppData\Roaming\Python\Python310\site-packages\django\db\backends\utils.py", line 122, in execute
    return super().execute(sql, params)
  File "C:\Users\HP\AppData\Roaming\Python\Python310\site-packages\django\db\backends\utils.py", line 79, in execute
    return self._execute_with_wrappers(
  File "C:\Users\HP\AppData\Roaming\Python\Python310\site-packages\django\db\backends\utils.py", line 92, in _execute_with_wrappers
    return executor(sql, params, many, context)
  File "C:\Users\HP\AppData\Roaming\Python\Python310\site-packages\django\db\backends\utils.py", line 100, in _execute
    with self.db.wrap_database_errors:
  File "C:\Users\HP\AppData\Roaming\Python\Python310\site-packages\django\db\utils.py", line 91, in __exit__
    raise dj_exc_value.with_traceback(traceback) from exc_value
  File "C:\Users\HP\AppData\Roaming\Python\Python310\site-packages\django\db\backends\utils.py", line 105, in _execute
    return self.cursor.execute(sql, params)
  File "C:\Users\HP\AppData\Roaming\Python\Python310\site-packages\django\db\backends\sqlite3\base.py", line 360, in execute
    return super().execute(query, params)
django.db.utils.OperationalError: no such table: plag_userprofile
"GET /checkplagiarism/ HTTP/1.1" 500 467056
Dashboard error for user 3: name 'user_role' is not defined
Unhandled exception: no such table: plag_userprofile
Traceback (most recent call last):
  File "D:\python\plagiarismcheckerextra\plag\views.py", line 96, in dashboard
    if user_role == 'admin':
NameError: name 'user_role' is not defined

During handling of the above exception, another exception occurred:

Traceback (most recent call last):
  File "C:\Users\HP\AppData\Roaming\Python\Python310\site-packages\django\template\base.py", line 891, in _resolve_lookup
    current = current[bit]
  File "C:\Users\HP\AppData\Roaming\Python\Python310\site-packages\django\utils\functional.py", line 253, in inner
    return func(_wrapped, *args)
TypeError: 'User' object is not subscriptable

During handling of the above exception, another exception occurred:

Traceback (most recent call last):
  File "C:\Users\HP\AppData\Roaming\Python\Python310\site-packages\django\db\models\fields\related_descriptors.py", line 516, in __get__
    rel_obj = self.related.get_cached_value(instance)
  File "C:\Users\HP\AppData\Roaming\Python\Python310\site-packages\django\db\models\fields\mixins.py", line 37, in get_cached_value
    return instance._state.fields_cache[self.cache_name]
KeyError: 'userprofile'

During handling of the above exception, another exception occurred:

Traceback (most recent call last):
  File "C:\Users\HP\AppData\Roaming\Python\Python310\site-packages\django\db\backends\utils.py", line 105, in _execute
    return self.cursor.execute(sql, params)
  File "C:\Users\HP\AppData\Roaming\Python\Python310\site-packages\django\db\backends\sqlite3\base.py", line 360, in execute
    return super().execute(query, params)
sqlite3.OperationalError: no such table: plag_userprofile

The above exception was the direct cause of the following exception:

Traceback (most recent call last):
  File "C:\Users\HP\AppData\Roaming\Python\Python310\site-packages\django\core\handlers\base.py", line 197, in _get_response
    response = wrapped_callback(request, *callback_args, **callback_kwargs)
  File "C:\Users\HP\AppData\Roaming\Python\Python310\site-packages\django\contrib\auth\decorators.py", line 59, in _view_wrapper
    return view_func(request, *args, **kwargs)
  File "D:\python\plagiarismcheckerextra\plag\views.py", line 150, in dashboard
    return render(request, "dashboard.html", context)
  File "C:\Users\HP\AppData\Roaming\Python\Python310\site-packages\django\shortcuts.py", line 25, in render
    content = loader.render_to_string(template_name, context, request, using=using)
  File "C:\Users\HP\AppData\Roaming\Python\Python310\site-packages\django\template\loader.py", line 62, in render_to_string
    return template.render(context, request)
  File "C:\Users\HP\AppData\Roaming\Python\Python310\site-packages\django\template\backends\django.py", line 107, in render
    return self.template.render(context)
  File "C:\Users\HP\AppData\Roaming\Python\Python310\site-packages\django\template\base.py", line 171, in render
    return self._render(context)
  File "C:\Users\HP\AppData\Roaming\Python\Python310\site-packages\django\template\base.py", line 163, in _render
    return self.nodelist.render(context)
  File "C:\Users\HP\AppData\Roaming\Python\Python310\site-packages\django\template\base.py", line 1016, in render
    return SafeString("".join([node.render_annotated(context) for node in self]))
  File "C:\Users\HP\AppData\Roaming\Python\Python310\site-packages\django\template\base.py", line 1016, in <listcomp>
    return SafeString("".join([node.render_annotated(context) for node in self]))
  File "C:\Users\HP\AppData\Roaming\Python\Python310\site-packages\django\template\base.py", line 977, in render_annotated
    return self.render(context)
  File "C:\Users\HP\AppData\Roaming\Python\Python310\site-packages\django\template\loader_tags.py", line 159, in render
    return compiled_parent._render(context)
  File "C:\Users\HP\AppData\Roaming\Python\Python310\site-packages\django\template\base.py", line 163, in _render
    return self.nodelist.render(context)
  File "C:\Users\HP\AppData\Roaming\Python\Python310\site-packages\django\template\base.py", line 1016, in render
    return SafeString("".join([node.render_annotated(context) for node in self]))
  File "C:\Users\HP\AppData\Roaming\Python\Python310\site-packages\django\template\base.py", line 1016, in <listcomp>
    return SafeString("".join([node.render_annotated(context) for node in self]))
  File "C:\Users\HP\AppData\Roaming\Python\Python310\site-packages\django\template\base.py", line 977, in render_annotated
    return self.render(context)
  File "C:\Users\HP\AppData\Roaming\Python\Python310\site-packages\django\template\loader_tags.py", line 65, in render
    result = block.nodelist.render(context)
  File "C:\Users\HP\AppData\Roaming\Python\Python310\site-packages\django\template\base.py", line 1016, in render
    return SafeString("".join([node.render_annotated(context) for node in self]))
  File "C:\Users\HP\AppData\Roaming\Python\Python310\site-packages\django\template\base.py", line 1016, in <listcomp>
    return SafeString("".join([node.render_annotated(context) for node in self]))
  File "C:\Users\HP\AppData\Roaming\Python\Python310\site-packages\django\template\base.py", line 977, in render_annotated
    return self.render(context)
  File "C:\Users\HP\AppData\Roaming\Python\Python310\site-packages\django\template\defaulttags.py", line 320, in render
    match = condition.eval(context)
  File "C:\Users\HP\AppData\Roaming\Python\Python310\site-packages\django\template\defaulttags.py", line 886, in eval
    return self.value.resolve(context, ignore_failures=True)
  File "C:\Users\HP\AppData\Roaming\Python\Python310\site-packages\django\template\base.py", line 722, in resolve
    obj = self.var.resolve(context)
  File "C:\Users\HP\AppData\Roaming\Python\Python310\site-packages\django\template\base.py", line 854, in resolve
    value = self._resolve_lookup(context)
  File "C:\Users\HP\AppData\Roaming\Python\Python310\site-packages\django\template\base.py", line 901, in _resolve_lookup
    current = getattr(current, bit)
  File "C:\Users\HP\AppData\Roaming\Python\Python310\site-packages\django\utils\functional.py", line 253, in inner
    return func(_wrapped, *args)
  File "C:\Users\HP\AppData\Roaming\Python\Python310\site-packages\django\db\models\fields\related_descriptors.py", line 523, in __get__
    rel_obj = self.get_queryset(instance=instance).get(**filter_args)
  File "C:\Users\HP\AppData\Roaming\Python\Python310\site-packages\django\db\models\query.py", line 629, in get
    num = len(clone)
  File "C:\Users\HP\AppData\Roaming\Python\Python310\site-packages\django\db\models\query.py", line 366, in __len__
    self._fetch_all()
  File "C:\Users\HP\AppData\Roaming\Python\Python310\site-packages\django\db\models\query.py", line 1949, in _fetch_all
    self._result_cache = list(self._iterable_class(self))
  File "C:\Users\HP\AppData\Roaming\Python\Python310\site-packages\django\db\models\query.py", line 91, in __iter__
    results = compiler.execute_sql(
  File "C:\Users\HP\AppData\Roaming\Python\Python310\site-packages\django\db\models\sql\compiler.py", line 1623, in execute_sql
    cursor.execute(sql, params)
  File "C:\Users\HP\AppData\Roaming\Python\Python310\site-packages\django\db\backends\utils.py", line 122, in execute
    return super().execute(sql, params)
  File "C:\Users\HP\AppData\Roaming\Python\Python310\site-packages\django\db\backends\utils.py", line 79, in execute
    return self._execute_with_wrappers(
  File "C:\Users\HP\AppData\Roaming\Python\Python310\site-packages\django\db\backends\utils.py", line 92, in _execute_with_wrappers
    return executor(sql, params, many, context)
  File "C:\Users\HP\AppData\Roaming\Python\Python310\site-packages\django\db\backends\utils.py", line 100, in _execute
    with self.db.wrap_database_errors:
  File "C:\Users\HP\AppData\Roaming\Python\Python310\site-packages\django\db\utils.py", line 91, in __exit__
    raise dj_exc_value.with_traceback(traceback) from exc_value
  File "C:\Users\HP\AppData\Roaming\Python\Python310\site-packages\django\db\backends\utils.py", line 105, in _execute
    return self.cursor.execute(sql, params)
  File "C:\Users\HP\AppData\Roaming\Python\Python310\site-packages\django\db\backends\sqlite3\base.py", line 360, in execute
    return super().execute(query, params)
django.db.utils.OperationalError: no such table: plag_userprofile
Internal Server Error: /dashboard/
Traceback (most recent call last):
  File "D:\python\plagiarismcheckerextra\plag\views.py", line 96, in dashboard
    if user_role == 'admin':
NameError: name 'user_role' is not defined

During handling of the above exception, another exception occurred:

Traceback (most recent call last):
  File "C:\Users\HP\AppData\Roaming\Python\Python310\site-packages\django\template\base.py", line 891, in _resolve_lookup
    current = current[bit]
  File "C:\Users\HP\AppData\Roaming\Python\Python310\site-packages\django\utils\functional.py", line 253, in inner
    return func(_wrapped, *args)
TypeError: 'User' object is not subscriptable

During handling of the above exception, another exception occurred:

Traceback (most recent call last):
  File "C:\Users\HP\AppData\Roaming\Python\Python310\site-packages\django\db\models\fields\related_descriptors.py", line 516, in __get__
    rel_obj = self.related.get_cached_value(instance)
  File "C:\Users\HP\AppData\Roaming\Python\Python310\site-packages\django\db\models\fields\mixins.py", line 37, in get_cached_value
    return instance._state.fields_cache[self.cache_name]
KeyError: 'userprofile'

During handling of the above exception, another exception occurred:

Traceback (most recent call last):
  File "C:\Users\HP\AppData\Roaming\Python\Python310\site-packages\django\db\backends\utils.py", line 105, in _execute
    return self.cursor.execute(sql, params)
  File "C:\Users\HP\AppData\Roaming\Python\Python310\site-packages\django\db\backends\sqlite3\base.py", line 360, in execute
    return super().execute(query, params)
sqlite3.OperationalError: no such table: plag_userprofile

The above exception was the direct cause of the following exception:

Traceback (most recent call last):
  File "C:\Users\HP\AppData\Roaming\Python\Python310\site-packages\django\core\handlers\exception.py", line 55, in inner
    response = get_response(request)
  File "C:\Users\HP\AppData\Roaming\Python\Python310\site-packages\django\core\handlers\base.py", line 197, in _get_response
    response = wrapped_callback(request, *callback_args, **callback_kwargs)
  File "C:\Users\HP\AppData\Roaming\Python\Python310\site-packages\django\contrib\auth\decorators.py", line 59, in _view_wrapper
    return view_func(request, *args, **kwargs)
  File "D:\python\plagiarismcheckerextra\plag\views.py", line 150, in dashboard
    return render(request, "dashboard.html", context)
  File "C:\Users\HP\AppData\Roaming\Python\Python310\site-packages\django\shortcuts.py", line 25, in render
    content = loader.render_to_string(template_name, context, request, using=using)
  File "C:\Users\HP\AppData\Roaming\Python\Python310\site-packages\django\template\loader.py", line 62, in render_to_string
    return template.render(context, request)
  File "C:\Users\HP\AppData\Roaming\Python\Python310\site-packages\django\template\backends\django.py", line 107, in render
    return self.template.render(context)
  File "C:\Users\HP\AppData\Roaming\Python\Python310\site-packages\django\template\base.py", line 171, in render
    return self._render(context)
  File "C:\Users\HP\AppData\Roaming\Python\Python310\site-packages\django\template\base.py", line 163, in _render
    return self.nodelist.render(context)
  File "C:\Users\HP\AppData\Roaming\Python\Python310\site-packages\django\template\base.py", line 1016, in render
    return SafeString("".join([node.render_annotated(context) for node in self]))
  File "C:\Users\HP\AppData\Roaming\Python\Python310\site-packages\django\template\base.py", line 1016, in <listcomp>
    return SafeString("".join([node.render_annotated(context) for node in self]))
  File "C:\Users\HP\AppData\Roaming\Python\Python310\site-packages\django\template\base.py", line 977, in render_annotated
    return self.render(context)
  File "C:\Users\HP\AppData\Roaming\Python\Python310\site-packages\django\template\loader_tags.py", line 159, in render
    return compiled_parent._render(context)
  File "C:\Users\HP\AppData\Roaming\Python\Python310\site-packages\django\template\base.py", line 163, in _render
    return self.nodelist.render(context)
  File "C:\Users\HP\AppData\Roaming\Python\Python310\site-packages\django\template\base.py", line 1016, in render
    return SafeString("".join([node.render_annotated(context) for node in self]))
  File "C:\Users\HP\AppData\Roaming\Python\Python310\site-packages\django\template\base.py", line 1016, in <listcomp>
    return SafeString("".join([node.render_annotated(context) for node in self]))
  File "C:\Users\HP\AppData\Roaming\Python\Python310\site-packages\django\template\base.py", line 977, in render_annotated
    return self.render(context)
  File "C:\Users\HP\AppData\Roaming\Python\Python310\site-packages\django\template\loader_tags.py", line 65, in render
    result = block.nodelist.render(context)
  File "C:\Users\HP\AppData\Roaming\Python\Python310\site-packages\django\template\base.py", line 1016, in render
    return SafeString("".join([node.render_annotated(context) for node in self]))
  File "C:\Users\HP\AppData\Roaming\Python\Python310\site-packages\django\template\base.py", line 1016, in <listcomp>
    return SafeString("".join([node.render_annotated(context) for node in self]))
  File "C:\Users\HP\AppData\Roaming\Python\Python310\site-packages\django\template\base.py", line 977, in render_annotated
    return self.render(context)
  File "C:\Users\HP\AppData\Roaming\Python\Python310\site-packages\django\template\defaulttags.py", line 320, in render
    match = condition.eval(context)
  File "C:\Users\HP\AppData\Roaming\Python\Python310\site-packages\django\template\defaulttags.py", line 886, in eval
    return self.value.resolve(context, ignore_failures=True)
  File "C:\Users\HP\AppData\Roaming\Python\Python310\site-packages\django\template\base.py", line 722, in resolve
    obj = self.var.resolve(context)
  File "C:\Users\HP\AppData\Roaming\Python\Python310\site-packages\django\template\base.py", line 854, in resolve
    value = self._resolve_lookup(context)
  File "C:\Users\HP\AppData\Roaming\Python\Python310\site-packages\django\template\base.py", line 901, in _resolve_lookup
    current = getattr(current, bit)
  File "C:\Users\HP\AppData\Roaming\Python\Python310\site-packages\django\utils\functional.py", line 253, in inner
    return func(_wrapped, *args)
  File "C:\Users\HP\AppData\Roaming\Python\Python310\site-packages\django\db\models\fields\related_descriptors.py", line 523, in __get__
    rel_obj = self.get_queryset(instance=instance).get(**filter_args)
  File "C:\Users\HP\AppData\Roaming\Python\Python310\site-packages\django\db\models\query.py", line 629, in get
    num = len(clone)
  File "C:\Users\HP\AppData\Roaming\Python\Python310\site-packages\django\db\models\query.py", line 366, in __len__
    self._fetch_all()
  File "C:\Users\HP\AppData\Roaming\Python\Python310\site-packages\django\db\models\query.py", line 1949, in _fetch_all
    self._result_cache = list(self._iterable_class(self))
  File "C:\Users\HP\AppData\Roaming\Python\Python310\site-packages\django\db\models\query.py", line 91, in __iter__
    results = compiler.execute_sql(
  File "C:\Users\HP\AppData\Roaming\Python\Python310\site-packages\django\db\models\sql\compiler.py", line 1623, in execute_sql
    cursor.execute(sql, params)
  File "C:\Users\HP\AppData\Roaming\Python\Python310\site-packages\django\db\backends\utils.py", line 122, in execute
    return super().execute(sql, params)
  File "C:\Users\HP\AppData\Roaming\Python\Python310\site-packages\django\db\backends\utils.py", line 79, in execute
    return self._execute_with_wrappers(
  File "C:\Users\HP\AppData\Roaming\Python\Python310\site-packages\django\db\backends\utils.py", line 92, in _execute_with_wrappers
    return executor(sql, params, many, context)
  File "C:\Users\HP\AppData\Roaming\Python\Python310\site-packages\django\db\backends\utils.py", line 100, in _execute
    with self.db.wrap_database_errors:
  File "C:\Users\HP\AppData\Roaming\Python\Python310\site-packages\django\db\utils.py", line 91, in __exit__
    raise dj_exc_value.with_traceback(traceback) from exc_value
  File "C:\Users\HP\AppData\Roaming\Python\Python310\site-packages\django\db\backends\utils.py", line 105, in _execute
    return self.cursor.execute(sql, params)
  File "C:\Users\HP\AppData\Roaming\Python\Python310\site-packages\django\db\backends\sqlite3\base.py", line 360, in execute
    return super().execute(query, params)
django.db.utils.OperationalError: no such table: plag_userprofile
"GET /dashboard/ HTTP/1.1" 500 276826
Dashboard error for user 3: name 'user_role' is not defined
Unhandled exception: no such table: plag_userprofile
Traceback (most recent call last):
  File "D:\python\plagiarismcheckerextra\plag\views.py", line 96, in dashboard
    if user_role == 'admin':
NameError: name 'user_role' is not defined

During handling of the above exception, another exception occurred:

Traceback (most recent call last):
  File "C:\Users\HP\AppData\Roaming\Python\Python310\site-packages\django\template\base.py", line 891, in _resolve_lookup
    current = current[bit]
  File "C:\Users\HP\AppData\Roaming\Python\Python310\site-packages\django\utils\functional.py", line 253, in inner
    return func(_wrapped, *args)
TypeError: 'User' object is not subscriptable

During handling of the above exception, another exception occurred:

Traceback (most recent call last):
  File "C:\Users\HP\AppData\Roaming\Python\Python310\site-packages\django\db\models\fields\related_descriptors.py", line 516, in __get__
    rel_obj = self.related.get_cached_value(instance)
  File "C:\Users\HP\AppData\Roaming\Python\Python310\site-packages\django\db\models\fields\mixins.py", line 37, in get_cached_value
    return instance._state.fields_cache[self.cache_name]
KeyError: 'userprofile'

During handling of the above exception, another exception occurred:

Traceback (most recent call last):
  File "C:\Users\HP\AppData\Roaming\Python\Python310\site-packages\django\db\backends\utils.py", line 105, in _execute
    return self.cursor.execute(sql, params)
  File "C:\Users\HP\AppData\Roaming\Python\Python310\site-packages\django\db\backends\sqlite3\base.py", line 360, in execute
    return super().execute(query, params)
sqlite3.OperationalError: no such table: plag_userprofile

The above exception was the direct cause of the following exception:

Traceback (most recent call last):
  File "C:\Users\HP\AppData\Roaming\Python\Python310\site-packages\django\core\handlers\base.py", line 197, in _get_response
    response = wrapped_callback(request, *callback_args, **callback_kwargs)
  File "C:\Users\HP\AppData\Roaming\Python\Python310\site-packages\django\contrib\auth\decorators.py", line 59, in _view_wrapper
    return view_func(request, *args, **kwargs)
  File "D:\python\plagiarismcheckerextra\plag\views.py", line 150, in dashboard
    return render(request, "dashboard.html", context)
  File "C:\Users\HP\AppData\Roaming\Python\Python310\site-packages\django\shortcuts.py", line 25, in render
    content = loader.render_to_string(template_name, context, request, using=using)
  File "C:\Users\HP\AppData\Roaming\Python\Python310\site-packages\django\template\loader.py", line 62, in render_to_string
    return template.render(context, request)
  File "C:\Users\HP\AppData\Roaming\Python\Python310\site-packages\django\template\backends\django.py", line 107, in render
    return self.template.render(context)
  File "C:\Users\HP\AppData\Roaming\Python\Python310\site-packages\django\template\base.py", line 171, in render
    return self._render(context)
  File "C:\Users\HP\AppData\Roaming\Python\Python310\site-packages\django\template\base.py", line 163, in _render
    return self.nodelist.render(context)
  File "C:\Users\HP\AppData\Roaming\Python\Python310\site-packages\django\template\base.py", line 1016, in render
    return SafeString("".join([node.render_annotated(context) for node in self]))
  File "C:\Users\HP\AppData\Roaming\Python\Python310\site-packages\django\template\base.py", line 1016, in <listcomp>
    return SafeString("".join([node.render_annotated(context) for node in self]))
  File "C:\Users\HP\AppData\Roaming\Python\Python310\site-packages\django\template\base.py", line 977, in render_annotated
    return self.render(context)
  File "C:\Users\HP\AppData\Roaming\Python\Python310\site-packages\django\template\loader_tags.py", line 159, in render
    return compiled_parent._render(context)
  File "C:\Users\HP\AppData\Roaming\Python\Python310\site-packages\django\template\base.py", line 163, in _render
    return self.nodelist.render(context)
  File "C:\Users\HP\AppData\Roaming\Python\Python310\site-packages\django\template\base.py", line 1016, in render
    return SafeString("".join([node.render_annotated(context) for node in self]))
  File "C:\Users\HP\AppData\Roaming\Python\Python310\site-packages\django\template\base.py", line 1016, in <listcomp>
    return SafeString("".join([node.render_annotated(context) for node in self]))
  File "C:\Users\HP\AppData\Roaming\Python\Python310\site-packages\django\template\base.py", line 977, in render_annotated
    return self.render(context)
  File "C:\Users\HP\AppData\Roaming\Python\Python310\site-packages\django\template\loader_tags.py", line 65, in render
    result = block.nodelist.render(context)
  File "C:\Users\HP\AppData\Roaming\Python\Python310\site-packages\django\template\base.py", line 1016, in render
    return SafeString("".join([node.render_annotated(context) for node in self]))
  File "C:\Users\HP\AppData\Roaming\Python\Python310\site-packages\django\template\base.py", line 1016, in <listcomp>
    return SafeString("".join([node.render_annotated(context) for node in self]))
  File "C:\Users\HP\AppData\Roaming\Python\Python310\site-packages\django\template\base.py", line 977, in render_annotated
    return self.render(context)
  File "C:\Users\HP\AppData\Roaming\Python\Python310\site-packages\django\template\defaulttags.py", line 320, in render
    match = condition.eval(context)
  File "C:\Users\HP\AppData\Roaming\Python\Python310\site-packages\django\template\defaulttags.py", line 886, in eval
    return self.value.resolve(context, ignore_failures=True)
  File "C:\Users\HP\AppData\Roaming\Python\Python310\site-packages\django\template\base.py", line 722, in resolve
    obj = self.var.resolve(context)
  File "C:\Users\HP\AppData\Roaming\Python\Python310\site-packages\django\template\base.py", line 854, in resolve
    value = self._resolve_lookup(context)
  File "C:\Users\HP\AppData\Roaming\Python\Python310\site-packages\django\template\base.py", line 901, in _resolve_lookup
    current = getattr(current, bit)
  File "C:\Users\HP\AppData\Roaming\Python\Python310\site-packages\django\utils\functional.py", line 253, in inner
    return func(_wrapped, *args)
  File "C:\Users\HP\AppData\Roaming\Python\Python310\site-packages\django\db\models\fields\related_descriptors.py", line 523, in __get__
    rel_obj = self.get_queryset(instance=instance).get(**filter_args)
  File "C:\Users\HP\AppData\Roaming\Python\Python310\site-packages\django\db\models\query.py", line 629, in get
    num = len(clone)
  File "C:\Users\HP\AppData\Roaming\Python\Python310\site-packages\django\db\models\query.py", line 366, in __len__
    self._fetch_all()
  File "C:\Users\HP\AppData\Roaming\Python\Python310\site-packages\django\db\models\query.py", line 1949, in _fetch_all
    self._result_cache = list(self._iterable_class(self))
  File "C:\Users\HP\AppData\Roaming\Python\Python310\site-packages\django\db\models\query.py", line 91, in __iter__
    results = compiler.execute_sql(
  File "C:\Users\HP\AppData\Roaming\Python\Python310\site-packages\django\db\models\sql\compiler.py", line 1623, in execute_sql
    cursor.execute(sql, params)
  File "C:\Users\HP\AppData\Roaming\Python\Python310\site-packages\django\db\backends\utils.py", line 122, in execute
    return super().execute(sql, params)
  File "C:\Users\HP\AppData\Roaming\Python\Python310\site-packages\django\db\backends\utils.py", line 79, in execute
    return self._execute_with_wrappers(
  File "C:\Users\HP\AppData\Roaming\Python\Python310\site-packages\django\db\backends\utils.py", line 92, in _execute_with_wrappers
    return executor(sql, params, many, context)
  File "C:\Users\HP\AppData\Roaming\Python\Python310\site-packages\django\db\backends\utils.py", line 100, in _execute
    with self.db.wrap_database_errors:
  File "C:\Users\HP\AppData\Roaming\Python\Python310\site-packages\django\db\utils.py", line 91, in __exit__
    raise dj_exc_value.with_traceback(traceback) from exc_value
  File "C:\Users\HP\AppData\Roaming\Python\Python310\site-packages\django\db\backends\utils.py", line 105, in _execute
    return self.cursor.execute(sql, params)
  File "C:\Users\HP\AppData\Roaming\Python\Python310\site-packages\django\db\backends\sqlite3\base.py", line 360, in execute
    return super().execute(query, params)
django.db.utils.OperationalError: no such table: plag_userprofile
Internal Server Error: /dashboard/
Traceback (most recent call last):
  File "D:\python\plagiarismcheckerextra\plag\views.py", line 96, in dashboard
    if user_role == 'admin':
NameError: name 'user_role' is not defined

During handling of the above exception, another exception occurred:

Traceback (most recent call last):
  File "C:\Users\HP\AppData\Roaming\Python\Python310\site-packages\django\template\base.py", line 891, in _resolve_lookup
    current = current[bit]
  File "C:\Users\HP\AppData\Roaming\Python\Python310\site-packages\django\utils\functional.py", line 253, in inner
    return func(_wrapped, *args)
TypeError: 'User' object is not subscriptable

During handling of the above exception, another exception occurred:

Traceback (most recent call last):
  File "C:\Users\HP\AppData\Roaming\Python\Python310\site-packages\django\db\models\fields\related_descriptors.py", line 516, in __get__
    rel_obj = self.related.get_cached_value(instance)
  File "C:\Users\HP\AppData\Roaming\Python\Python310\site-packages\django\db\models\fields\mixins.py", line 37, in get_cached_value
    return instance._state.fields_cache[self.cache_name]
KeyError: 'userprofile'

During handling of the above exception, another exception occurred:

Traceback (most recent call last):
  File "C:\Users\HP\AppData\Roaming\Python\Python310\site-packages\django\db\backends\utils.py", line 105, in _execute
    return self.cursor.execute(sql, params)
  File "C:\Users\HP\AppData\Roaming\Python\Python310\site-packages\django\db\backends\sqlite3\base.py", line 360, in execute
    return super().execute(query, params)
sqlite3.OperationalError: no such table: plag_userprofile

The above exception was the direct cause of the following exception:

Traceback (most recent call last):
  File "C:\Users\HP\AppData\Roaming\Python\Python310\site-packages\django\core\handlers\exception.py", line 55, in inner
    response = get_response(request)
  File "C:\Users\HP\AppData\Roaming\Python\Python310\site-packages\django\core\handlers\base.py", line 197, in _get_response
    response = wrapped_callback(request, *callback_args, **callback_kwargs)
  File "C:\Users\HP\AppData\Roaming\Python\Python310\site-packages\django\contrib\auth\decorators.py", line 59, in _view_wrapper
    return view_func(request, *args, **kwargs)
  File "D:\python\plagiarismcheckerextra\plag\views.py", line 150, in dashboard
    return render(request, "dashboard.html", context)
  File "C:\Users\HP\AppData\Roaming\Python\Python310\site-packages\django\shortcuts.py", line 25, in render
    content = loader.render_to_string(template_name, context, request, using=using)
  File "C:\Users\HP\AppData\Roaming\Python\Python310\site-packages\django\template\loader.py", line 62, in render_to_string
    return template.render(context, request)
  File "C:\Users\HP\AppData\Roaming\Python\Python310\site-packages\django\template\backends\django.py", line 107, in render
    return self.template.render(context)
  File "C:\Users\HP\AppData\Roaming\Python\Python310\site-packages\django\template\base.py", line 171, in render
    return self._render(context)
  File "C:\Users\HP\AppData\Roaming\Python\Python310\site-packages\django\template\base.py", line 163, in _render
    return self.nodelist.render(context)
  File "C:\Users\HP\AppData\Roaming\Python\Python310\site-packages\django\template\base.py", line 1016, in render
    return SafeString("".join([node.render_annotated(context) for node in self]))
  File "C:\Users\HP\AppData\Roaming\Python\Python310\site-packages\django\template\base.py", line 1016, in <listcomp>
    return SafeString("".join([node.render_annotated(context) for node in self]))
  File "C:\Users\HP\AppData\Roaming\Python\Python310\site-packages\django\template\base.py", line 977, in render_annotated
    return self.render(context)
  File "C:\Users\HP\AppData\Roaming\Python\Python310\site-packages\django\template\loader_tags.py", line 159, in render
    return compiled_parent._render(context)
  File "C:\Users\HP\AppData\Roaming\Python\Python310\site-packages\django\template\base.py", line 163, in _render
    return self.nodelist.render(context)
  File "C:\Users\HP\AppData\Roaming\Python\Python310\site-packages\django\template\base.py", line 1016, in render
    return SafeString("".join([node.render_annotated(context) for node in self]))
  File "C:\Users\HP\AppData\Roaming\Python\Python310\site-packages\django\template\base.py", line 1016, in <listcomp>
    return SafeString("".join([node.render_annotated(context) for node in self]))
  File "C:\Users\HP\AppData\Roaming\Python\Python310\site-packages\django\template\base.py", line 977, in render_annotated
    return self.render(context)
  File "C:\Users\HP\AppData\Roaming\Python\Python310\site-packages\django\template\loader_tags.py", line 65, in render
    result = block.nodelist.render(context)
  File "C:\Users\HP\AppData\Roaming\Python\Python310\site-packages\django\template\base.py", line 1016, in render
    return SafeString("".join([node.render_annotated(context) for node in self]))
  File "C:\Users\HP\AppData\Roaming\Python\Python310\site-packages\django\template\base.py", line 1016, in <listcomp>
    return SafeString("".join([node.render_annotated(context) for node in self]))
  File "C:\Users\HP\AppData\Roaming\Python\Python310\site-packages\django\template\base.py", line 977, in render_annotated
    return self.render(context)
  File "C:\Users\HP\AppData\Roaming\Python\Python310\site-packages\django\template\defaulttags.py", line 320, in render
    match = condition.eval(context)
  File "C:\Users\HP\AppData\Roaming\Python\Python310\site-packages\django\template\defaulttags.py", line 886, in eval
    return self.value.resolve(context, ignore_failures=True)
  File "C:\Users\HP\AppData\Roaming\Python\Python310\site-packages\django\template\base.py", line 722, in resolve
    obj = self.var.resolve(context)
  File "C:\Users\HP\AppData\Roaming\Python\Python310\site-packages\django\template\base.py", line 854, in resolve
    value = self._resolve_lookup(context)
  File "C:\Users\HP\AppData\Roaming\Python\Python310\site-packages\django\template\base.py", line 901, in _resolve_lookup
    current = getattr(current, bit)
  File "C:\Users\HP\AppData\Roaming\Python\Python310\site-packages\django\utils\functional.py", line 253, in inner
    return func(_wrapped, *args)
  File "C:\Users\HP\AppData\Roaming\Python\Python310\site-packages\django\db\models\fields\related_descriptors.py", line 523, in __get__
    rel_obj = self.get_queryset(instance=instance).get(**filter_args)
  File "C:\Users\HP\AppData\Roaming\Python\Python310\site-packages\django\db\models\query.py", line 629, in get
    num = len(clone)
  File "C:\Users\HP\AppData\Roaming\Python\Python310\site-packages\django\db\models\query.py", line 366, in __len__
    self._fetch_all()
  File "C:\Users\HP\AppData\Roaming\Python\Python310\site-packages\django\db\models\query.py", line 1949, in _fetch_all
    self._result_cache = list(self._iterable_class(self))
  File "C:\Users\HP\AppData\Roaming\Python\Python310\site-packages\django\db\models\query.py", line 91, in __iter__
    results = compiler.execute_sql(
  File "C:\Users\HP\AppData\Roaming\Python\Python310\site-packages\django\db\models\sql\compiler.py", line 1623, in execute_sql
    cursor.execute(sql, params)
  File "C:\Users\HP\AppData\Roaming\Python\Python310\site-packages\django\db\backends\utils.py", line 122, in execute
    return super().execute(sql, params)
  File "C:\Users\HP\AppData\Roaming\Python\Python310\site-packages\django\db\backends\utils.py", line 79, in execute
    return self._execute_with_wrappers(
  File "C:\Users\HP\AppData\Roaming\Python\Python310\site-packages\django\db\backends\utils.py", line 92, in _execute_with_wrappers
    return executor(sql, params, many, context)
  File "C:\Users\HP\AppData\Roaming\Python\Python310\site-packages\django\db\backends\utils.py", line 100, in _execute
    with self.db.wrap_database_errors:
  File "C:\Users\HP\AppData\Roaming\Python\Python310\site-packages\django\db\utils.py", line 91, in __exit__
    raise dj_exc_value.with_traceback(traceback) from exc_value
  File "C:\Users\HP\AppData\Roaming\Python\Python310\site-packages\django\db\backends\utils.py", line 105, in _execute
    return self.cursor.execute(sql, params)
  File "C:\Users\HP\AppData\Roaming\Python\Python310\site-packages\django\db\backends\sqlite3\base.py", line 360, in execute
    return super().execute(query, params)
django.db.utils.OperationalError: no such table: plag_userprofile
"GET /dashboard/ HTTP/1.1" 500 276950
Dashboard error for user 3: name 'user_role' is not defined
Unhandled exception: no such table: plag_userprofile
Traceback (most recent call last):
  File "D:\python\plagiarismcheckerextra\plag\views.py", line 96, in dashboard
    if user_role == 'admin':
NameError: name 'user_role' is not defined

During handling of the above exception, another exception occurred:

Traceback (most recent call last):
  File "C:\Users\HP\AppData\Roaming\Python\Python310\site-packages\django\template\base.py", line 891, in _resolve_lookup
    current = current[bit]
  File "C:\Users\HP\AppData\Roaming\Python\Python310\site-packages\django\utils\functional.py", line 253, in inner
    return func(_wrapped, *args)
TypeError: 'User' object is not subscriptable

During handling of the above exception, another exception occurred:

Traceback (most recent call last):
  File "C:\Users\HP\AppData\Roaming\Python\Python310\site-packages\django\db\models\fields\related_descriptors.py", line 516, in __get__
    rel_obj = self.related.get_cached_value(instance)
  File "C:\Users\HP\AppData\Roaming\Python\Python310\site-packages\django\db\models\fields\mixins.py", line 37, in get_cached_value
    return instance._state.fields_cache[self.cache_name]
KeyError: 'userprofile'

During handling of the above exception, another exception occurred:

Traceback (most recent call last):
  File "C:\Users\HP\AppData\Roaming\Python\Python310\site-packages\django\db\backends\utils.py", line 105, in _execute
    return self.cursor.execute(sql, params)
  File "C:\Users\HP\AppData\Roaming\Python\Python310\site-packages\django\db\backends\sqlite3\base.py", line 360, in execute
    return super().execute(query, params)
sqlite3.OperationalError: no such table: plag_userprofile

The above exception was the direct cause of the following exception:

Traceback (most recent call last):
  File "C:\Users\HP\AppData\Roaming\Python\Python310\site-packages\django\core\handlers\base.py", line 197, in _get_response
    response = wrapped_callback(request, *callback_args, **callback_kwargs)
  File "C:\Users\HP\AppData\Roaming\Python\Python310\site-packages\django\contrib\auth\decorators.py", line 59, in _view_wrapper
    return view_func(request, *args, **kwargs)
  File "D:\python\plagiarismcheckerextra\plag\views.py", line 150, in dashboard
    return render(request, "dashboard.html", context)
  File "C:\Users\HP\AppData\Roaming\Python\Python310\site-packages\django\shortcuts.py", line 25, in render
    content = loader.render_to_string(template_name, context, request, using=using)
  File "C:\Users\HP\AppData\Roaming\Python\Python310\site-packages\django\template\loader.py", line 62, in render_to_string
    return template.render(context, request)
  File "C:\Users\HP\AppData\Roaming\Python\Python310\site-packages\django\template\backends\django.py", line 107, in render
    return self.template.render(context)
  File "C:\Users\HP\AppData\Roaming\Python\Python310\site-packages\django\template\base.py", line 171, in render
    return self._render(context)
  File "C:\Users\HP\AppData\Roaming\Python\Python310\site-packages\django\template\base.py", line 163, in _render
    return self.nodelist.render(context)
  File "C:\Users\HP\AppData\Roaming\Python\Python310\site-packages\django\template\base.py", line 1016, in render
    return SafeString("".join([node.render_annotated(context) for node in self]))
  File "C:\Users\HP\AppData\Roaming\Python\Python310\site-packages\django\template\base.py", line 1016, in <listcomp>
    return SafeString("".join([node.render_annotated(context) for node in self]))
  File "C:\Users\HP\AppData\Roaming\Python\Python310\site-packages\django\template\base.py", line 977, in render_annotated
    return self.render(context)
  File "C:\Users\HP\AppData\Roaming\Python\Python310\site-packages\django\template\loader_tags.py", line 159, in render
    return compiled_parent._render(context)
  File "C:\Users\HP\AppData\Roaming\Python\Python310\site-packages\django\template\base.py", line 163, in _render
    return self.nodelist.render(context)
  File "C:\Users\HP\AppData\Roaming\Python\Python310\site-packages\django\template\base.py", line 1016, in render
    return SafeString("".join([node.render_annotated(context) for node in self]))
  File "C:\Users\HP\AppData\Roaming\Python\Python310\site-packages\django\template\base.py", line 1016, in <listcomp>
    return SafeString("".join([node.render_annotated(context) for node in self]))
  File "C:\Users\HP\AppData\Roaming\Python\Python310\site-packages\django\template\base.py", line 977, in render_annotated
    return self.render(context)
  File "C:\Users\HP\AppData\Roaming\Python\Python310\site-packages\django\template\loader_tags.py", line 65, in render
    result = block.nodelist.render(context)
  File "C:\Users\HP\AppData\Roaming\Python\Python310\site-packages\django\template\base.py", line 1016, in render
    return SafeString("".join([node.render_annotated(context) for node in self]))
  File "C:\Users\HP\AppData\Roaming\Python\Python310\site-packages\django\template\base.py", line 1016, in <listcomp>
    return SafeString("".join([node.render_annotated(context) for node in self]))
  File "C:\Users\HP\AppData\Roaming\Python\Python310\site-packages\django\template\base.py", line 977, in render_annotated
    return self.render(context)
  File "C:\Users\HP\AppData\Roaming\Python\Python310\site-packages\django\template\defaulttags.py", line 320, in render
    match = condition.eval(context)
  File "C:\Users\HP\AppData\Roaming\Python\Python310\site-packages\django\template\defaulttags.py", line 886, in eval
    return self.value.resolve(context, ignore_failures=True)
  File "C:\Users\HP\AppData\Roaming\Python\Python310\site-packages\django\template\base.py", line 722, in resolve
    obj = self.var.resolve(context)
  File "C:\Users\HP\AppData\Roaming\Python\Python310\site-packages\django\template\base.py", line 854, in resolve
    value = self._resolve_lookup(context)
  File "C:\Users\HP\AppData\Roaming\Python\Python310\site-packages\django\template\base.py", line 901, in _resolve_lookup
    current = getattr(current, bit)
  File "C:\Users\HP\AppData\Roaming\Python\Python310\site-packages\django\utils\functional.py", line 253, in inner
    return func(_wrapped, *args)
  File "C:\Users\HP\AppData\Roaming\Python\Python310\site-packages\django\db\models\fields\related_descriptors.py", line 523, in __get__
    rel_obj = self.get_queryset(instance=instance).get(**filter_args)
  File "C:\Users\HP\AppData\Roaming\Python\Python310\site-packages\django\db\models\query.py", line 629, in get
    num = len(clone)
  File "C:\Users\HP\AppData\Roaming\Python\Python310\site-packages\django\db\models\query.py", line 366, in __len__
    self._fetch_all()
  File "C:\Users\HP\AppData\Roaming\Python\Python310\site-packages\django\db\models\query.py", line 1949, in _fetch_all
    self._result_cache = list(self._iterable_class(self))
  File "C:\Users\HP\AppData\Roaming\Python\Python310\site-packages\django\db\models\query.py", line 91, in __iter__
    results = compiler.execute_sql(
  File "C:\Users\HP\AppData\Roaming\Python\Python310\site-packages\django\db\models\sql\compiler.py", line 1623, in execute_sql
    cursor.execute(sql, params)
  File "C:\Users\HP\AppData\Roaming\Python\Python310\site-packages\django\db\backends\utils.py", line 122, in execute
    return super().execute(sql, params)
  File "C:\Users\HP\AppData\Roaming\Python\Python310\site-packages\django\db\backends\utils.py", line 79, in execute
    return self._execute_with_wrappers(
  File "C:\Users\HP\AppData\Roaming\Python\Python310\site-packages\django\db\backends\utils.py", line 92, in _execute_with_wrappers
    return executor(sql, params, many, context)
  File "C:\Users\HP\AppData\Roaming\Python\Python310\site-packages\django\db\backends\utils.py", line 100, in _execute
    with self.db.wrap_database_errors:
  File "C:\Users\HP\AppData\Roaming\Python\Python310\site-packages\django\db\utils.py", line 91, in __exit__
    raise dj_exc_value.with_traceback(traceback) from exc_value
  File "C:\Users\HP\AppData\Roaming\Python\Python310\site-packages\django\db\backends\utils.py", line 105, in _execute
    return self.cursor.execute(sql, params)
  File "C:\Users\HP\AppData\Roaming\Python\Python310\site-packages\django\db\backends\sqlite3\base.py", line 360, in execute
    return super().execute(query, params)
django.db.utils.OperationalError: no such table: plag_userprofile
Internal Server Error: /dashboard/
Traceback (most recent call last):
  File "D:\python\plagiarismcheckerextra\plag\views.py", line 96, in dashboard
    if user_role == 'admin':
NameError: name 'user_role' is not defined

During handling of the above exception, another exception occurred:

Traceback (most recent call last):
  File "C:\Users\HP\AppData\Roaming\Python\Python310\site-packages\django\template\base.py", line 891, in _resolve_lookup
    current = current[bit]
  File "C:\Users\HP\AppData\Roaming\Python\Python310\site-packages\django\utils\functional.py", line 253, in inner
    return func(_wrapped, *args)
TypeError: 'User' object is not subscriptable

During handling of the above exception, another exception occurred:

Traceback (most recent call last):
  File "C:\Users\HP\AppData\Roaming\Python\Python310\site-packages\django\db\models\fields\related_descriptors.py", line 516, in __get__
    rel_obj = self.related.get_cached_value(instance)
  File "C:\Users\HP\AppData\Roaming\Python\Python310\site-packages\django\db\models\fields\mixins.py", line 37, in get_cached_value
    return instance._state.fields_cache[self.cache_name]
KeyError: 'userprofile'

During handling of the above exception, another exception occurred:

Traceback (most recent call last):
  File "C:\Users\HP\AppData\Roaming\Python\Python310\site-packages\django\db\backends\utils.py", line 105, in _execute
    return self.cursor.execute(sql, params)
  File "C:\Users\HP\AppData\Roaming\Python\Python310\site-packages\django\db\backends\sqlite3\base.py", line 360, in execute
    return super().execute(query, params)
sqlite3.OperationalError: no such table: plag_userprofile

The above exception was the direct cause of the following exception:

Traceback (most recent call last):
  File "C:\Users\HP\AppData\Roaming\Python\Python310\site-packages\django\core\handlers\exception.py", line 55, in inner
    response = get_response(request)
  File "C:\Users\HP\AppData\Roaming\Python\Python310\site-packages\django\core\handlers\base.py", line 197, in _get_response
    response = wrapped_callback(request, *callback_args, **callback_kwargs)
  File "C:\Users\HP\AppData\Roaming\Python\Python310\site-packages\django\contrib\auth\decorators.py", line 59, in _view_wrapper
    return view_func(request, *args, **kwargs)
  File "D:\python\plagiarismcheckerextra\plag\views.py", line 150, in dashboard
    return render(request, "dashboard.html", context)
  File "C:\Users\HP\AppData\Roaming\Python\Python310\site-packages\django\shortcuts.py", line 25, in render
    content = loader.render_to_string(template_name, context, request, using=using)
  File "C:\Users\HP\AppData\Roaming\Python\Python310\site-packages\django\template\loader.py", line 62, in render_to_string
    return template.render(context, request)
  File "C:\Users\HP\AppData\Roaming\Python\Python310\site-packages\django\template\backends\django.py", line 107, in render
    return self.template.render(context)
  File "C:\Users\HP\AppData\Roaming\Python\Python310\site-packages\django\template\base.py", line 171, in render
    return self._render(context)
  File "C:\Users\HP\AppData\Roaming\Python\Python310\site-packages\django\template\base.py", line 163, in _render
    return self.nodelist.render(context)
  File "C:\Users\HP\AppData\Roaming\Python\Python310\site-packages\django\template\base.py", line 1016, in render
    return SafeString("".join([node.render_annotated(context) for node in self]))
  File "C:\Users\HP\AppData\Roaming\Python\Python310\site-packages\django\template\base.py", line 1016, in <listcomp>
    return SafeString("".join([node.render_annotated(context) for node in self]))
  File "C:\Users\HP\AppData\Roaming\Python\Python310\site-packages\django\template\base.py", line 977, in render_annotated
    return self.render(context)
  File "C:\Users\HP\AppData\Roaming\Python\Python310\site-packages\django\template\loader_tags.py", line 159, in render
    return compiled_parent._render(context)
  File "C:\Users\HP\AppData\Roaming\Python\Python310\site-packages\django\template\base.py", line 163, in _render
    return self.nodelist.render(context)
  File "C:\Users\HP\AppData\Roaming\Python\Python310\site-packages\django\template\base.py", line 1016, in render
    return SafeString("".join([node.render_annotated(context) for node in self]))
  File "C:\Users\HP\AppData\Roaming\Python\Python310\site-packages\django\template\base.py", line 1016, in <listcomp>
    return SafeString("".join([node.render_annotated(context) for node in self]))
  File "C:\Users\HP\AppData\Roaming\Python\Python310\site-packages\django\template\base.py", line 977, in render_annotated
    return self.render(context)
  File "C:\Users\HP\AppData\Roaming\Python\Python310\site-packages\django\template\loader_tags.py", line 65, in render
    result = block.nodelist.render(context)
  File "C:\Users\HP\AppData\Roaming\Python\Python310\site-packages\django\template\base.py", line 1016, in render
    return SafeString("".join([node.render_annotated(context) for node in self]))
  File "C:\Users\HP\AppData\Roaming\Python\Python310\site-packages\django\template\base.py", line 1016, in <listcomp>
    return SafeString("".join([node.render_annotated(context) for node in self]))
  File "C:\Users\HP\AppData\Roaming\Python\Python310\site-packages\django\template\base.py", line 977, in render_annotated
    return self.render(context)
  File "C:\Users\HP\AppData\Roaming\Python\Python310\site-packages\django\template\defaulttags.py", line 320, in render
    match = condition.eval(context)
  File "C:\Users\HP\AppData\Roaming\Python\Python310\site-packages\django\template\defaulttags.py", line 886, in eval
    return self.value.resolve(context, ignore_failures=True)
  File "C:\Users\HP\AppData\Roaming\Python\Python310\site-packages\django\template\base.py", line 722, in resolve
    obj = self.var.resolve(context)
  File "C:\Users\HP\AppData\Roaming\Python\Python310\site-packages\django\template\base.py", line 854, in resolve
    value = self._resolve_lookup(context)
  File "C:\Users\HP\AppData\Roaming\Python\Python310\site-packages\django\template\base.py", line 901, in _resolve_lookup
    current = getattr(current, bit)
  File "C:\Users\HP\AppData\Roaming\Python\Python310\site-packages\django\utils\functional.py", line 253, in inner
    return func(_wrapped, *args)
  File "C:\Users\HP\AppData\Roaming\Python\Python310\site-packages\django\db\models\fields\related_descriptors.py", line 523, in __get__
    rel_obj = self.get_queryset(instance=instance).get(**filter_args)
  File "C:\Users\HP\AppData\Roaming\Python\Python310\site-packages\django\db\models\query.py", line 629, in get
    num = len(clone)
  File "C:\Users\HP\AppData\Roaming\Python\Python310\site-packages\django\db\models\query.py", line 366, in __len__
    self._fetch_all()
  File "C:\Users\HP\AppData\Roaming\Python\Python310\site-packages\django\db\models\query.py", line 1949, in _fetch_all
    self._result_cache = list(self._iterable_class(self))
  File "C:\Users\HP\AppData\Roaming\Python\Python310\site-packages\django\db\models\query.py", line 91, in __iter__
    results = compiler.execute_sql(
  File "C:\Users\HP\AppData\Roaming\Python\Python310\site-packages\django\db\models\sql\compiler.py", line 1623, in execute_sql
    cursor.execute(sql, params)
  File "C:\Users\HP\AppData\Roaming\Python\Python310\site-packages\django\db\backends\utils.py", line 122, in execute
    return super().execute(sql, params)
  File "C:\Users\HP\AppData\Roaming\Python\Python310\site-packages\django\db\backends\utils.py", line 79, in execute
    return self._execute_with_wrappers(
  File "C:\Users\HP\AppData\Roaming\Python\Python310\site-packages\django\db\backends\utils.py", line 92, in _execute_with_wrappers
    return executor(sql, params, many, context)
  File "C:\Users\HP\AppData\Roaming\Python\Python310\site-packages\django\db\backends\utils.py", line 100, in _execute
    with self.db.wrap_database_errors:
  File "C:\Users\HP\AppData\Roaming\Python\Python310\site-packages\django\db\utils.py", line 91, in __exit__
    raise dj_exc_value.with_traceback(traceback) from exc_value
  File "C:\Users\HP\AppData\Roaming\Python\Python310\site-packages\django\db\backends\utils.py", line 105, in _execute
    return self.cursor.execute(sql, params)
  File "C:\Users\HP\AppData\Roaming\Python\Python310\site-packages\django\db\backends\sqlite3\base.py", line 360, in execute
    return super().execute(query, params)
django.db.utils.OperationalError: no such table: plag_userprofile
"GET /dashboard/ HTTP/1.1" 500 277087
Dashboard error for user 3: name 'user_role' is not defined
Unhandled exception: no such table: plag_userprofile
Traceback (most recent call last):
  File "D:\python\plagiarismcheckerextra\plag\views.py", line 96, in dashboard
    if user_role == 'admin':
NameError: name 'user_role' is not defined

During handling of the above exception, another exception occurred:

Traceback (most recent call last):
  File "C:\Users\HP\AppData\Roaming\Python\Python310\site-packages\django\template\base.py", line 891, in _resolve_lookup
    current = current[bit]
  File "C:\Users\HP\AppData\Roaming\Python\Python310\site-packages\django\utils\functional.py", line 253, in inner
    return func(_wrapped, *args)
TypeError: 'User' object is not subscriptable

During handling of the above exception, another exception occurred:

Traceback (most recent call last):
  File "C:\Users\HP\AppData\Roaming\Python\Python310\site-packages\django\db\models\fields\related_descriptors.py", line 516, in __get__
    rel_obj = self.related.get_cached_value(instance)
  File "C:\Users\HP\AppData\Roaming\Python\Python310\site-packages\django\db\models\fields\mixins.py", line 37, in get_cached_value
    return instance._state.fields_cache[self.cache_name]
KeyError: 'userprofile'

During handling of the above exception, another exception occurred:

Traceback (most recent call last):
  File "C:\Users\HP\AppData\Roaming\Python\Python310\site-packages\django\db\backends\utils.py", line 105, in _execute
    return self.cursor.execute(sql, params)
  File "C:\Users\HP\AppData\Roaming\Python\Python310\site-packages\django\db\backends\sqlite3\base.py", line 360, in execute
    return super().execute(query, params)
sqlite3.OperationalError: no such table: plag_userprofile

The above exception was the direct cause of the following exception:

Traceback (most recent call last):
  File "C:\Users\HP\AppData\Roaming\Python\Python310\site-packages\django\core\handlers\base.py", line 197, in _get_response
    response = wrapped_callback(request, *callback_args, **callback_kwargs)
  File "C:\Users\HP\AppData\Roaming\Python\Python310\site-packages\django\contrib\auth\decorators.py", line 59, in _view_wrapper
    return view_func(request, *args, **kwargs)
  File "D:\python\plagiarismcheckerextra\plag\views.py", line 150, in dashboard
    return render(request, "dashboard.html", context)
  File "C:\Users\HP\AppData\Roaming\Python\Python310\site-packages\django\shortcuts.py", line 25, in render
    content = loader.render_to_string(template_name, context, request, using=using)
  File "C:\Users\HP\AppData\Roaming\Python\Python310\site-packages\django\template\loader.py", line 62, in render_to_string
    return template.render(context, request)
  File "C:\Users\HP\AppData\Roaming\Python\Python310\site-packages\django\template\backends\django.py", line 107, in render
    return self.template.render(context)
  File "C:\Users\HP\AppData\Roaming\Python\Python310\site-packages\django\template\base.py", line 171, in render
    return self._render(context)
  File "C:\Users\HP\AppData\Roaming\Python\Python310\site-packages\django\template\base.py", line 163, in _render
    return self.nodelist.render(context)
  File "C:\Users\HP\AppData\Roaming\Python\Python310\site-packages\django\template\base.py", line 1016, in render
    return SafeString("".join([node.render_annotated(context) for node in self]))
  File "C:\Users\HP\AppData\Roaming\Python\Python310\site-packages\django\template\base.py", line 1016, in <listcomp>
    return SafeString("".join([node.render_annotated(context) for node in self]))
  File "C:\Users\HP\AppData\Roaming\Python\Python310\site-packages\django\template\base.py", line 977, in render_annotated
    return self.render(context)
  File "C:\Users\HP\AppData\Roaming\Python\Python310\site-packages\django\template\loader_tags.py", line 159, in render
    return compiled_parent._render(context)
  File "C:\Users\HP\AppData\Roaming\Python\Python310\site-packages\django\template\base.py", line 163, in _render
    return self.nodelist.render(context)
  File "C:\Users\HP\AppData\Roaming\Python\Python310\site-packages\django\template\base.py", line 1016, in render
    return SafeString("".join([node.render_annotated(context) for node in self]))
  File "C:\Users\HP\AppData\Roaming\Python\Python310\site-packages\django\template\base.py", line 1016, in <listcomp>
    return SafeString("".join([node.render_annotated(context) for node in self]))
  File "C:\Users\HP\AppData\Roaming\Python\Python310\site-packages\django\template\base.py", line 977, in render_annotated
    return self.render(context)
  File "C:\Users\HP\AppData\Roaming\Python\Python310\site-packages\django\template\loader_tags.py", line 65, in render
    result = block.nodelist.render(context)
  File "C:\Users\HP\AppData\Roaming\Python\Python310\site-packages\django\template\base.py", line 1016, in render
    return SafeString("".join([node.render_annotated(context) for node in self]))
  File "C:\Users\HP\AppData\Roaming\Python\Python310\site-packages\django\template\base.py", line 1016, in <listcomp>
    return SafeString("".join([node.render_annotated(context) for node in self]))
  File "C:\Users\HP\AppData\Roaming\Python\Python310\site-packages\django\template\base.py", line 977, in render_annotated
    return self.render(context)
  File "C:\Users\HP\AppData\Roaming\Python\Python310\site-packages\django\template\defaulttags.py", line 320, in render
    match = condition.eval(context)
  File "C:\Users\HP\AppData\Roaming\Python\Python310\site-packages\django\template\defaulttags.py", line 886, in eval
    return self.value.resolve(context, ignore_failures=True)
  File "C:\Users\HP\AppData\Roaming\Python\Python310\site-packages\django\template\base.py", line 722, in resolve
    obj = self.var.resolve(context)
  File "C:\Users\HP\AppData\Roaming\Python\Python310\site-packages\django\template\base.py", line 854, in resolve
    value = self._resolve_lookup(context)
  File "C:\Users\HP\AppData\Roaming\Python\Python310\site-packages\django\template\base.py", line 901, in _resolve_lookup
    current = getattr(current, bit)
  File "C:\Users\HP\AppData\Roaming\Python\Python310\site-packages\django\utils\functional.py", line 253, in inner
    return func(_wrapped, *args)
  File "C:\Users\HP\AppData\Roaming\Python\Python310\site-packages\django\db\models\fields\related_descriptors.py", line 523, in __get__
    rel_obj = self.get_queryset(instance=instance).get(**filter_args)
  File "C:\Users\HP\AppData\Roaming\Python\Python310\site-packages\django\db\models\query.py", line 629, in get
    num = len(clone)
  File "C:\Users\HP\AppData\Roaming\Python\Python310\site-packages\django\db\models\query.py", line 366, in __len__
    self._fetch_all()
  File "C:\Users\HP\AppData\Roaming\Python\Python310\site-packages\django\db\models\query.py", line 1949, in _fetch_all
    self._result_cache = list(self._iterable_class(self))
  File "C:\Users\HP\AppData\Roaming\Python\Python310\site-packages\django\db\models\query.py", line 91, in __iter__
    results = compiler.execute_sql(
  File "C:\Users\HP\AppData\Roaming\Python\Python310\site-packages\django\db\models\sql\compiler.py", line 1623, in execute_sql
    cursor.execute(sql, params)
  File "C:\Users\HP\AppData\Roaming\Python\Python310\site-packages\django\db\backends\utils.py", line 122, in execute
    return super().execute(sql, params)
  File "C:\Users\HP\AppData\Roaming\Python\Python310\site-packages\django\db\backends\utils.py", line 79, in execute
    return self._execute_with_wrappers(
  File "C:\Users\HP\AppData\Roaming\Python\Python310\site-packages\django\db\backends\utils.py", line 92, in _execute_with_wrappers
    return executor(sql, params, many, context)
  File "C:\Users\HP\AppData\Roaming\Python\Python310\site-packages\django\db\backends\utils.py", line 100, in _execute
    with self.db.wrap_database_errors:
  File "C:\Users\HP\AppData\Roaming\Python\Python310\site-packages\django\db\utils.py", line 91, in __exit__
    raise dj_exc_value.with_traceback(traceback) from exc_value
  File "C:\Users\HP\AppData\Roaming\Python\Python310\site-packages\django\db\backends\utils.py", line 105, in _execute
    return self.cursor.execute(sql, params)
  File "C:\Users\HP\AppData\Roaming\Python\Python310\site-packages\django\db\backends\sqlite3\base.py", line 360, in execute
    return super().execute(query, params)
django.db.utils.OperationalError: no such table: plag_userprofile
Internal Server Error: /dashboard/
Traceback (most recent call last):
  File "D:\python\plagiarismcheckerextra\plag\views.py", line 96, in dashboard
    if user_role == 'admin':
NameError: name 'user_role' is not defined

During handling of the above exception, another exception occurred:

Traceback (most recent call last):
  File "C:\Users\HP\AppData\Roaming\Python\Python310\site-packages\django\template\base.py", line 891, in _resolve_lookup
    current = current[bit]
  File "C:\Users\HP\AppData\Roaming\Python\Python310\site-packages\django\utils\functional.py", line 253, in inner
    return func(_wrapped, *args)
TypeError: 'User' object is not subscriptable

During handling of the above exception, another exception occurred:

Traceback (most recent call last):
  File "C:\Users\HP\AppData\Roaming\Python\Python310\site-packages\django\db\models\fields\related_descriptors.py", line 516, in __get__
    rel_obj = self.related.get_cached_value(instance)
  File "C:\Users\HP\AppData\Roaming\Python\Python310\site-packages\django\db\models\fields\mixins.py", line 37, in get_cached_value
    return instance._state.fields_cache[self.cache_name]
KeyError: 'userprofile'

During handling of the above exception, another exception occurred:

Traceback (most recent call last):
  File "C:\Users\HP\AppData\Roaming\Python\Python310\site-packages\django\db\backends\utils.py", line 105, in _execute
    return self.cursor.execute(sql, params)
  File "C:\Users\HP\AppData\Roaming\Python\Python310\site-packages\django\db\backends\sqlite3\base.py", line 360, in execute
    return super().execute(query, params)
sqlite3.OperationalError: no such table: plag_userprofile

The above exception was the direct cause of the following exception:

Traceback (most recent call last):
  File "C:\Users\HP\AppData\Roaming\Python\Python310\site-packages\django\core\handlers\exception.py", line 55, in inner
    response = get_response(request)
  File "C:\Users\HP\AppData\Roaming\Python\Python310\site-packages\django\core\handlers\base.py", line 197, in _get_response
    response = wrapped_callback(request, *callback_args, **callback_kwargs)
  File "C:\Users\HP\AppData\Roaming\Python\Python310\site-packages\django\contrib\auth\decorators.py", line 59, in _view_wrapper
    return view_func(request, *args, **kwargs)
  File "D:\python\plagiarismcheckerextra\plag\views.py", line 150, in dashboard
    return render(request, "dashboard.html", context)
  File "C:\Users\HP\AppData\Roaming\Python\Python310\site-packages\django\shortcuts.py", line 25, in render
    content = loader.render_to_string(template_name, context, request, using=using)
  File "C:\Users\HP\AppData\Roaming\Python\Python310\site-packages\django\template\loader.py", line 62, in render_to_string
    return template.render(context, request)
  File "C:\Users\HP\AppData\Roaming\Python\Python310\site-packages\django\template\backends\django.py", line 107, in render
    return self.template.render(context)
  File "C:\Users\HP\AppData\Roaming\Python\Python310\site-packages\django\template\base.py", line 171, in render
    return self._render(context)
  File "C:\Users\HP\AppData\Roaming\Python\Python310\site-packages\django\template\base.py", line 163, in _render
    return self.nodelist.render(context)
  File "C:\Users\HP\AppData\Roaming\Python\Python310\site-packages\django\template\base.py", line 1016, in render
    return SafeString("".join([node.render_annotated(context) for node in self]))
  File "C:\Users\HP\AppData\Roaming\Python\Python310\site-packages\django\template\base.py", line 1016, in <listcomp>
    return SafeString("".join([node.render_annotated(context) for node in self]))
  File "C:\Users\HP\AppData\Roaming\Python\Python310\site-packages\django\template\base.py", line 977, in render_annotated
    return self.render(context)
  File "C:\Users\HP\AppData\Roaming\Python\Python310\site-packages\django\template\loader_tags.py", line 159, in render
    return compiled_parent._render(context)
  File "C:\Users\HP\AppData\Roaming\Python\Python310\site-packages\django\template\base.py", line 163, in _render
    return self.nodelist.render(context)
  File "C:\Users\HP\AppData\Roaming\Python\Python310\site-packages\django\template\base.py", line 1016, in render
    return SafeString("".join([node.render_annotated(context) for node in self]))
  File "C:\Users\HP\AppData\Roaming\Python\Python310\site-packages\django\template\base.py", line 1016, in <listcomp>
    return SafeString("".join([node.render_annotated(context) for node in self]))
  File "C:\Users\HP\AppData\Roaming\Python\Python310\site-packages\django\template\base.py", line 977, in render_annotated
    return self.render(context)
  File "C:\Users\HP\AppData\Roaming\Python\Python310\site-packages\django\template\loader_tags.py", line 65, in render
    result = block.nodelist.render(context)
  File "C:\Users\HP\AppData\Roaming\Python\Python310\site-packages\django\template\base.py", line 1016, in render
    return SafeString("".join([node.render_annotated(context) for node in self]))
  File "C:\Users\HP\AppData\Roaming\Python\Python310\site-packages\django\template\base.py", line 1016, in <listcomp>
    return SafeString("".join([node.render_annotated(context) for node in self]))
  File "C:\Users\HP\AppData\Roaming\Python\Python310\site-packages\django\template\base.py", line 977, in render_annotated
    return self.render(context)
  File "C:\Users\HP\AppData\Roaming\Python\Python310\site-packages\django\template\defaulttags.py", line 320, in render
    match = condition.eval(context)
  File "C:\Users\HP\AppData\Roaming\Python\Python310\site-packages\django\template\defaulttags.py", line 886, in eval
    return self.value.resolve(context, ignore_failures=True)
  File "C:\Users\HP\AppData\Roaming\Python\Python310\site-packages\django\template\base.py", line 722, in resolve
    obj = self.var.resolve(context)
  File "C:\Users\HP\AppData\Roaming\Python\Python310\site-packages\django\template\base.py", line 854, in resolve
    value = self._resolve_lookup(context)
  File "C:\Users\HP\AppData\Roaming\Python\Python310\site-packages\django\template\base.py", line 901, in _resolve_lookup
    current = getattr(current, bit)
  File "C:\Users\HP\AppData\Roaming\Python\Python310\site-packages\django\utils\functional.py", line 253, in inner
    return func(_wrapped, *args)
  File "C:\Users\HP\AppData\Roaming\Python\Python310\site-packages\django\db\models\fields\related_descriptors.py", line 523, in __get__
    rel_obj = self.get_queryset(instance=instance).get(**filter_args)
  File "C:\Users\HP\AppData\Roaming\Python\Python310\site-packages\django\db\models\query.py", line 629, in get
    num = len(clone)
  File "C:\Users\HP\AppData\Roaming\Python\Python310\site-packages\django\db\models\query.py", line 366, in __len__
    self._fetch_all()
  File "C:\Users\HP\AppData\Roaming\Python\Python310\site-packages\django\db\models\query.py", line 1949, in _fetch_all
    self._result_cache = list(self._iterable_class(self))
  File "C:\Users\HP\AppData\Roaming\Python\Python310\site-packages\django\db\models\query.py", line 91, in __iter__
    results = compiler.execute_sql(
  File "C:\Users\HP\AppData\Roaming\Python\Python310\site-packages\django\db\models\sql\compiler.py", line 1623, in execute_sql
    cursor.execute(sql, params)
  File "C:\Users\HP\AppData\Roaming\Python\Python310\site-packages\django\db\backends\utils.py", line 122, in execute
    return super().execute(sql, params)
  File "C:\Users\HP\AppData\Roaming\Python\Python310\site-packages\django\db\backends\utils.py", line 79, in execute
    return self._execute_with_wrappers(
  File "C:\Users\HP\AppData\Roaming\Python\Python310\site-packages\django\db\backends\utils.py", line 92, in _execute_with_wrappers
    return executor(sql, params, many, context)
  File "C:\Users\HP\AppData\Roaming\Python\Python310\site-packages\django\db\backends\utils.py", line 100, in _execute
    with self.db.wrap_database_errors:
  File "C:\Users\HP\AppData\Roaming\Python\Python310\site-packages\django\db\utils.py", line 91, in __exit__
    raise dj_exc_value.with_traceback(traceback) from exc_value
  File "C:\Users\HP\AppData\Roaming\Python\Python310\site-packages\django\db\backends\utils.py", line 105, in _execute
    return self.cursor.execute(sql, params)
  File "C:\Users\HP\AppData\Roaming\Python\Python310\site-packages\django\db\backends\sqlite3\base.py", line 360, in execute
    return super().execute(query, params)
django.db.utils.OperationalError: no such table: plag_userprofile
"GET /dashboard/ HTTP/1.1" 500 277087
Dashboard error for user 3: no such table: plag_userprofile
Plagiarism check error: no such table: plag_userprofile
Unhandled exception: no such table: plag_userprofile
Traceback (most recent call last):
  File "C:\Users\HP\AppData\Roaming\Python\Python310\site-packages\django\template\base.py", line 891, in _resolve_lookup
    current = current[bit]
  File "C:\Users\HP\AppData\Roaming\Python\Python310\site-packages\django\utils\functional.py", line 253, in inner
    return func(_wrapped, *args)
TypeError: 'User' object is not subscriptable

During handling of the above exception, another exception occurred:

Traceback (most recent call last):
  File "C:\Users\HP\AppData\Roaming\Python\Python310\site-packages\django\db\models\fields\related_descriptors.py", line 516, in __get__
    rel_obj = self.related.get_cached_value(instance)
  File "C:\Users\HP\AppData\Roaming\Python\Python310\site-packages\django\db\models\fields\mixins.py", line 37, in get_cached_value
    return instance._state.fields_cache[self.cache_name]
KeyError: 'userprofile'

During handling of the above exception, another exception occurred:

Traceback (most recent call last):
  File "C:\Users\HP\AppData\Roaming\Python\Python310\site-packages\django\db\backends\utils.py", line 105, in _execute
    return self.cursor.execute(sql, params)
  File "C:\Users\HP\AppData\Roaming\Python\Python310\site-packages\django\db\backends\sqlite3\base.py", line 360, in execute
    return super().execute(query, params)
sqlite3.OperationalError: no such table: plag_userprofile

The above exception was the direct cause of the following exception:

Traceback (most recent call last):
  File "d:\python\plagiarismcheckerextra\plag\views.py", line 398, in checkPlag
    return render(request, "checkplag.html", context)
  File "C:\Users\HP\AppData\Roaming\Python\Python310\site-packages\django\shortcuts.py", line 25, in render
    content = loader.render_to_string(template_name, context, request, using=using)
  File "C:\Users\HP\AppData\Roaming\Python\Python310\site-packages\django\template\loader.py", line 62, in render_to_string
    return template.render(context, request)
  File "C:\Users\HP\AppData\Roaming\Python\Python310\site-packages\django\template\backends\django.py", line 107, in render
    return self.template.render(context)
  File "C:\Users\HP\AppData\Roaming\Python\Python310\site-packages\django\template\base.py", line 171, in render
    return self._render(context)
  File "C:\Users\HP\AppData\Roaming\Python\Python310\site-packages\django\template\base.py", line 163, in _render
    return self.nodelist.render(context)
  File "C:\Users\HP\AppData\Roaming\Python\Python310\site-packages\django\template\base.py", line 1016, in render
    return SafeString("".join([node.render_annotated(context) for node in self]))
  File "C:\Users\HP\AppData\Roaming\Python\Python310\site-packages\django\template\base.py", line 1016, in <listcomp>
    return SafeString("".join([node.render_annotated(context) for node in self]))
  File "C:\Users\HP\AppData\Roaming\Python\Python310\site-packages\django\template\base.py", line 977, in render_annotated
    return self.render(context)
  File "C:\Users\HP\AppData\Roaming\Python\Python310\site-packages\django\template\loader_tags.py", line 159, in render
    return compiled_parent._render(context)
  File "C:\Users\HP\AppData\Roaming\Python\Python310\site-packages\django\template\base.py", line 163, in _render
    return self.nodelist.render(context)
  File "C:\Users\HP\AppData\Roaming\Python\Python310\site-packages\django\template\base.py", line 1016, in render
    return SafeString("".join([node.render_annotated(context) for node in self]))
  File "C:\Users\HP\AppData\Roaming\Python\Python310\site-packages\django\template\base.py", line 1016, in <listcomp>
    return SafeString("".join([node.render_annotated(context) for node in self]))
  File "C:\Users\HP\AppData\Roaming\Python\Python310\site-packages\django\template\base.py", line 977, in render_annotated
    return self.render(context)
  File "C:\Users\HP\AppData\Roaming\Python\Python310\site-packages\django\template\loader_tags.py", line 65, in render
    result = block.nodelist.render(context)
  File "C:\Users\HP\AppData\Roaming\Python\Python310\site-packages\django\template\base.py", line 1016, in render
    return SafeString("".join([node.render_annotated(context) for node in self]))
  File "C:\Users\HP\AppData\Roaming\Python\Python310\site-packages\django\template\base.py", line 1016, in <listcomp>
    return SafeString("".join([node.render_annotated(context) for node in self]))
  File "C:\Users\HP\AppData\Roaming\Python\Python310\site-packages\django\template\base.py", line 977, in render_annotated
    return self.render(context)
  File "C:\Users\HP\AppData\Roaming\Python\Python310\site-packages\django\template\defaulttags.py", line 320, in render
    match = condition.eval(context)
  File "C:\Users\HP\AppData\Roaming\Python\Python310\site-packages\django\template\defaulttags.py", line 886, in eval
    return self.value.resolve(context, ignore_failures=True)
  File "C:\Users\HP\AppData\Roaming\Python\Python310\site-packages\django\template\base.py", line 722, in resolve
    obj = self.var.resolve(context)
  File "C:\Users\HP\AppData\Roaming\Python\Python310\site-packages\django\template\base.py", line 854, in resolve
    value = self._resolve_lookup(context)
  File "C:\Users\HP\AppData\Roaming\Python\Python310\site-packages\django\template\base.py", line 901, in _resolve_lookup
    current = getattr(current, bit)
  File "C:\Users\HP\AppData\Roaming\Python\Python310\site-packages\django\utils\functional.py", line 253, in inner
    return func(_wrapped, *args)
  File "C:\Users\HP\AppData\Roaming\Python\Python310\site-packages\django\db\models\fields\related_descriptors.py", line 523, in __get__
    rel_obj = self.get_queryset(instance=instance).get(**filter_args)
  File "C:\Users\HP\AppData\Roaming\Python\Python310\site-packages\django\db\models\query.py", line 629, in get
    num = len(clone)
  File "C:\Users\HP\AppData\Roaming\Python\Python310\site-packages\django\db\models\query.py", line 366, in __len__
    self._fetch_all()
  File "C:\Users\HP\AppData\Roaming\Python\Python310\site-packages\django\db\models\query.py", line 1949, in _fetch_all
    self._result_cache = list(self._iterable_class(self))
  File "C:\Users\HP\AppData\Roaming\Python\Python310\site-packages\django\db\models\query.py", line 91, in __iter__
    results = compiler.execute_sql(
  File "C:\Users\HP\AppData\Roaming\Python\Python310\site-packages\django\db\models\sql\compiler.py", line 1623, in execute_sql
    cursor.execute(sql, params)
  File "C:\Users\HP\AppData\Roaming\Python\Python310\site-packages\django\db\backends\utils.py", line 122, in execute
    return super().execute(sql, params)
  File "C:\Users\HP\AppData\Roaming\Python\Python310\site-packages\django\db\backends\utils.py", line 79, in execute
    return self._execute_with_wrappers(
  File "C:\Users\HP\AppData\Roaming\Python\Python310\site-packages\django\db\backends\utils.py", line 92, in _execute_with_wrappers
    return executor(sql, params, many, context)
  File "C:\Users\HP\AppData\Roaming\Python\Python310\site-packages\django\db\backends\utils.py", line 100, in _execute
    with self.db.wrap_database_errors:
  File "C:\Users\HP\AppData\Roaming\Python\Python310\site-packages\django\db\utils.py", line 91, in __exit__
    raise dj_exc_value.with_traceback(traceback) from exc_value
  File "C:\Users\HP\AppData\Roaming\Python\Python310\site-packages\django\db\backends\utils.py", line 105, in _execute
    return self.cursor.execute(sql, params)
  File "C:\Users\HP\AppData\Roaming\Python\Python310\site-packages\django\db\backends\sqlite3\base.py", line 360, in execute
    return super().execute(query, params)
django.db.utils.OperationalError: no such table: plag_userprofile

During handling of the above exception, another exception occurred:

Traceback (most recent call last):
  File "C:\Users\HP\AppData\Roaming\Python\Python310\site-packages\django\template\base.py", line 891, in _resolve_lookup
    current = current[bit]
  File "C:\Users\HP\AppData\Roaming\Python\Python310\site-packages\django\utils\functional.py", line 253, in inner
    return func(_wrapped, *args)
TypeError: 'User' object is not subscriptable

During handling of the above exception, another exception occurred:

Traceback (most recent call last):
  File "C:\Users\HP\AppData\Roaming\Python\Python310\site-packages\django\db\models\fields\related_descriptors.py", line 516, in __get__
    rel_obj = self.related.get_cached_value(instance)
  File "C:\Users\HP\AppData\Roaming\Python\Python310\site-packages\django\db\models\fields\mixins.py", line 37, in get_cached_value
    return instance._state.fields_cache[self.cache_name]
KeyError: 'userprofile'

During handling of the above exception, another exception occurred:

Traceback (most recent call last):
  File "C:\Users\HP\AppData\Roaming\Python\Python310\site-packages\django\db\backends\utils.py", line 105, in _execute
    return self.cursor.execute(sql, params)
  File "C:\Users\HP\AppData\Roaming\Python\Python310\site-packages\django\db\backends\sqlite3\base.py", line 360, in execute
    return super().execute(query, params)
sqlite3.OperationalError: no such table: plag_userprofile

The above exception was the direct cause of the following exception:

Traceback (most recent call last):
  File "C:\Users\HP\AppData\Roaming\Python\Python310\site-packages\django\core\handlers\base.py", line 197, in _get_response
    response = wrapped_callback(request, *callback_args, **callback_kwargs)
  File "C:\Users\HP\AppData\Roaming\Python\Python310\site-packages\django\contrib\auth\decorators.py", line 59, in _view_wrapper
    return view_func(request, *args, **kwargs)
  File "d:\python\plagiarismcheckerextra\plag\views.py", line 402, in checkPlag
    return render(request, "checkplag.html", {'err': 'An error occurred'})
  File "C:\Users\HP\AppData\Roaming\Python\Python310\site-packages\django\shortcuts.py", line 25, in render
    content = loader.render_to_string(template_name, context, request, using=using)
  File "C:\Users\HP\AppData\Roaming\Python\Python310\site-packages\django\template\loader.py", line 62, in render_to_string
    return template.render(context, request)
  File "C:\Users\HP\AppData\Roaming\Python\Python310\site-packages\django\template\backends\django.py", line 107, in render
    return self.template.render(context)
  File "C:\Users\HP\AppData\Roaming\Python\Python310\site-packages\django\template\base.py", line 171, in render
    return self._render(context)
  File "C:\Users\HP\AppData\Roaming\Python\Python310\site-packages\django\template\base.py", line 163, in _render
    return self.nodelist.render(context)
  File "C:\Users\HP\AppData\Roaming\Python\Python310\site-packages\django\template\base.py", line 1016, in render
    return SafeString("".join([node.render_annotated(context) for node in self]))
  File "C:\Users\HP\AppData\Roaming\Python\Python310\site-packages\django\template\base.py", line 1016, in <listcomp>
    return SafeString("".join([node.render_annotated(context) for node in self]))
  File "C:\Users\HP\AppData\Roaming\Python\Python310\site-packages\django\template\base.py", line 977, in render_annotated
    return self.render(context)
  File "C:\Users\HP\AppData\Roaming\Python\Python310\site-packages\django\template\loader_tags.py", line 159, in render
    return compiled_parent._render(context)
  File "C:\Users\HP\AppData\Roaming\Python\Python310\site-packages\django\template\base.py", line 163, in _render
    return self.nodelist.render(context)
  File "C:\Users\HP\AppData\Roaming\Python\Python310\site-packages\django\template\base.py", line 1016, in render
    return SafeString("".join([node.render_annotated(context) for node in self]))
  File "C:\Users\HP\AppData\Roaming\Python\Python310\site-packages\django\template\base.py", line 1016, in <listcomp>
    return SafeString("".join([node.render_annotated(context) for node in self]))
  File "C:\Users\HP\AppData\Roaming\Python\Python310\site-packages\django\template\base.py", line 977, in render_annotated
    return self.render(context)
  File "C:\Users\HP\AppData\Roaming\Python\Python310\site-packages\django\template\loader_tags.py", line 65, in render
    result = block.nodelist.render(context)
  File "C:\Users\HP\AppData\Roaming\Python\Python310\site-packages\django\template\base.py", line 1016, in render
    return SafeString("".join([node.render_annotated(context) for node in self]))
  File "C:\Users\HP\AppData\Roaming\Python\Python310\site-packages\django\template\base.py", line 1016, in <listcomp>
    return SafeString("".join([node.render_annotated(context) for node in self]))
  File "C:\Users\HP\AppData\Roaming\Python\Python310\site-packages\django\template\base.py", line 977, in render_annotated
    return self.render(context)
  File "C:\Users\HP\AppData\Roaming\Python\Python310\site-packages\django\template\defaulttags.py", line 320, in render
    match = condition.eval(context)
  File "C:\Users\HP\AppData\Roaming\Python\Python310\site-packages\django\template\defaulttags.py", line 886, in eval
    return self.value.resolve(context, ignore_failures=True)
  File "C:\Users\HP\AppData\Roaming\Python\Python310\site-packages\django\template\base.py", line 722, in resolve
    obj = self.var.resolve(context)
  File "C:\Users\HP\AppData\Roaming\Python\Python310\site-packages\django\template\base.py", line 854, in resolve
    value = self._resolve_lookup(context)
  File "C:\Users\HP\AppData\Roaming\Python\Python310\site-packages\django\template\base.py", line 901, in _resolve_lookup
    current = getattr(current, bit)
  File "C:\Users\HP\AppData\Roaming\Python\Python310\site-packages\django\utils\functional.py", line 253, in inner
    return func(_wrapped, *args)
  File "C:\Users\HP\AppData\Roaming\Python\Python310\site-packages\django\db\models\fields\related_descriptors.py", line 523, in __get__
    rel_obj = self.get_queryset(instance=instance).get(**filter_args)
  File "C:\Users\HP\AppData\Roaming\Python\Python310\site-packages\django\db\models\query.py", line 629, in get
    num = len(clone)
  File "C:\Users\HP\AppData\Roaming\Python\Python310\site-packages\django\db\models\query.py", line 366, in __len__
    self._fetch_all()
  File "C:\Users\HP\AppData\Roaming\Python\Python310\site-packages\django\db\models\query.py", line 1949, in _fetch_all
    self._result_cache = list(self._iterable_class(self))
  File "C:\Users\HP\AppData\Roaming\Python\Python310\site-packages\django\db\models\query.py", line 91, in __iter__
    results = compiler.execute_sql(
  File "C:\Users\HP\AppData\Roaming\Python\Python310\site-packages\django\db\models\sql\compiler.py", line 1623, in execute_sql
    cursor.execute(sql, params)
  File "C:\Users\HP\AppData\Roaming\Python\Python310\site-packages\django\db\backends\utils.py", line 122, in execute
    return super().execute(sql, params)
  File "C:\Users\HP\AppData\Roaming\Python\Python310\site-packages\django\db\backends\utils.py", line 79, in execute
    return self._execute_with_wrappers(
  File "C:\Users\HP\AppData\Roaming\Python\Python310\site-packages\django\db\backends\utils.py", line 92, in _execute_with_wrappers
    return executor(sql, params, many, context)
  File "C:\Users\HP\AppData\Roaming\Python\Python310\site-packages\django\db\backends\utils.py", line 100, in _execute
    with self.db.wrap_database_errors:
  File "C:\Users\HP\AppData\Roaming\Python\Python310\site-packages\django\db\utils.py", line 91, in __exit__
    raise dj_exc_value.with_traceback(traceback) from exc_value
  File "C:\Users\HP\AppData\Roaming\Python\Python310\site-packages\django\db\backends\utils.py", line 105, in _execute
    return self.cursor.execute(sql, params)
  File "C:\Users\HP\AppData\Roaming\Python\Python310\site-packages\django\db\backends\sqlite3\base.py", line 360, in execute
    return super().execute(query, params)
django.db.utils.OperationalError: no such table: plag_userprofile
Internal Server Error: /checkplagiarism/
Traceback (most recent call last):
  File "C:\Users\HP\AppData\Roaming\Python\Python310\site-packages\django\template\base.py", line 891, in _resolve_lookup
    current = current[bit]
  File "C:\Users\HP\AppData\Roaming\Python\Python310\site-packages\django\utils\functional.py", line 253, in inner
    return func(_wrapped, *args)
TypeError: 'User' object is not subscriptable

During handling of the above exception, another exception occurred:

Traceback (most recent call last):
  File "C:\Users\HP\AppData\Roaming\Python\Python310\site-packages\django\db\models\fields\related_descriptors.py", line 516, in __get__
    rel_obj = self.related.get_cached_value(instance)
  File "C:\Users\HP\AppData\Roaming\Python\Python310\site-packages\django\db\models\fields\mixins.py", line 37, in get_cached_value
    return instance._state.fields_cache[self.cache_name]
KeyError: 'userprofile'

During handling of the above exception, another exception occurred:

Traceback (most recent call last):
  File "C:\Users\HP\AppData\Roaming\Python\Python310\site-packages\django\db\backends\utils.py", line 105, in _execute
    return self.cursor.execute(sql, params)
  File "C:\Users\HP\AppData\Roaming\Python\Python310\site-packages\django\db\backends\sqlite3\base.py", line 360, in execute
    return super().execute(query, params)
sqlite3.OperationalError: no such table: plag_userprofile

The above exception was the direct cause of the following exception:

Traceback (most recent call last):
  File "d:\python\plagiarismcheckerextra\plag\views.py", line 398, in checkPlag
    return render(request, "checkplag.html", context)
  File "C:\Users\HP\AppData\Roaming\Python\Python310\site-packages\django\shortcuts.py", line 25, in render
    content = loader.render_to_string(template_name, context, request, using=using)
  File "C:\Users\HP\AppData\Roaming\Python\Python310\site-packages\django\template\loader.py", line 62, in render_to_string
    return template.render(context, request)
  File "C:\Users\HP\AppData\Roaming\Python\Python310\site-packages\django\template\backends\django.py", line 107, in render
    return self.template.render(context)
  File "C:\Users\HP\AppData\Roaming\Python\Python310\site-packages\django\template\base.py", line 171, in render
    return self._render(context)
  File "C:\Users\HP\AppData\Roaming\Python\Python310\site-packages\django\template\base.py", line 163, in _render
    return self.nodelist.render(context)
  File "C:\Users\HP\AppData\Roaming\Python\Python310\site-packages\django\template\base.py", line 1016, in render
    return SafeString("".join([node.render_annotated(context) for node in self]))
  File "C:\Users\HP\AppData\Roaming\Python\Python310\site-packages\django\template\base.py", line 1016, in <listcomp>
    return SafeString("".join([node.render_annotated(context) for node in self]))
  File "C:\Users\HP\AppData\Roaming\Python\Python310\site-packages\django\template\base.py", line 977, in render_annotated
    return self.render(context)
  File "C:\Users\HP\AppData\Roaming\Python\Python310\site-packages\django\template\loader_tags.py", line 159, in render
    return compiled_parent._render(context)
  File "C:\Users\HP\AppData\Roaming\Python\Python310\site-packages\django\template\base.py", line 163, in _render
    return self.nodelist.render(context)
  File "C:\Users\HP\AppData\Roaming\Python\Python310\site-packages\django\template\base.py", line 1016, in render
    return SafeString("".join([node.render_annotated(context) for node in self]))
  File "C:\Users\HP\AppData\Roaming\Python\Python310\site-packages\django\template\base.py", line 1016, in <listcomp>
    return SafeString("".join([node.render_annotated(context) for node in self]))
  File "C:\Users\HP\AppData\Roaming\Python\Python310\site-packages\django\template\base.py", line 977, in render_annotated
    return self.render(context)
  File "C:\Users\HP\AppData\Roaming\Python\Python310\site-packages\django\template\loader_tags.py", line 65, in render
    result = block.nodelist.render(context)
  File "C:\Users\HP\AppData\Roaming\Python\Python310\site-packages\django\template\base.py", line 1016, in render
    return SafeString("".join([node.render_annotated(context) for node in self]))
  File "C:\Users\HP\AppData\Roaming\Python\Python310\site-packages\django\template\base.py", line 1016, in <listcomp>
    return SafeString("".join([node.render_annotated(context) for node in self]))
  File "C:\Users\HP\AppData\Roaming\Python\Python310\site-packages\django\template\base.py", line 977, in render_annotated
    return self.render(context)
  File "C:\Users\HP\AppData\Roaming\Python\Python310\site-packages\django\template\defaulttags.py", line 320, in render
    match = condition.eval(context)
  File "C:\Users\HP\AppData\Roaming\Python\Python310\site-packages\django\template\defaulttags.py", line 886, in eval
    return self.value.resolve(context, ignore_failures=True)
  File "C:\Users\HP\AppData\Roaming\Python\Python310\site-packages\django\template\base.py", line 722, in resolve
    obj = self.var.resolve(context)
  File "C:\Users\HP\AppData\Roaming\Python\Python310\site-packages\django\template\base.py", line 854, in resolve
    value = self._resolve_lookup(context)
  File "C:\Users\HP\AppData\Roaming\Python\Python310\site-packages\django\template\base.py", line 901, in _resolve_lookup
    current = getattr(current, bit)
  File "C:\Users\HP\AppData\Roaming\Python\Python310\site-packages\django\utils\functional.py", line 253, in inner
    return func(_wrapped, *args)
  File "C:\Users\HP\AppData\Roaming\Python\Python310\site-packages\django\db\models\fields\related_descriptors.py", line 523, in __get__
    rel_obj = self.get_queryset(instance=instance).get(**filter_args)
  File "C:\Users\HP\AppData\Roaming\Python\Python310\site-packages\django\db\models\query.py", line 629, in get
    num = len(clone)
  File "C:\Users\HP\AppData\Roaming\Python\Python310\site-packages\django\db\models\query.py", line 366, in __len__
    self._fetch_all()
  File "C:\Users\HP\AppData\Roaming\Python\Python310\site-packages\django\db\models\query.py", line 1949, in _fetch_all
    self._result_cache = list(self._iterable_class(self))
  File "C:\Users\HP\AppData\Roaming\Python\Python310\site-packages\django\db\models\query.py", line 91, in __iter__
    results = compiler.execute_sql(
  File "C:\Users\HP\AppData\Roaming\Python\Python310\site-packages\django\db\models\sql\compiler.py", line 1623, in execute_sql
    cursor.execute(sql, params)
  File "C:\Users\HP\AppData\Roaming\Python\Python310\site-packages\django\db\backends\utils.py", line 122, in execute
    return super().execute(sql, params)
  File "C:\Users\HP\AppData\Roaming\Python\Python310\site-packages\django\db\backends\utils.py", line 79, in execute
    return self._execute_with_wrappers(
  File "C:\Users\HP\AppData\Roaming\Python\Python310\site-packages\django\db\backends\utils.py", line 92, in _execute_with_wrappers
    return executor(sql, params, many, context)
  File "C:\Users\HP\AppData\Roaming\Python\Python310\site-packages\django\db\backends\utils.py", line 100, in _execute
    with self.db.wrap_database_errors:
  File "C:\Users\HP\AppData\Roaming\Python\Python310\site-packages\django\db\utils.py", line 91, in __exit__
    raise dj_exc_value.with_traceback(traceback) from exc_value
  File "C:\Users\HP\AppData\Roaming\Python\Python310\site-packages\django\db\backends\utils.py", line 105, in _execute
    return self.cursor.execute(sql, params)
  File "C:\Users\HP\AppData\Roaming\Python\Python310\site-packages\django\db\backends\sqlite3\base.py", line 360, in execute
    return super().execute(query, params)
django.db.utils.OperationalError: no such table: plag_userprofile

During handling of the above exception, another exception occurred:

Traceback (most recent call last):
  File "C:\Users\HP\AppData\Roaming\Python\Python310\site-packages\django\template\base.py", line 891, in _resolve_lookup
    current = current[bit]
  File "C:\Users\HP\AppData\Roaming\Python\Python310\site-packages\django\utils\functional.py", line 253, in inner
    return func(_wrapped, *args)
TypeError: 'User' object is not subscriptable

During handling of the above exception, another exception occurred:

Traceback (most recent call last):
  File "C:\Users\HP\AppData\Roaming\Python\Python310\site-packages\django\db\models\fields\related_descriptors.py", line 516, in __get__
    rel_obj = self.related.get_cached_value(instance)
  File "C:\Users\HP\AppData\Roaming\Python\Python310\site-packages\django\db\models\fields\mixins.py", line 37, in get_cached_value
    return instance._state.fields_cache[self.cache_name]
KeyError: 'userprofile'

During handling of the above exception, another exception occurred:

Traceback (most recent call last):
  File "C:\Users\HP\AppData\Roaming\Python\Python310\site-packages\django\db\backends\utils.py", line 105, in _execute
    return self.cursor.execute(sql, params)
  File "C:\Users\HP\AppData\Roaming\Python\Python310\site-packages\django\db\backends\sqlite3\base.py", line 360, in execute
    return super().execute(query, params)
sqlite3.OperationalError: no such table: plag_userprofile

The above exception was the direct cause of the following exception:

Traceback (most recent call last):
  File "C:\Users\HP\AppData\Roaming\Python\Python310\site-packages\django\core\handlers\exception.py", line 55, in inner
    response = get_response(request)
  File "C:\Users\HP\AppData\Roaming\Python\Python310\site-packages\django\core\handlers\base.py", line 197, in _get_response
    response = wrapped_callback(request, *callback_args, **callback_kwargs)
  File "C:\Users\HP\AppData\Roaming\Python\Python310\site-packages\django\contrib\auth\decorators.py", line 59, in _view_wrapper
    return view_func(request, *args, **kwargs)
  File "d:\python\plagiarismcheckerextra\plag\views.py", line 402, in checkPlag
    return render(request, "checkplag.html", {'err': 'An error occurred'})
  File "C:\Users\HP\AppData\Roaming\Python\Python310\site-packages\django\shortcuts.py", line 25, in render
    content = loader.render_to_string(template_name, context, request, using=using)
  File "C:\Users\HP\AppData\Roaming\Python\Python310\site-packages\django\template\loader.py", line 62, in render_to_string
    return template.render(context, request)
  File "C:\Users\HP\AppData\Roaming\Python\Python310\site-packages\django\template\backends\django.py", line 107, in render
    return self.template.render(context)
  File "C:\Users\HP\AppData\Roaming\Python\Python310\site-packages\django\template\base.py", line 171, in render
    return self._render(context)
  File "C:\Users\HP\AppData\Roaming\Python\Python310\site-packages\django\template\base.py", line 163, in _render
    return self.nodelist.render(context)
  File "C:\Users\HP\AppData\Roaming\Python\Python310\site-packages\django\template\base.py", line 1016, in render
    return SafeString("".join([node.render_annotated(context) for node in self]))
  File "C:\Users\HP\AppData\Roaming\Python\Python310\site-packages\django\template\base.py", line 1016, in <listcomp>
    return SafeString("".join([node.render_annotated(context) for node in self]))
  File "C:\Users\HP\AppData\Roaming\Python\Python310\site-packages\django\template\base.py", line 977, in render_annotated
    return self.render(context)
  File "C:\Users\HP\AppData\Roaming\Python\Python310\site-packages\django\template\loader_tags.py", line 159, in render
    return compiled_parent._render(context)
  File "C:\Users\HP\AppData\Roaming\Python\Python310\site-packages\django\template\base.py", line 163, in _render
    return self.nodelist.render(context)
  File "C:\Users\HP\AppData\Roaming\Python\Python310\site-packages\django\template\base.py", line 1016, in render
    return SafeString("".join([node.render_annotated(context) for node in self]))
  File "C:\Users\HP\AppData\Roaming\Python\Python310\site-packages\django\template\base.py", line 1016, in <listcomp>
    return SafeString("".join([node.render_annotated(context) for node in self]))
  File "C:\Users\HP\AppData\Roaming\Python\Python310\site-packages\django\template\base.py", line 977, in render_annotated
    return self.render(context)
  File "C:\Users\HP\AppData\Roaming\Python\Python310\site-packages\django\template\loader_tags.py", line 65, in render
    result = block.nodelist.render(context)
  File "C:\Users\HP\AppData\Roaming\Python\Python310\site-packages\django\template\base.py", line 1016, in render
    return SafeString("".join([node.render_annotated(context) for node in self]))
  File "C:\Users\HP\AppData\Roaming\Python\Python310\site-packages\django\template\base.py", line 1016, in <listcomp>
    return SafeString("".join([node.render_annotated(context) for node in self]))
  File "C:\Users\HP\AppData\Roaming\Python\Python310\site-packages\django\template\base.py", line 977, in render_annotated
    return self.render(context)
  File "C:\Users\HP\AppData\Roaming\Python\Python310\site-packages\django\template\defaulttags.py", line 320, in render
    match = condition.eval(context)
  File "C:\Users\HP\AppData\Roaming\Python\Python310\site-packages\django\template\defaulttags.py", line 886, in eval
    return self.value.resolve(context, ignore_failures=True)
  File "C:\Users\HP\AppData\Roaming\Python\Python310\site-packages\django\template\base.py", line 722, in resolve
    obj = self.var.resolve(context)
  File "C:\Users\HP\AppData\Roaming\Python\Python310\site-packages\django\template\base.py", line 854, in resolve
    value = self._resolve_lookup(context)
  File "C:\Users\HP\AppData\Roaming\Python\Python310\site-packages\django\template\base.py", line 901, in _resolve_lookup
    current = getattr(current, bit)
  File "C:\Users\HP\AppData\Roaming\Python\Python310\site-packages\django\utils\functional.py", line 253, in inner
    return func(_wrapped, *args)
  File "C:\Users\HP\AppData\Roaming\Python\Python310\site-packages\django\db\models\fields\related_descriptors.py", line 523, in __get__
    rel_obj = self.get_queryset(instance=instance).get(**filter_args)
  File "C:\Users\HP\AppData\Roaming\Python\Python310\site-packages\django\db\models\query.py", line 629, in get
    num = len(clone)
  File "C:\Users\HP\AppData\Roaming\Python\Python310\site-packages\django\db\models\query.py", line 366, in __len__
    self._fetch_all()
  File "C:\Users\HP\AppData\Roaming\Python\Python310\site-packages\django\db\models\query.py", line 1949, in _fetch_all
    self._result_cache = list(self._iterable_class(self))
  File "C:\Users\HP\AppData\Roaming\Python\Python310\site-packages\django\db\models\query.py", line 91, in __iter__
    results = compiler.execute_sql(
  File "C:\Users\HP\AppData\Roaming\Python\Python310\site-packages\django\db\models\sql\compiler.py", line 1623, in execute_sql
    cursor.execute(sql, params)
  File "C:\Users\HP\AppData\Roaming\Python\Python310\site-packages\django\db\backends\utils.py", line 122, in execute
    return super().execute(sql, params)
  File "C:\Users\HP\AppData\Roaming\Python\Python310\site-packages\django\db\backends\utils.py", line 79, in execute
    return self._execute_with_wrappers(
  File "C:\Users\HP\AppData\Roaming\Python\Python310\site-packages\django\db\backends\utils.py", line 92, in _execute_with_wrappers
    return executor(sql, params, many, context)
  File "C:\Users\HP\AppData\Roaming\Python\Python310\site-packages\django\db\backends\utils.py", line 100, in _execute
    with self.db.wrap_database_errors:
  File "C:\Users\HP\AppData\Roaming\Python\Python310\site-packages\django\db\utils.py", line 91, in __exit__
    raise dj_exc_value.with_traceback(traceback) from exc_value
  File "C:\Users\HP\AppData\Roaming\Python\Python310\site-packages\django\db\backends\utils.py", line 105, in _execute
    return self.cursor.execute(sql, params)
  File "C:\Users\HP\AppData\Roaming\Python\Python310\site-packages\django\db\backends\sqlite3\base.py", line 360, in execute
    return super().execute(query, params)
django.db.utils.OperationalError: no such table: plag_userprofile
"GET /checkplagiarism/ HTTP/1.1" 500 466810
Dashboard error for user 3: no such table: plag_userprofile
Dashboard error for user 3: no such table: plag_userprofile
Plagiarism check error: no such table: plag_userprofile
Unhandled exception: no such table: plag_userprofile
Traceback (most recent call last):
  File "C:\Users\HP\AppData\Roaming\Python\Python310\site-packages\django\template\base.py", line 891, in _resolve_lookup
    current = current[bit]
  File "C:\Users\HP\AppData\Roaming\Python\Python310\site-packages\django\utils\functional.py", line 253, in inner
    return func(_wrapped, *args)
TypeError: 'User' object is not subscriptable

During handling of the above exception, another exception occurred:

Traceback (most recent call last):
  File "C:\Users\HP\AppData\Roaming\Python\Python310\site-packages\django\db\models\fields\related_descriptors.py", line 516, in __get__
    rel_obj = self.related.get_cached_value(instance)
  File "C:\Users\HP\AppData\Roaming\Python\Python310\site-packages\django\db\models\fields\mixins.py", line 37, in get_cached_value
    return instance._state.fields_cache[self.cache_name]
KeyError: 'userprofile'

During handling of the above exception, another exception occurred:

Traceback (most recent call last):
  File "C:\Users\HP\AppData\Roaming\Python\Python310\site-packages\django\db\backends\utils.py", line 105, in _execute
    return self.cursor.execute(sql, params)
  File "C:\Users\HP\AppData\Roaming\Python\Python310\site-packages\django\db\backends\sqlite3\base.py", line 360, in execute
    return super().execute(query, params)
sqlite3.OperationalError: no such table: plag_userprofile

The above exception was the direct cause of the following exception:

Traceback (most recent call last):
  File "d:\python\plagiarismcheckerextra\plag\views.py", line 398, in checkPlag
    return render(request, "checkplag.html", context)
  File "C:\Users\HP\AppData\Roaming\Python\Python310\site-packages\django\shortcuts.py", line 25, in render
    content = loader.render_to_string(template_name, context, request, using=using)
  File "C:\Users\HP\AppData\Roaming\Python\Python310\site-packages\django\template\loader.py", line 62, in render_to_string
    return template.render(context, request)
  File "C:\Users\HP\AppData\Roaming\Python\Python310\site-packages\django\template\backends\django.py", line 107, in render
    return self.template.render(context)
  File "C:\Users\HP\AppData\Roaming\Python\Python310\site-packages\django\template\base.py", line 171, in render
    return self._render(context)
  File "C:\Users\HP\AppData\Roaming\Python\Python310\site-packages\django\template\base.py", line 163, in _render
    return self.nodelist.render(context)
  File "C:\Users\HP\AppData\Roaming\Python\Python310\site-packages\django\template\base.py", line 1016, in render
    return SafeString("".join([node.render_annotated(context) for node in self]))
  File "C:\Users\HP\AppData\Roaming\Python\Python310\site-packages\django\template\base.py", line 1016, in <listcomp>
    return SafeString("".join([node.render_annotated(context) for node in self]))
  File "C:\Users\HP\AppData\Roaming\Python\Python310\site-packages\django\template\base.py", line 977, in render_annotated
    return self.render(context)
  File "C:\Users\HP\AppData\Roaming\Python\Python310\site-packages\django\template\loader_tags.py", line 159, in render
    return compiled_parent._render(context)
  File "C:\Users\HP\AppData\Roaming\Python\Python310\site-packages\django\template\base.py", line 163, in _render
    return self.nodelist.render(context)
  File "C:\Users\HP\AppData\Roaming\Python\Python310\site-packages\django\template\base.py", line 1016, in render
    return SafeString("".join([node.render_annotated(context) for node in self]))
  File "C:\Users\HP\AppData\Roaming\Python\Python310\site-packages\django\template\base.py", line 1016, in <listcomp>
    return SafeString("".join([node.render_annotated(context) for node in self]))
  File "C:\Users\HP\AppData\Roaming\Python\Python310\site-packages\django\template\base.py", line 977, in render_annotated
    return self.render(context)
  File "C:\Users\HP\AppData\Roaming\Python\Python310\site-packages\django\template\loader_tags.py", line 65, in render
    result = block.nodelist.render(context)
  File "C:\Users\HP\AppData\Roaming\Python\Python310\site-packages\django\template\base.py", line 1016, in render
    return SafeString("".join([node.render_annotated(context) for node in self]))
  File "C:\Users\HP\AppData\Roaming\Python\Python310\site-packages\django\template\base.py", line 1016, in <listcomp>
    return SafeString("".join([node.render_annotated(context) for node in self]))
  File "C:\Users\HP\AppData\Roaming\Python\Python310\site-packages\django\template\base.py", line 977, in render_annotated
    return self.render(context)
  File "C:\Users\HP\AppData\Roaming\Python\Python310\site-packages\django\template\defaulttags.py", line 320, in render
    match = condition.eval(context)
  File "C:\Users\HP\AppData\Roaming\Python\Python310\site-packages\django\template\defaulttags.py", line 886, in eval
    return self.value.resolve(context, ignore_failures=True)
  File "C:\Users\HP\AppData\Roaming\Python\Python310\site-packages\django\template\base.py", line 722, in resolve
    obj = self.var.resolve(context)
  File "C:\Users\HP\AppData\Roaming\Python\Python310\site-packages\django\template\base.py", line 854, in resolve
    value = self._resolve_lookup(context)
  File "C:\Users\HP\AppData\Roaming\Python\Python310\site-packages\django\template\base.py", line 901, in _resolve_lookup
    current = getattr(current, bit)
  File "C:\Users\HP\AppData\Roaming\Python\Python310\site-packages\django\utils\functional.py", line 253, in inner
    return func(_wrapped, *args)
  File "C:\Users\HP\AppData\Roaming\Python\Python310\site-packages\django\db\models\fields\related_descriptors.py", line 523, in __get__
    rel_obj = self.get_queryset(instance=instance).get(**filter_args)
  File "C:\Users\HP\AppData\Roaming\Python\Python310\site-packages\django\db\models\query.py", line 629, in get
    num = len(clone)
  File "C:\Users\HP\AppData\Roaming\Python\Python310\site-packages\django\db\models\query.py", line 366, in __len__
    self._fetch_all()
  File "C:\Users\HP\AppData\Roaming\Python\Python310\site-packages\django\db\models\query.py", line 1949, in _fetch_all
    self._result_cache = list(self._iterable_class(self))
  File "C:\Users\HP\AppData\Roaming\Python\Python310\site-packages\django\db\models\query.py", line 91, in __iter__
    results = compiler.execute_sql(
  File "C:\Users\HP\AppData\Roaming\Python\Python310\site-packages\django\db\models\sql\compiler.py", line 1623, in execute_sql
    cursor.execute(sql, params)
  File "C:\Users\HP\AppData\Roaming\Python\Python310\site-packages\django\db\backends\utils.py", line 122, in execute
    return super().execute(sql, params)
  File "C:\Users\HP\AppData\Roaming\Python\Python310\site-packages\django\db\backends\utils.py", line 79, in execute
    return self._execute_with_wrappers(
  File "C:\Users\HP\AppData\Roaming\Python\Python310\site-packages\django\db\backends\utils.py", line 92, in _execute_with_wrappers
    return executor(sql, params, many, context)
  File "C:\Users\HP\AppData\Roaming\Python\Python310\site-packages\django\db\backends\utils.py", line 100, in _execute
    with self.db.wrap_database_errors:
  File "C:\Users\HP\AppData\Roaming\Python\Python310\site-packages\django\db\utils.py", line 91, in __exit__
    raise dj_exc_value.with_traceback(traceback) from exc_value
  File "C:\Users\HP\AppData\Roaming\Python\Python310\site-packages\django\db\backends\utils.py", line 105, in _execute
    return self.cursor.execute(sql, params)
  File "C:\Users\HP\AppData\Roaming\Python\Python310\site-packages\django\db\backends\sqlite3\base.py", line 360, in execute
    return super().execute(query, params)
django.db.utils.OperationalError: no such table: plag_userprofile

During handling of the above exception, another exception occurred:

Traceback (most recent call last):
  File "C:\Users\HP\AppData\Roaming\Python\Python310\site-packages\django\template\base.py", line 891, in _resolve_lookup
    current = current[bit]
  File "C:\Users\HP\AppData\Roaming\Python\Python310\site-packages\django\utils\functional.py", line 253, in inner
    return func(_wrapped, *args)
TypeError: 'User' object is not subscriptable

During handling of the above exception, another exception occurred:

Traceback (most recent call last):
  File "C:\Users\HP\AppData\Roaming\Python\Python310\site-packages\django\db\models\fields\related_descriptors.py", line 516, in __get__
    rel_obj = self.related.get_cached_value(instance)
  File "C:\Users\HP\AppData\Roaming\Python\Python310\site-packages\django\db\models\fields\mixins.py", line 37, in get_cached_value
    return instance._state.fields_cache[self.cache_name]
KeyError: 'userprofile'

During handling of the above exception, another exception occurred:

Traceback (most recent call last):
  File "C:\Users\HP\AppData\Roaming\Python\Python310\site-packages\django\db\backends\utils.py", line 105, in _execute
    return self.cursor.execute(sql, params)
  File "C:\Users\HP\AppData\Roaming\Python\Python310\site-packages\django\db\backends\sqlite3\base.py", line 360, in execute
    return super().execute(query, params)
sqlite3.OperationalError: no such table: plag_userprofile

The above exception was the direct cause of the following exception:

Traceback (most recent call last):
  File "C:\Users\HP\AppData\Roaming\Python\Python310\site-packages\django\core\handlers\base.py", line 197, in _get_response
    response = wrapped_callback(request, *callback_args, **callback_kwargs)
  File "C:\Users\HP\AppData\Roaming\Python\Python310\site-packages\django\contrib\auth\decorators.py", line 59, in _view_wrapper
    return view_func(request, *args, **kwargs)
  File "d:\python\plagiarismcheckerextra\plag\views.py", line 402, in checkPlag
    return render(request, "checkplag.html", {'err': 'An error occurred'})
  File "C:\Users\HP\AppData\Roaming\Python\Python310\site-packages\django\shortcuts.py", line 25, in render
    content = loader.render_to_string(template_name, context, request, using=using)
  File "C:\Users\HP\AppData\Roaming\Python\Python310\site-packages\django\template\loader.py", line 62, in render_to_string
    return template.render(context, request)
  File "C:\Users\HP\AppData\Roaming\Python\Python310\site-packages\django\template\backends\django.py", line 107, in render
    return self.template.render(context)
  File "C:\Users\HP\AppData\Roaming\Python\Python310\site-packages\django\template\base.py", line 171, in render
    return self._render(context)
  File "C:\Users\HP\AppData\Roaming\Python\Python310\site-packages\django\template\base.py", line 163, in _render
    return self.nodelist.render(context)
  File "C:\Users\HP\AppData\Roaming\Python\Python310\site-packages\django\template\base.py", line 1016, in render
    return SafeString("".join([node.render_annotated(context) for node in self]))
  File "C:\Users\HP\AppData\Roaming\Python\Python310\site-packages\django\template\base.py", line 1016, in <listcomp>
    return SafeString("".join([node.render_annotated(context) for node in self]))
  File "C:\Users\HP\AppData\Roaming\Python\Python310\site-packages\django\template\base.py", line 977, in render_annotated
    return self.render(context)
  File "C:\Users\HP\AppData\Roaming\Python\Python310\site-packages\django\template\loader_tags.py", line 159, in render
    return compiled_parent._render(context)
  File "C:\Users\HP\AppData\Roaming\Python\Python310\site-packages\django\template\base.py", line 163, in _render
    return self.nodelist.render(context)
  File "C:\Users\HP\AppData\Roaming\Python\Python310\site-packages\django\template\base.py", line 1016, in render
    return SafeString("".join([node.render_annotated(context) for node in self]))
  File "C:\Users\HP\AppData\Roaming\Python\Python310\site-packages\django\template\base.py", line 1016, in <listcomp>
    return SafeString("".join([node.render_annotated(context) for node in self]))
  File "C:\Users\HP\AppData\Roaming\Python\Python310\site-packages\django\template\base.py", line 977, in render_annotated
    return self.render(context)
  File "C:\Users\HP\AppData\Roaming\Python\Python310\site-packages\django\template\loader_tags.py", line 65, in render
    result = block.nodelist.render(context)
  File "C:\Users\HP\AppData\Roaming\Python\Python310\site-packages\django\template\base.py", line 1016, in render
    return SafeString("".join([node.render_annotated(context) for node in self]))
  File "C:\Users\HP\AppData\Roaming\Python\Python310\site-packages\django\template\base.py", line 1016, in <listcomp>
    return SafeString("".join([node.render_annotated(context) for node in self]))
  File "C:\Users\HP\AppData\Roaming\Python\Python310\site-packages\django\template\base.py", line 977, in render_annotated
    return self.render(context)
  File "C:\Users\HP\AppData\Roaming\Python\Python310\site-packages\django\template\defaulttags.py", line 320, in render
    match = condition.eval(context)
  File "C:\Users\HP\AppData\Roaming\Python\Python310\site-packages\django\template\defaulttags.py", line 886, in eval
    return self.value.resolve(context, ignore_failures=True)
  File "C:\Users\HP\AppData\Roaming\Python\Python310\site-packages\django\template\base.py", line 722, in resolve
    obj = self.var.resolve(context)
  File "C:\Users\HP\AppData\Roaming\Python\Python310\site-packages\django\template\base.py", line 854, in resolve
    value = self._resolve_lookup(context)
  File "C:\Users\HP\AppData\Roaming\Python\Python310\site-packages\django\template\base.py", line 901, in _resolve_lookup
    current = getattr(current, bit)
  File "C:\Users\HP\AppData\Roaming\Python\Python310\site-packages\django\utils\functional.py", line 253, in inner
    return func(_wrapped, *args)
  File "C:\Users\HP\AppData\Roaming\Python\Python310\site-packages\django\db\models\fields\related_descriptors.py", line 523, in __get__
    rel_obj = self.get_queryset(instance=instance).get(**filter_args)
  File "C:\Users\HP\AppData\Roaming\Python\Python310\site-packages\django\db\models\query.py", line 629, in get
    num = len(clone)
  File "C:\Users\HP\AppData\Roaming\Python\Python310\site-packages\django\db\models\query.py", line 366, in __len__
    self._fetch_all()
  File "C:\Users\HP\AppData\Roaming\Python\Python310\site-packages\django\db\models\query.py", line 1949, in _fetch_all
    self._result_cache = list(self._iterable_class(self))
  File "C:\Users\HP\AppData\Roaming\Python\Python310\site-packages\django\db\models\query.py", line 91, in __iter__
    results = compiler.execute_sql(
  File "C:\Users\HP\AppData\Roaming\Python\Python310\site-packages\django\db\models\sql\compiler.py", line 1623, in execute_sql
    cursor.execute(sql, params)
  File "C:\Users\HP\AppData\Roaming\Python\Python310\site-packages\django\db\backends\utils.py", line 122, in execute
    return super().execute(sql, params)
  File "C:\Users\HP\AppData\Roaming\Python\Python310\site-packages\django\db\backends\utils.py", line 79, in execute
    return self._execute_with_wrappers(
  File "C:\Users\HP\AppData\Roaming\Python\Python310\site-packages\django\db\backends\utils.py", line 92, in _execute_with_wrappers
    return executor(sql, params, many, context)
  File "C:\Users\HP\AppData\Roaming\Python\Python310\site-packages\django\db\backends\utils.py", line 100, in _execute
    with self.db.wrap_database_errors:
  File "C:\Users\HP\AppData\Roaming\Python\Python310\site-packages\django\db\utils.py", line 91, in __exit__
    raise dj_exc_value.with_traceback(traceback) from exc_value
  File "C:\Users\HP\AppData\Roaming\Python\Python310\site-packages\django\db\backends\utils.py", line 105, in _execute
    return self.cursor.execute(sql, params)
  File "C:\Users\HP\AppData\Roaming\Python\Python310\site-packages\django\db\backends\sqlite3\base.py", line 360, in execute
    return super().execute(query, params)
django.db.utils.OperationalError: no such table: plag_userprofile
Internal Server Error: /checkplagiarism/
Traceback (most recent call last):
  File "C:\Users\HP\AppData\Roaming\Python\Python310\site-packages\django\template\base.py", line 891, in _resolve_lookup
    current = current[bit]
  File "C:\Users\HP\AppData\Roaming\Python\Python310\site-packages\django\utils\functional.py", line 253, in inner
    return func(_wrapped, *args)
TypeError: 'User' object is not subscriptable

During handling of the above exception, another exception occurred:

Traceback (most recent call last):
  File "C:\Users\HP\AppData\Roaming\Python\Python310\site-packages\django\db\models\fields\related_descriptors.py", line 516, in __get__
    rel_obj = self.related.get_cached_value(instance)
  File "C:\Users\HP\AppData\Roaming\Python\Python310\site-packages\django\db\models\fields\mixins.py", line 37, in get_cached_value
    return instance._state.fields_cache[self.cache_name]
KeyError: 'userprofile'

During handling of the above exception, another exception occurred:

Traceback (most recent call last):
  File "C:\Users\HP\AppData\Roaming\Python\Python310\site-packages\django\db\backends\utils.py", line 105, in _execute
    return self.cursor.execute(sql, params)
  File "C:\Users\HP\AppData\Roaming\Python\Python310\site-packages\django\db\backends\sqlite3\base.py", line 360, in execute
    return super().execute(query, params)
sqlite3.OperationalError: no such table: plag_userprofile

The above exception was the direct cause of the following exception:

Traceback (most recent call last):
  File "d:\python\plagiarismcheckerextra\plag\views.py", line 398, in checkPlag
    return render(request, "checkplag.html", context)
  File "C:\Users\HP\AppData\Roaming\Python\Python310\site-packages\django\shortcuts.py", line 25, in render
    content = loader.render_to_string(template_name, context, request, using=using)
  File "C:\Users\HP\AppData\Roaming\Python\Python310\site-packages\django\template\loader.py", line 62, in render_to_string
    return template.render(context, request)
  File "C:\Users\HP\AppData\Roaming\Python\Python310\site-packages\django\template\backends\django.py", line 107, in render
    return self.template.render(context)
  File "C:\Users\HP\AppData\Roaming\Python\Python310\site-packages\django\template\base.py", line 171, in render
    return self._render(context)
  File "C:\Users\HP\AppData\Roaming\Python\Python310\site-packages\django\template\base.py", line 163, in _render
    return self.nodelist.render(context)
  File "C:\Users\HP\AppData\Roaming\Python\Python310\site-packages\django\template\base.py", line 1016, in render
    return SafeString("".join([node.render_annotated(context) for node in self]))
  File "C:\Users\HP\AppData\Roaming\Python\Python310\site-packages\django\template\base.py", line 1016, in <listcomp>
    return SafeString("".join([node.render_annotated(context) for node in self]))
  File "C:\Users\HP\AppData\Roaming\Python\Python310\site-packages\django\template\base.py", line 977, in render_annotated
    return self.render(context)
  File "C:\Users\HP\AppData\Roaming\Python\Python310\site-packages\django\template\loader_tags.py", line 159, in render
    return compiled_parent._render(context)
  File "C:\Users\HP\AppData\Roaming\Python\Python310\site-packages\django\template\base.py", line 163, in _render
    return self.nodelist.render(context)
  File "C:\Users\HP\AppData\Roaming\Python\Python310\site-packages\django\template\base.py", line 1016, in render
    return SafeString("".join([node.render_annotated(context) for node in self]))
  File "C:\Users\HP\AppData\Roaming\Python\Python310\site-packages\django\template\base.py", line 1016, in <listcomp>
    return SafeString("".join([node.render_annotated(context) for node in self]))
  File "C:\Users\HP\AppData\Roaming\Python\Python310\site-packages\django\template\base.py", line 977, in render_annotated
    return self.render(context)
  File "C:\Users\HP\AppData\Roaming\Python\Python310\site-packages\django\template\loader_tags.py", line 65, in render
    result = block.nodelist.render(context)
  File "C:\Users\HP\AppData\Roaming\Python\Python310\site-packages\django\template\base.py", line 1016, in render
    return SafeString("".join([node.render_annotated(context) for node in self]))
  File "C:\Users\HP\AppData\Roaming\Python\Python310\site-packages\django\template\base.py", line 1016, in <listcomp>
    return SafeString("".join([node.render_annotated(context) for node in self]))
  File "C:\Users\HP\AppData\Roaming\Python\Python310\site-packages\django\template\base.py", line 977, in render_annotated
    return self.render(context)
  File "C:\Users\HP\AppData\Roaming\Python\Python310\site-packages\django\template\defaulttags.py", line 320, in render
    match = condition.eval(context)
  File "C:\Users\HP\AppData\Roaming\Python\Python310\site-packages\django\template\defaulttags.py", line 886, in eval
    return self.value.resolve(context, ignore_failures=True)
  File "C:\Users\HP\AppData\Roaming\Python\Python310\site-packages\django\template\base.py", line 722, in resolve
    obj = self.var.resolve(context)
  File "C:\Users\HP\AppData\Roaming\Python\Python310\site-packages\django\template\base.py", line 854, in resolve
    value = self._resolve_lookup(context)
  File "C:\Users\HP\AppData\Roaming\Python\Python310\site-packages\django\template\base.py", line 901, in _resolve_lookup
    current = getattr(current, bit)
  File "C:\Users\HP\AppData\Roaming\Python\Python310\site-packages\django\utils\functional.py", line 253, in inner
    return func(_wrapped, *args)
  File "C:\Users\HP\AppData\Roaming\Python\Python310\site-packages\django\db\models\fields\related_descriptors.py", line 523, in __get__
    rel_obj = self.get_queryset(instance=instance).get(**filter_args)
  File "C:\Users\HP\AppData\Roaming\Python\Python310\site-packages\django\db\models\query.py", line 629, in get
    num = len(clone)
  File "C:\Users\HP\AppData\Roaming\Python\Python310\site-packages\django\db\models\query.py", line 366, in __len__
    self._fetch_all()
  File "C:\Users\HP\AppData\Roaming\Python\Python310\site-packages\django\db\models\query.py", line 1949, in _fetch_all
    self._result_cache = list(self._iterable_class(self))
  File "C:\Users\HP\AppData\Roaming\Python\Python310\site-packages\django\db\models\query.py", line 91, in __iter__
    results = compiler.execute_sql(
  File "C:\Users\HP\AppData\Roaming\Python\Python310\site-packages\django\db\models\sql\compiler.py", line 1623, in execute_sql
    cursor.execute(sql, params)
  File "C:\Users\HP\AppData\Roaming\Python\Python310\site-packages\django\db\backends\utils.py", line 122, in execute
    return super().execute(sql, params)
  File "C:\Users\HP\AppData\Roaming\Python\Python310\site-packages\django\db\backends\utils.py", line 79, in execute
    return self._execute_with_wrappers(
  File "C:\Users\HP\AppData\Roaming\Python\Python310\site-packages\django\db\backends\utils.py", line 92, in _execute_with_wrappers
    return executor(sql, params, many, context)
  File "C:\Users\HP\AppData\Roaming\Python\Python310\site-packages\django\db\backends\utils.py", line 100, in _execute
    with self.db.wrap_database_errors:
  File "C:\Users\HP\AppData\Roaming\Python\Python310\site-packages\django\db\utils.py", line 91, in __exit__
    raise dj_exc_value.with_traceback(traceback) from exc_value
  File "C:\Users\HP\AppData\Roaming\Python\Python310\site-packages\django\db\backends\utils.py", line 105, in _execute
    return self.cursor.execute(sql, params)
  File "C:\Users\HP\AppData\Roaming\Python\Python310\site-packages\django\db\backends\sqlite3\base.py", line 360, in execute
    return super().execute(query, params)
django.db.utils.OperationalError: no such table: plag_userprofile

During handling of the above exception, another exception occurred:

Traceback (most recent call last):
  File "C:\Users\HP\AppData\Roaming\Python\Python310\site-packages\django\template\base.py", line 891, in _resolve_lookup
    current = current[bit]
  File "C:\Users\HP\AppData\Roaming\Python\Python310\site-packages\django\utils\functional.py", line 253, in inner
    return func(_wrapped, *args)
TypeError: 'User' object is not subscriptable

During handling of the above exception, another exception occurred:

Traceback (most recent call last):
  File "C:\Users\HP\AppData\Roaming\Python\Python310\site-packages\django\db\models\fields\related_descriptors.py", line 516, in __get__
    rel_obj = self.related.get_cached_value(instance)
  File "C:\Users\HP\AppData\Roaming\Python\Python310\site-packages\django\db\models\fields\mixins.py", line 37, in get_cached_value
    return instance._state.fields_cache[self.cache_name]
KeyError: 'userprofile'

During handling of the above exception, another exception occurred:

Traceback (most recent call last):
  File "C:\Users\HP\AppData\Roaming\Python\Python310\site-packages\django\db\backends\utils.py", line 105, in _execute
    return self.cursor.execute(sql, params)
  File "C:\Users\HP\AppData\Roaming\Python\Python310\site-packages\django\db\backends\sqlite3\base.py", line 360, in execute
    return super().execute(query, params)
sqlite3.OperationalError: no such table: plag_userprofile

The above exception was the direct cause of the following exception:

Traceback (most recent call last):
  File "C:\Users\HP\AppData\Roaming\Python\Python310\site-packages\django\core\handlers\exception.py", line 55, in inner
    response = get_response(request)
  File "C:\Users\HP\AppData\Roaming\Python\Python310\site-packages\django\core\handlers\base.py", line 197, in _get_response
    response = wrapped_callback(request, *callback_args, **callback_kwargs)
  File "C:\Users\HP\AppData\Roaming\Python\Python310\site-packages\django\contrib\auth\decorators.py", line 59, in _view_wrapper
    return view_func(request, *args, **kwargs)
  File "d:\python\plagiarismcheckerextra\plag\views.py", line 402, in checkPlag
    return render(request, "checkplag.html", {'err': 'An error occurred'})
  File "C:\Users\HP\AppData\Roaming\Python\Python310\site-packages\django\shortcuts.py", line 25, in render
    content = loader.render_to_string(template_name, context, request, using=using)
  File "C:\Users\HP\AppData\Roaming\Python\Python310\site-packages\django\template\loader.py", line 62, in render_to_string
    return template.render(context, request)
  File "C:\Users\HP\AppData\Roaming\Python\Python310\site-packages\django\template\backends\django.py", line 107, in render
    return self.template.render(context)
  File "C:\Users\HP\AppData\Roaming\Python\Python310\site-packages\django\template\base.py", line 171, in render
    return self._render(context)
  File "C:\Users\HP\AppData\Roaming\Python\Python310\site-packages\django\template\base.py", line 163, in _render
    return self.nodelist.render(context)
  File "C:\Users\HP\AppData\Roaming\Python\Python310\site-packages\django\template\base.py", line 1016, in render
    return SafeString("".join([node.render_annotated(context) for node in self]))
  File "C:\Users\HP\AppData\Roaming\Python\Python310\site-packages\django\template\base.py", line 1016, in <listcomp>
    return SafeString("".join([node.render_annotated(context) for node in self]))
  File "C:\Users\HP\AppData\Roaming\Python\Python310\site-packages\django\template\base.py", line 977, in render_annotated
    return self.render(context)
  File "C:\Users\HP\AppData\Roaming\Python\Python310\site-packages\django\template\loader_tags.py", line 159, in render
    return compiled_parent._render(context)
  File "C:\Users\HP\AppData\Roaming\Python\Python310\site-packages\django\template\base.py", line 163, in _render
    return self.nodelist.render(context)
  File "C:\Users\HP\AppData\Roaming\Python\Python310\site-packages\django\template\base.py", line 1016, in render
    return SafeString("".join([node.render_annotated(context) for node in self]))
  File "C:\Users\HP\AppData\Roaming\Python\Python310\site-packages\django\template\base.py", line 1016, in <listcomp>
    return SafeString("".join([node.render_annotated(context) for node in self]))
  File "C:\Users\HP\AppData\Roaming\Python\Python310\site-packages\django\template\base.py", line 977, in render_annotated
    return self.render(context)
  File "C:\Users\HP\AppData\Roaming\Python\Python310\site-packages\django\template\loader_tags.py", line 65, in render
    result = block.nodelist.render(context)
  File "C:\Users\HP\AppData\Roaming\Python\Python310\site-packages\django\template\base.py", line 1016, in render
    return SafeString("".join([node.render_annotated(context) for node in self]))
  File "C:\Users\HP\AppData\Roaming\Python\Python310\site-packages\django\template\base.py", line 1016, in <listcomp>
    return SafeString("".join([node.render_annotated(context) for node in self]))
  File "C:\Users\HP\AppData\Roaming\Python\Python310\site-packages\django\template\base.py", line 977, in render_annotated
    return self.render(context)
  File "C:\Users\HP\AppData\Roaming\Python\Python310\site-packages\django\template\defaulttags.py", line 320, in render
    match = condition.eval(context)
  File "C:\Users\HP\AppData\Roaming\Python\Python310\site-packages\django\template\defaulttags.py", line 886, in eval
    return self.value.resolve(context, ignore_failures=True)
  File "C:\Users\HP\AppData\Roaming\Python\Python310\site-packages\django\template\base.py", line 722, in resolve
    obj = self.var.resolve(context)
  File "C:\Users\HP\AppData\Roaming\Python\Python310\site-packages\django\template\base.py", line 854, in resolve
    value = self._resolve_lookup(context)
  File "C:\Users\HP\AppData\Roaming\Python\Python310\site-packages\django\template\base.py", line 901, in _resolve_lookup
    current = getattr(current, bit)
  File "C:\Users\HP\AppData\Roaming\Python\Python310\site-packages\django\utils\functional.py", line 253, in inner
    return func(_wrapped, *args)
  File "C:\Users\HP\AppData\Roaming\Python\Python310\site-packages\django\db\models\fields\related_descriptors.py", line 523, in __get__
    rel_obj = self.get_queryset(instance=instance).get(**filter_args)
  File "C:\Users\HP\AppData\Roaming\Python\Python310\site-packages\django\db\models\query.py", line 629, in get
    num = len(clone)
  File "C:\Users\HP\AppData\Roaming\Python\Python310\site-packages\django\db\models\query.py", line 366, in __len__
    self._fetch_all()
  File "C:\Users\HP\AppData\Roaming\Python\Python310\site-packages\django\db\models\query.py", line 1949, in _fetch_all
    self._result_cache = list(self._iterable_class(self))
  File "C:\Users\HP\AppData\Roaming\Python\Python310\site-packages\django\db\models\query.py", line 91, in __iter__
    results = compiler.execute_sql(
  File "C:\Users\HP\AppData\Roaming\Python\Python310\site-packages\django\db\models\sql\compiler.py", line 1623, in execute_sql
    cursor.execute(sql, params)
  File "C:\Users\HP\AppData\Roaming\Python\Python310\site-packages\django\db\backends\utils.py", line 122, in execute
    return super().execute(sql, params)
  File "C:\Users\HP\AppData\Roaming\Python\Python310\site-packages\django\db\backends\utils.py", line 79, in execute
    return self._execute_with_wrappers(
  File "C:\Users\HP\AppData\Roaming\Python\Python310\site-packages\django\db\backends\utils.py", line 92, in _execute_with_wrappers
    return executor(sql, params, many, context)
  File "C:\Users\HP\AppData\Roaming\Python\Python310\site-packages\django\db\backends\utils.py", line 100, in _execute
    with self.db.wrap_database_errors:
  File "C:\Users\HP\AppData\Roaming\Python\Python310\site-packages\django\db\utils.py", line 91, in __exit__
    raise dj_exc_value.with_traceback(traceback) from exc_value
  File "C:\Users\HP\AppData\Roaming\Python\Python310\site-packages\django\db\backends\utils.py", line 105, in _execute
    return self.cursor.execute(sql, params)
  File "C:\Users\HP\AppData\Roaming\Python\Python310\site-packages\django\db\backends\sqlite3\base.py", line 360, in execute
    return super().execute(query, params)
django.db.utils.OperationalError: no such table: plag_userprofile
"GET /checkplagiarism/ HTTP/1.1" 500 466810
Listen error: no such table: plag_userprofile
Unhandled exception: no such table: plag_userprofile
Traceback (most recent call last):
  File "C:\Users\HP\AppData\Roaming\Python\Python310\site-packages\django\template\base.py", line 891, in _resolve_lookup
    current = current[bit]
  File "C:\Users\HP\AppData\Roaming\Python\Python310\site-packages\django\utils\functional.py", line 253, in inner
    return func(_wrapped, *args)
TypeError: 'User' object is not subscriptable

During handling of the above exception, another exception occurred:

Traceback (most recent call last):
  File "C:\Users\HP\AppData\Roaming\Python\Python310\site-packages\django\db\models\fields\related_descriptors.py", line 516, in __get__
    rel_obj = self.related.get_cached_value(instance)
  File "C:\Users\HP\AppData\Roaming\Python\Python310\site-packages\django\db\models\fields\mixins.py", line 37, in get_cached_value
    return instance._state.fields_cache[self.cache_name]
KeyError: 'userprofile'

During handling of the above exception, another exception occurred:

Traceback (most recent call last):
  File "C:\Users\HP\AppData\Roaming\Python\Python310\site-packages\django\db\backends\utils.py", line 105, in _execute
    return self.cursor.execute(sql, params)
  File "C:\Users\HP\AppData\Roaming\Python\Python310\site-packages\django\db\backends\sqlite3\base.py", line 360, in execute
    return super().execute(query, params)
sqlite3.OperationalError: no such table: plag_userprofile

The above exception was the direct cause of the following exception:

Traceback (most recent call last):
  File "d:\python\plagiarismcheckerextra\plag\views.py", line 611, in listen
    return render(request, "listen.html", context)
  File "C:\Users\HP\AppData\Roaming\Python\Python310\site-packages\django\shortcuts.py", line 25, in render
    content = loader.render_to_string(template_name, context, request, using=using)
  File "C:\Users\HP\AppData\Roaming\Python\Python310\site-packages\django\template\loader.py", line 62, in render_to_string
    return template.render(context, request)
  File "C:\Users\HP\AppData\Roaming\Python\Python310\site-packages\django\template\backends\django.py", line 107, in render
    return self.template.render(context)
  File "C:\Users\HP\AppData\Roaming\Python\Python310\site-packages\django\template\base.py", line 171, in render
    return self._render(context)
  File "C:\Users\HP\AppData\Roaming\Python\Python310\site-packages\django\template\base.py", line 163, in _render
    return self.nodelist.render(context)
  File "C:\Users\HP\AppData\Roaming\Python\Python310\site-packages\django\template\base.py", line 1016, in render
    return SafeString("".join([node.render_annotated(context) for node in self]))
  File "C:\Users\HP\AppData\Roaming\Python\Python310\site-packages\django\template\base.py", line 1016, in <listcomp>
    return SafeString("".join([node.render_annotated(context) for node in self]))
  File "C:\Users\HP\AppData\Roaming\Python\Python310\site-packages\django\template\base.py", line 977, in render_annotated
    return self.render(context)
  File "C:\Users\HP\AppData\Roaming\Python\Python310\site-packages\django\template\loader_tags.py", line 159, in render
    return compiled_parent._render(context)
  File "C:\Users\HP\AppData\Roaming\Python\Python310\site-packages\django\template\base.py", line 163, in _render
    return self.nodelist.render(context)
  File "C:\Users\HP\AppData\Roaming\Python\Python310\site-packages\django\template\base.py", line 1016, in render
    return SafeString("".join([node.render_annotated(context) for node in self]))
  File "C:\Users\HP\AppData\Roaming\Python\Python310\site-packages\django\template\base.py", line 1016, in <listcomp>
    return SafeString("".join([node.render_annotated(context) for node in self]))
  File "C:\Users\HP\AppData\Roaming\Python\Python310\site-packages\django\template\base.py", line 977, in render_annotated
    return self.render(context)
  File "C:\Users\HP\AppData\Roaming\Python\Python310\site-packages\django\template\loader_tags.py", line 65, in render
    result = block.nodelist.render(context)
  File "C:\Users\HP\AppData\Roaming\Python\Python310\site-packages\django\template\base.py", line 1016, in render
    return SafeString("".join([node.render_annotated(context) for node in self]))
  File "C:\Users\HP\AppData\Roaming\Python\Python310\site-packages\django\template\base.py", line 1016, in <listcomp>
    return SafeString("".join([node.render_annotated(context) for node in self]))
  File "C:\Users\HP\AppData\Roaming\Python\Python310\site-packages\django\template\base.py", line 977, in render_annotated
    return self.render(context)
  File "C:\Users\HP\AppData\Roaming\Python\Python310\site-packages\django\template\defaulttags.py", line 320, in render
    match = condition.eval(context)
  File "C:\Users\HP\AppData\Roaming\Python\Python310\site-packages\django\template\defaulttags.py", line 886, in eval
    return self.value.resolve(context, ignore_failures=True)
  File "C:\Users\HP\AppData\Roaming\Python\Python310\site-packages\django\template\base.py", line 722, in resolve
    obj = self.var.resolve(context)
  File "C:\Users\HP\AppData\Roaming\Python\Python310\site-packages\django\template\base.py", line 854, in resolve
    value = self._resolve_lookup(context)
  File "C:\Users\HP\AppData\Roaming\Python\Python310\site-packages\django\template\base.py", line 901, in _resolve_lookup
    current = getattr(current, bit)
  File "C:\Users\HP\AppData\Roaming\Python\Python310\site-packages\django\utils\functional.py", line 253, in inner
    return func(_wrapped, *args)
  File "C:\Users\HP\AppData\Roaming\Python\Python310\site-packages\django\db\models\fields\related_descriptors.py", line 523, in __get__
    rel_obj = self.get_queryset(instance=instance).get(**filter_args)
  File "C:\Users\HP\AppData\Roaming\Python\Python310\site-packages\django\db\models\query.py", line 629, in get
    num = len(clone)
  File "C:\Users\HP\AppData\Roaming\Python\Python310\site-packages\django\db\models\query.py", line 366, in __len__
    self._fetch_all()
  File "C:\Users\HP\AppData\Roaming\Python\Python310\site-packages\django\db\models\query.py", line 1949, in _fetch_all
    self._result_cache = list(self._iterable_class(self))
  File "C:\Users\HP\AppData\Roaming\Python\Python310\site-packages\django\db\models\query.py", line 91, in __iter__
    results = compiler.execute_sql(
  File "C:\Users\HP\AppData\Roaming\Python\Python310\site-packages\django\db\models\sql\compiler.py", line 1623, in execute_sql
    cursor.execute(sql, params)
  File "C:\Users\HP\AppData\Roaming\Python\Python310\site-packages\django\db\backends\utils.py", line 122, in execute
    return super().execute(sql, params)
  File "C:\Users\HP\AppData\Roaming\Python\Python310\site-packages\django\db\backends\utils.py", line 79, in execute
    return self._execute_with_wrappers(
  File "C:\Users\HP\AppData\Roaming\Python\Python310\site-packages\django\db\backends\utils.py", line 92, in _execute_with_wrappers
    return executor(sql, params, many, context)
  File "C:\Users\HP\AppData\Roaming\Python\Python310\site-packages\django\db\backends\utils.py", line 100, in _execute
    with self.db.wrap_database_errors:
  File "C:\Users\HP\AppData\Roaming\Python\Python310\site-packages\django\db\utils.py", line 91, in __exit__
    raise dj_exc_value.with_traceback(traceback) from exc_value
  File "C:\Users\HP\AppData\Roaming\Python\Python310\site-packages\django\db\backends\utils.py", line 105, in _execute
    return self.cursor.execute(sql, params)
  File "C:\Users\HP\AppData\Roaming\Python\Python310\site-packages\django\db\backends\sqlite3\base.py", line 360, in execute
    return super().execute(query, params)
django.db.utils.OperationalError: no such table: plag_userprofile

During handling of the above exception, another exception occurred:

Traceback (most recent call last):
  File "C:\Users\HP\AppData\Roaming\Python\Python310\site-packages\django\template\base.py", line 891, in _resolve_lookup
    current = current[bit]
  File "C:\Users\HP\AppData\Roaming\Python\Python310\site-packages\django\utils\functional.py", line 253, in inner
    return func(_wrapped, *args)
TypeError: 'User' object is not subscriptable

During handling of the above exception, another exception occurred:

Traceback (most recent call last):
  File "C:\Users\HP\AppData\Roaming\Python\Python310\site-packages\django\db\models\fields\related_descriptors.py", line 516, in __get__
    rel_obj = self.related.get_cached_value(instance)
  File "C:\Users\HP\AppData\Roaming\Python\Python310\site-packages\django\db\models\fields\mixins.py", line 37, in get_cached_value
    return instance._state.fields_cache[self.cache_name]
KeyError: 'userprofile'

During handling of the above exception, another exception occurred:

Traceback (most recent call last):
  File "C:\Users\HP\AppData\Roaming\Python\Python310\site-packages\django\db\backends\utils.py", line 105, in _execute
    return self.cursor.execute(sql, params)
  File "C:\Users\HP\AppData\Roaming\Python\Python310\site-packages\django\db\backends\sqlite3\base.py", line 360, in execute
    return super().execute(query, params)
sqlite3.OperationalError: no such table: plag_userprofile

The above exception was the direct cause of the following exception:

Traceback (most recent call last):
  File "C:\Users\HP\AppData\Roaming\Python\Python310\site-packages\django\core\handlers\base.py", line 197, in _get_response
    response = wrapped_callback(request, *callback_args, **callback_kwargs)
  File "C:\Users\HP\AppData\Roaming\Python\Python310\site-packages\django\contrib\auth\decorators.py", line 59, in _view_wrapper
    return view_func(request, *args, **kwargs)
  File "d:\python\plagiarismcheckerextra\plag\views.py", line 615, in listen
    return render(request, "listen.html", {'documents': [], 'text': ''})
  File "C:\Users\HP\AppData\Roaming\Python\Python310\site-packages\django\shortcuts.py", line 25, in render
    content = loader.render_to_string(template_name, context, request, using=using)
  File "C:\Users\HP\AppData\Roaming\Python\Python310\site-packages\django\template\loader.py", line 62, in render_to_string
    return template.render(context, request)
  File "C:\Users\HP\AppData\Roaming\Python\Python310\site-packages\django\template\backends\django.py", line 107, in render
    return self.template.render(context)
  File "C:\Users\HP\AppData\Roaming\Python\Python310\site-packages\django\template\base.py", line 171, in render
    return self._render(context)
  File "C:\Users\HP\AppData\Roaming\Python\Python310\site-packages\django\template\base.py", line 163, in _render
    return self.nodelist.render(context)
  File "C:\Users\HP\AppData\Roaming\Python\Python310\site-packages\django\template\base.py", line 1016, in render
    return SafeString("".join([node.render_annotated(context) for node in self]))
  File "C:\Users\HP\AppData\Roaming\Python\Python310\site-packages\django\template\base.py", line 1016, in <listcomp>
    return SafeString("".join([node.render_annotated(context) for node in self]))
  File "C:\Users\HP\AppData\Roaming\Python\Python310\site-packages\django\template\base.py", line 977, in render_annotated
    return self.render(context)
  File "C:\Users\HP\AppData\Roaming\Python\Python310\site-packages\django\template\loader_tags.py", line 159, in render
    return compiled_parent._render(context)
  File "C:\Users\HP\AppData\Roaming\Python\Python310\site-packages\django\template\base.py", line 163, in _render
    return self.nodelist.render(context)
  File "C:\Users\HP\AppData\Roaming\Python\Python310\site-packages\django\template\base.py", line 1016, in render
    return SafeString("".join([node.render_annotated(context) for node in self]))
  File "C:\Users\HP\AppData\Roaming\Python\Python310\site-packages\django\template\base.py", line 1016, in <listcomp>
    return SafeString("".join([node.render_annotated(context) for node in self]))
  File "C:\Users\HP\AppData\Roaming\Python\Python310\site-packages\django\template\base.py", line 977, in render_annotated
    return self.render(context)
  File "C:\Users\HP\AppData\Roaming\Python\Python310\site-packages\django\template\loader_tags.py", line 65, in render
    result = block.nodelist.render(context)
  File "C:\Users\HP\AppData\Roaming\Python\Python310\site-packages\django\template\base.py", line 1016, in render
    return SafeString("".join([node.render_annotated(context) for node in self]))
  File "C:\Users\HP\AppData\Roaming\Python\Python310\site-packages\django\template\base.py", line 1016, in <listcomp>
    return SafeString("".join([node.render_annotated(context) for node in self]))
  File "C:\Users\HP\AppData\Roaming\Python\Python310\site-packages\django\template\base.py", line 977, in render_annotated
    return self.render(context)
  File "C:\Users\HP\AppData\Roaming\Python\Python310\site-packages\django\template\defaulttags.py", line 320, in render
    match = condition.eval(context)
  File "C:\Users\HP\AppData\Roaming\Python\Python310\site-packages\django\template\defaulttags.py", line 886, in eval
    return self.value.resolve(context, ignore_failures=True)
  File "C:\Users\HP\AppData\Roaming\Python\Python310\site-packages\django\template\base.py", line 722, in resolve
    obj = self.var.resolve(context)
  File "C:\Users\HP\AppData\Roaming\Python\Python310\site-packages\django\template\base.py", line 854, in resolve
    value = self._resolve_lookup(context)
  File "C:\Users\HP\AppData\Roaming\Python\Python310\site-packages\django\template\base.py", line 901, in _resolve_lookup
    current = getattr(current, bit)
  File "C:\Users\HP\AppData\Roaming\Python\Python310\site-packages\django\utils\functional.py", line 253, in inner
    return func(_wrapped, *args)
  File "C:\Users\HP\AppData\Roaming\Python\Python310\site-packages\django\db\models\fields\related_descriptors.py", line 523, in __get__
    rel_obj = self.get_queryset(instance=instance).get(**filter_args)
  File "C:\Users\HP\AppData\Roaming\Python\Python310\site-packages\django\db\models\query.py", line 629, in get
    num = len(clone)
  File "C:\Users\HP\AppData\Roaming\Python\Python310\site-packages\django\db\models\query.py", line 366, in __len__
    self._fetch_all()
  File "C:\Users\HP\AppData\Roaming\Python\Python310\site-packages\django\db\models\query.py", line 1949, in _fetch_all
    self._result_cache = list(self._iterable_class(self))
  File "C:\Users\HP\AppData\Roaming\Python\Python310\site-packages\django\db\models\query.py", line 91, in __iter__
    results = compiler.execute_sql(
  File "C:\Users\HP\AppData\Roaming\Python\Python310\site-packages\django\db\models\sql\compiler.py", line 1623, in execute_sql
    cursor.execute(sql, params)
  File "C:\Users\HP\AppData\Roaming\Python\Python310\site-packages\django\db\backends\utils.py", line 122, in execute
    return super().execute(sql, params)
  File "C:\Users\HP\AppData\Roaming\Python\Python310\site-packages\django\db\backends\utils.py", line 79, in execute
    return self._execute_with_wrappers(
  File "C:\Users\HP\AppData\Roaming\Python\Python310\site-packages\django\db\backends\utils.py", line 92, in _execute_with_wrappers
    return executor(sql, params, many, context)
  File "C:\Users\HP\AppData\Roaming\Python\Python310\site-packages\django\db\backends\utils.py", line 100, in _execute
    with self.db.wrap_database_errors:
  File "C:\Users\HP\AppData\Roaming\Python\Python310\site-packages\django\db\utils.py", line 91, in __exit__
    raise dj_exc_value.with_traceback(traceback) from exc_value
  File "C:\Users\HP\AppData\Roaming\Python\Python310\site-packages\django\db\backends\utils.py", line 105, in _execute
    return self.cursor.execute(sql, params)
  File "C:\Users\HP\AppData\Roaming\Python\Python310\site-packages\django\db\backends\sqlite3\base.py", line 360, in execute
    return super().execute(query, params)
django.db.utils.OperationalError: no such table: plag_userprofile
Internal Server Error: /listen/
Traceback (most recent call last):
  File "C:\Users\HP\AppData\Roaming\Python\Python310\site-packages\django\template\base.py", line 891, in _resolve_lookup
    current = current[bit]
  File "C:\Users\HP\AppData\Roaming\Python\Python310\site-packages\django\utils\functional.py", line 253, in inner
    return func(_wrapped, *args)
TypeError: 'User' object is not subscriptable

During handling of the above exception, another exception occurred:

Traceback (most recent call last):
  File "C:\Users\HP\AppData\Roaming\Python\Python310\site-packages\django\db\models\fields\related_descriptors.py", line 516, in __get__
    rel_obj = self.related.get_cached_value(instance)
  File "C:\Users\HP\AppData\Roaming\Python\Python310\site-packages\django\db\models\fields\mixins.py", line 37, in get_cached_value
    return instance._state.fields_cache[self.cache_name]
KeyError: 'userprofile'

During handling of the above exception, another exception occurred:

Traceback (most recent call last):
  File "C:\Users\HP\AppData\Roaming\Python\Python310\site-packages\django\db\backends\utils.py", line 105, in _execute
    return self.cursor.execute(sql, params)
  File "C:\Users\HP\AppData\Roaming\Python\Python310\site-packages\django\db\backends\sqlite3\base.py", line 360, in execute
    return super().execute(query, params)
sqlite3.OperationalError: no such table: plag_userprofile

The above exception was the direct cause of the following exception:

Traceback (most recent call last):
  File "d:\python\plagiarismcheckerextra\plag\views.py", line 611, in listen
    return render(request, "listen.html", context)
  File "C:\Users\HP\AppData\Roaming\Python\Python310\site-packages\django\shortcuts.py", line 25, in render
    content = loader.render_to_string(template_name, context, request, using=using)
  File "C:\Users\HP\AppData\Roaming\Python\Python310\site-packages\django\template\loader.py", line 62, in render_to_string
    return template.render(context, request)
  File "C:\Users\HP\AppData\Roaming\Python\Python310\site-packages\django\template\backends\django.py", line 107, in render
    return self.template.render(context)
  File "C:\Users\HP\AppData\Roaming\Python\Python310\site-packages\django\template\base.py", line 171, in render
    return self._render(context)
  File "C:\Users\HP\AppData\Roaming\Python\Python310\site-packages\django\template\base.py", line 163, in _render
    return self.nodelist.render(context)
  File "C:\Users\HP\AppData\Roaming\Python\Python310\site-packages\django\template\base.py", line 1016, in render
    return SafeString("".join([node.render_annotated(context) for node in self]))
  File "C:\Users\HP\AppData\Roaming\Python\Python310\site-packages\django\template\base.py", line 1016, in <listcomp>
    return SafeString("".join([node.render_annotated(context) for node in self]))
  File "C:\Users\HP\AppData\Roaming\Python\Python310\site-packages\django\template\base.py", line 977, in render_annotated
    return self.render(context)
  File "C:\Users\HP\AppData\Roaming\Python\Python310\site-packages\django\template\loader_tags.py", line 159, in render
    return compiled_parent._render(context)
  File "C:\Users\HP\AppData\Roaming\Python\Python310\site-packages\django\template\base.py", line 163, in _render
    return self.nodelist.render(context)
  File "C:\Users\HP\AppData\Roaming\Python\Python310\site-packages\django\template\base.py", line 1016, in render
    return SafeString("".join([node.render_annotated(context) for node in self]))
  File "C:\Users\HP\AppData\Roaming\Python\Python310\site-packages\django\template\base.py", line 1016, in <listcomp>
    return SafeString("".join([node.render_annotated(context) for node in self]))
  File "C:\Users\HP\AppData\Roaming\Python\Python310\site-packages\django\template\base.py", line 977, in render_annotated
    return self.render(context)
  File "C:\Users\HP\AppData\Roaming\Python\Python310\site-packages\django\template\loader_tags.py", line 65, in render
    result = block.nodelist.render(context)
  File "C:\Users\HP\AppData\Roaming\Python\Python310\site-packages\django\template\base.py", line 1016, in render
    return SafeString("".join([node.render_annotated(context) for node in self]))
  File "C:\Users\HP\AppData\Roaming\Python\Python310\site-packages\django\template\base.py", line 1016, in <listcomp>
    return SafeString("".join([node.render_annotated(context) for node in self]))
  File "C:\Users\HP\AppData\Roaming\Python\Python310\site-packages\django\template\base.py", line 977, in render_annotated
    return self.render(context)
  File "C:\Users\HP\AppData\Roaming\Python\Python310\site-packages\django\template\defaulttags.py", line 320, in render
    match = condition.eval(context)
  File "C:\Users\HP\AppData\Roaming\Python\Python310\site-packages\django\template\defaulttags.py", line 886, in eval
    return self.value.resolve(context, ignore_failures=True)
  File "C:\Users\HP\AppData\Roaming\Python\Python310\site-packages\django\template\base.py", line 722, in resolve
    obj = self.var.resolve(context)
  File "C:\Users\HP\AppData\Roaming\Python\Python310\site-packages\django\template\base.py", line 854, in resolve
    value = self._resolve_lookup(context)
  File "C:\Users\HP\AppData\Roaming\Python\Python310\site-packages\django\template\base.py", line 901, in _resolve_lookup
    current = getattr(current, bit)
  File "C:\Users\HP\AppData\Roaming\Python\Python310\site-packages\django\utils\functional.py", line 253, in inner
    return func(_wrapped, *args)
  File "C:\Users\HP\AppData\Roaming\Python\Python310\site-packages\django\db\models\fields\related_descriptors.py", line 523, in __get__
    rel_obj = self.get_queryset(instance=instance).get(**filter_args)
  File "C:\Users\HP\AppData\Roaming\Python\Python310\site-packages\django\db\models\query.py", line 629, in get
    num = len(clone)
  File "C:\Users\HP\AppData\Roaming\Python\Python310\site-packages\django\db\models\query.py", line 366, in __len__
    self._fetch_all()
  File "C:\Users\HP\AppData\Roaming\Python\Python310\site-packages\django\db\models\query.py", line 1949, in _fetch_all
    self._result_cache = list(self._iterable_class(self))
  File "C:\Users\HP\AppData\Roaming\Python\Python310\site-packages\django\db\models\query.py", line 91, in __iter__
    results = compiler.execute_sql(
  File "C:\Users\HP\AppData\Roaming\Python\Python310\site-packages\django\db\models\sql\compiler.py", line 1623, in execute_sql
    cursor.execute(sql, params)
  File "C:\Users\HP\AppData\Roaming\Python\Python310\site-packages\django\db\backends\utils.py", line 122, in execute
    return super().execute(sql, params)
  File "C:\Users\HP\AppData\Roaming\Python\Python310\site-packages\django\db\backends\utils.py", line 79, in execute
    return self._execute_with_wrappers(
  File "C:\Users\HP\AppData\Roaming\Python\Python310\site-packages\django\db\backends\utils.py", line 92, in _execute_with_wrappers
    return executor(sql, params, many, context)
  File "C:\Users\HP\AppData\Roaming\Python\Python310\site-packages\django\db\backends\utils.py", line 100, in _execute
    with self.db.wrap_database_errors:
  File "C:\Users\HP\AppData\Roaming\Python\Python310\site-packages\django\db\utils.py", line 91, in __exit__
    raise dj_exc_value.with_traceback(traceback) from exc_value
  File "C:\Users\HP\AppData\Roaming\Python\Python310\site-packages\django\db\backends\utils.py", line 105, in _execute
    return self.cursor.execute(sql, params)
  File "C:\Users\HP\AppData\Roaming\Python\Python310\site-packages\django\db\backends\sqlite3\base.py", line 360, in execute
    return super().execute(query, params)
django.db.utils.OperationalError: no such table: plag_userprofile

During handling of the above exception, another exception occurred:

Traceback (most recent call last):
  File "C:\Users\HP\AppData\Roaming\Python\Python310\site-packages\django\template\base.py", line 891, in _resolve_lookup
    current = current[bit]
  File "C:\Users\HP\AppData\Roaming\Python\Python310\site-packages\django\utils\functional.py", line 253, in inner
    return func(_wrapped, *args)
TypeError: 'User' object is not subscriptable

During handling of the above exception, another exception occurred:

Traceback (most recent call last):
  File "C:\Users\HP\AppData\Roaming\Python\Python310\site-packages\django\db\models\fields\related_descriptors.py", line 516, in __get__
    rel_obj = self.related.get_cached_value(instance)
  File "C:\Users\HP\AppData\Roaming\Python\Python310\site-packages\django\db\models\fields\mixins.py", line 37, in get_cached_value
    return instance._state.fields_cache[self.cache_name]
KeyError: 'userprofile'

During handling of the above exception, another exception occurred:

Traceback (most recent call last):
  File "C:\Users\HP\AppData\Roaming\Python\Python310\site-packages\django\db\backends\utils.py", line 105, in _execute
    return self.cursor.execute(sql, params)
  File "C:\Users\HP\AppData\Roaming\Python\Python310\site-packages\django\db\backends\sqlite3\base.py", line 360, in execute
    return super().execute(query, params)
sqlite3.OperationalError: no such table: plag_userprofile

The above exception was the direct cause of the following exception:

Traceback (most recent call last):
  File "C:\Users\HP\AppData\Roaming\Python\Python310\site-packages\django\core\handlers\exception.py", line 55, in inner
    response = get_response(request)
  File "C:\Users\HP\AppData\Roaming\Python\Python310\site-packages\django\core\handlers\base.py", line 197, in _get_response
    response = wrapped_callback(request, *callback_args, **callback_kwargs)
  File "C:\Users\HP\AppData\Roaming\Python\Python310\site-packages\django\contrib\auth\decorators.py", line 59, in _view_wrapper
    return view_func(request, *args, **kwargs)
  File "d:\python\plagiarismcheckerextra\plag\views.py", line 615, in listen
    return render(request, "listen.html", {'documents': [], 'text': ''})
  File "C:\Users\HP\AppData\Roaming\Python\Python310\site-packages\django\shortcuts.py", line 25, in render
    content = loader.render_to_string(template_name, context, request, using=using)
  File "C:\Users\HP\AppData\Roaming\Python\Python310\site-packages\django\template\loader.py", line 62, in render_to_string
    return template.render(context, request)
  File "C:\Users\HP\AppData\Roaming\Python\Python310\site-packages\django\template\backends\django.py", line 107, in render
    return self.template.render(context)
  File "C:\Users\HP\AppData\Roaming\Python\Python310\site-packages\django\template\base.py", line 171, in render
    return self._render(context)
  File "C:\Users\HP\AppData\Roaming\Python\Python310\site-packages\django\template\base.py", line 163, in _render
    return self.nodelist.render(context)
  File "C:\Users\HP\AppData\Roaming\Python\Python310\site-packages\django\template\base.py", line 1016, in render
    return SafeString("".join([node.render_annotated(context) for node in self]))
  File "C:\Users\HP\AppData\Roaming\Python\Python310\site-packages\django\template\base.py", line 1016, in <listcomp>
    return SafeString("".join([node.render_annotated(context) for node in self]))
  File "C:\Users\HP\AppData\Roaming\Python\Python310\site-packages\django\template\base.py", line 977, in render_annotated
    return self.render(context)
  File "C:\Users\HP\AppData\Roaming\Python\Python310\site-packages\django\template\loader_tags.py", line 159, in render
    return compiled_parent._render(context)
  File "C:\Users\HP\AppData\Roaming\Python\Python310\site-packages\django\template\base.py", line 163, in _render
    return self.nodelist.render(context)
  File "C:\Users\HP\AppData\Roaming\Python\Python310\site-packages\django\template\base.py", line 1016, in render
    return SafeString("".join([node.render_annotated(context) for node in self]))
  File "C:\Users\HP\AppData\Roaming\Python\Python310\site-packages\django\template\base.py", line 1016, in <listcomp>
    return SafeString("".join([node.render_annotated(context) for node in self]))
  File "C:\Users\HP\AppData\Roaming\Python\Python310\site-packages\django\template\base.py", line 977, in render_annotated
    return self.render(context)
  File "C:\Users\HP\AppData\Roaming\Python\Python310\site-packages\django\template\loader_tags.py", line 65, in render
    result = block.nodelist.render(context)
  File "C:\Users\HP\AppData\Roaming\Python\Python310\site-packages\django\template\base.py", line 1016, in render
    return SafeString("".join([node.render_annotated(context) for node in self]))
  File "C:\Users\HP\AppData\Roaming\Python\Python310\site-packages\django\template\base.py", line 1016, in <listcomp>
    return SafeString("".join([node.render_annotated(context) for node in self]))
  File "C:\Users\HP\AppData\Roaming\Python\Python310\site-packages\django\template\base.py", line 977, in render_annotated
    return self.render(context)
  File "C:\Users\HP\AppData\Roaming\Python\Python310\site-packages\django\template\defaulttags.py", line 320, in render
    match = condition.eval(context)
  File "C:\Users\HP\AppData\Roaming\Python\Python310\site-packages\django\template\defaulttags.py", line 886, in eval
    return self.value.resolve(context, ignore_failures=True)
  File "C:\Users\HP\AppData\Roaming\Python\Python310\site-packages\django\template\base.py", line 722, in resolve
    obj = self.var.resolve(context)
  File "C:\Users\HP\AppData\Roaming\Python\Python310\site-packages\django\template\base.py", line 854, in resolve
    value = self._resolve_lookup(context)
  File "C:\Users\HP\AppData\Roaming\Python\Python310\site-packages\django\template\base.py", line 901, in _resolve_lookup
    current = getattr(current, bit)
  File "C:\Users\HP\AppData\Roaming\Python\Python310\site-packages\django\utils\functional.py", line 253, in inner
    return func(_wrapped, *args)
  File "C:\Users\HP\AppData\Roaming\Python\Python310\site-packages\django\db\models\fields\related_descriptors.py", line 523, in __get__
    rel_obj = self.get_queryset(instance=instance).get(**filter_args)
  File "C:\Users\HP\AppData\Roaming\Python\Python310\site-packages\django\db\models\query.py", line 629, in get
    num = len(clone)
  File "C:\Users\HP\AppData\Roaming\Python\Python310\site-packages\django\db\models\query.py", line 366, in __len__
    self._fetch_all()
  File "C:\Users\HP\AppData\Roaming\Python\Python310\site-packages\django\db\models\query.py", line 1949, in _fetch_all
    self._result_cache = list(self._iterable_class(self))
  File "C:\Users\HP\AppData\Roaming\Python\Python310\site-packages\django\db\models\query.py", line 91, in __iter__
    results = compiler.execute_sql(
  File "C:\Users\HP\AppData\Roaming\Python\Python310\site-packages\django\db\models\sql\compiler.py", line 1623, in execute_sql
    cursor.execute(sql, params)
  File "C:\Users\HP\AppData\Roaming\Python\Python310\site-packages\django\db\backends\utils.py", line 122, in execute
    return super().execute(sql, params)
  File "C:\Users\HP\AppData\Roaming\Python\Python310\site-packages\django\db\backends\utils.py", line 79, in execute
    return self._execute_with_wrappers(
  File "C:\Users\HP\AppData\Roaming\Python\Python310\site-packages\django\db\backends\utils.py", line 92, in _execute_with_wrappers
    return executor(sql, params, many, context)
  File "C:\Users\HP\AppData\Roaming\Python\Python310\site-packages\django\db\backends\utils.py", line 100, in _execute
    with self.db.wrap_database_errors:
  File "C:\Users\HP\AppData\Roaming\Python\Python310\site-packages\django\db\utils.py", line 91, in __exit__
    raise dj_exc_value.with_traceback(traceback) from exc_value
  File "C:\Users\HP\AppData\Roaming\Python\Python310\site-packages\django\db\backends\utils.py", line 105, in _execute
    return self.cursor.execute(sql, params)
  File "C:\Users\HP\AppData\Roaming\Python\Python310\site-packages\django\db\backends\sqlite3\base.py", line 360, in execute
    return super().execute(query, params)
django.db.utils.OperationalError: no such table: plag_userprofile
"GET /listen/ HTTP/1.1" 500 466872
Dashboard error for user 3: no such table: plag_userprofile
Internal Server Error: /checkplagiarism/
Traceback (most recent call last):
  File "C:\Users\HP\AppData\Roaming\Python\Python310\site-packages\django\db\models\fields\related_descriptors.py", line 516, in __get__
    rel_obj = self.related.get_cached_value(instance)
  File "C:\Users\HP\AppData\Roaming\Python\Python310\site-packages\django\db\models\fields\mixins.py", line 37, in get_cached_value
    return instance._state.fields_cache[self.cache_name]
KeyError: 'userprofile'

During handling of the above exception, another exception occurred:

Traceback (most recent call last):
  File "C:\Users\HP\AppData\Roaming\Python\Python310\site-packages\django\db\backends\utils.py", line 105, in _execute
    return self.cursor.execute(sql, params)
  File "C:\Users\HP\AppData\Roaming\Python\Python310\site-packages\django\db\backends\sqlite3\base.py", line 360, in execute
    return super().execute(query, params)
sqlite3.OperationalError: no such table: plag_userprofile

The above exception was the direct cause of the following exception:

Traceback (most recent call last):
  File "C:\Users\HP\AppData\Roaming\Python\Python310\site-packages\django\core\handlers\exception.py", line 55, in inner
    response = get_response(request)
  File "C:\Users\HP\AppData\Roaming\Python\Python310\site-packages\django\utils\deprecation.py", line 119, in __call__
    response = self.process_request(request)
  File "d:\python\plagiarismcheckerextra\plag\profile_middleware.py", line 8, in process_request
    profile = request.user.userprofile
  File "C:\Users\HP\AppData\Roaming\Python\Python310\site-packages\django\utils\functional.py", line 253, in inner
    return func(_wrapped, *args)
  File "C:\Users\HP\AppData\Roaming\Python\Python310\site-packages\django\db\models\fields\related_descriptors.py", line 523, in __get__
    rel_obj = self.get_queryset(instance=instance).get(**filter_args)
  File "C:\Users\HP\AppData\Roaming\Python\Python310\site-packages\django\db\models\query.py", line 629, in get
    num = len(clone)
  File "C:\Users\HP\AppData\Roaming\Python\Python310\site-packages\django\db\models\query.py", line 366, in __len__
    self._fetch_all()
  File "C:\Users\HP\AppData\Roaming\Python\Python310\site-packages\django\db\models\query.py", line 1949, in _fetch_all
    self._result_cache = list(self._iterable_class(self))
  File "C:\Users\HP\AppData\Roaming\Python\Python310\site-packages\django\db\models\query.py", line 91, in __iter__
    results = compiler.execute_sql(
  File "C:\Users\HP\AppData\Roaming\Python\Python310\site-packages\django\db\models\sql\compiler.py", line 1623, in execute_sql
    cursor.execute(sql, params)
  File "C:\Users\HP\AppData\Roaming\Python\Python310\site-packages\django\db\backends\utils.py", line 122, in execute
    return super().execute(sql, params)
  File "C:\Users\HP\AppData\Roaming\Python\Python310\site-packages\django\db\backends\utils.py", line 79, in execute
    return self._execute_with_wrappers(
  File "C:\Users\HP\AppData\Roaming\Python\Python310\site-packages\django\db\backends\utils.py", line 92, in _execute_with_wrappers
    return executor(sql, params, many, context)
  File "C:\Users\HP\AppData\Roaming\Python\Python310\site-packages\django\db\backends\utils.py", line 100, in _execute
    with self.db.wrap_database_errors:
  File "C:\Users\HP\AppData\Roaming\Python\Python310\site-packages\django\db\utils.py", line 91, in __exit__
    raise dj_exc_value.with_traceback(traceback) from exc_value
  File "C:\Users\HP\AppData\Roaming\Python\Python310\site-packages\django\db\backends\utils.py", line 105, in _execute
    return self.cursor.execute(sql, params)
  File "C:\Users\HP\AppData\Roaming\Python\Python310\site-packages\django\db\backends\sqlite3\base.py", line 360, in execute
    return super().execute(query, params)
django.db.utils.OperationalError: no such table: plag_userprofile
"GET /checkplagiarism/ HTTP/1.1" 500 150989
Internal Server Error: /checkplagiarism/
Traceback (most recent call last):
  File "C:\Users\HP\AppData\Roaming\Python\Python310\site-packages\django\db\models\fields\related_descriptors.py", line 516, in __get__
    rel_obj = self.related.get_cached_value(instance)
  File "C:\Users\HP\AppData\Roaming\Python\Python310\site-packages\django\db\models\fields\mixins.py", line 37, in get_cached_value
    return instance._state.fields_cache[self.cache_name]
KeyError: 'userprofile'

During handling of the above exception, another exception occurred:

Traceback (most recent call last):
  File "C:\Users\HP\AppData\Roaming\Python\Python310\site-packages\django\db\backends\utils.py", line 105, in _execute
    return self.cursor.execute(sql, params)
  File "C:\Users\HP\AppData\Roaming\Python\Python310\site-packages\django\db\backends\sqlite3\base.py", line 360, in execute
    return super().execute(query, params)
sqlite3.OperationalError: no such table: plag_userprofile

The above exception was the direct cause of the following exception:

Traceback (most recent call last):
  File "C:\Users\HP\AppData\Roaming\Python\Python310\site-packages\django\core\handlers\exception.py", line 55, in inner
    response = get_response(request)
  File "C:\Users\HP\AppData\Roaming\Python\Python310\site-packages\django\utils\deprecation.py", line 119, in __call__
    response = self.process_request(request)
  File "d:\python\plagiarismcheckerextra\plag\profile_middleware.py", line 8, in process_request
    profile = request.user.userprofile
  File "C:\Users\HP\AppData\Roaming\Python\Python310\site-packages\django\utils\functional.py", line 253, in inner
    return func(_wrapped, *args)
  File "C:\Users\HP\AppData\Roaming\Python\Python310\site-packages\django\db\models\fields\related_descriptors.py", line 523, in __get__
    rel_obj = self.get_queryset(instance=instance).get(**filter_args)
  File "C:\Users\HP\AppData\Roaming\Python\Python310\site-packages\django\db\models\query.py", line 629, in get
    num = len(clone)
  File "C:\Users\HP\AppData\Roaming\Python\Python310\site-packages\django\db\models\query.py", line 366, in __len__
    self._fetch_all()
  File "C:\Users\HP\AppData\Roaming\Python\Python310\site-packages\django\db\models\query.py", line 1949, in _fetch_all
    self._result_cache = list(self._iterable_class(self))
  File "C:\Users\HP\AppData\Roaming\Python\Python310\site-packages\django\db\models\query.py", line 91, in __iter__
    results = compiler.execute_sql(
  File "C:\Users\HP\AppData\Roaming\Python\Python310\site-packages\django\db\models\sql\compiler.py", line 1623, in execute_sql
    cursor.execute(sql, params)
  File "C:\Users\HP\AppData\Roaming\Python\Python310\site-packages\django\db\backends\utils.py", line 122, in execute
    return super().execute(sql, params)
  File "C:\Users\HP\AppData\Roaming\Python\Python310\site-packages\django\db\backends\utils.py", line 79, in execute
    return self._execute_with_wrappers(
  File "C:\Users\HP\AppData\Roaming\Python\Python310\site-packages\django\db\backends\utils.py", line 92, in _execute_with_wrappers
    return executor(sql, params, many, context)
  File "C:\Users\HP\AppData\Roaming\Python\Python310\site-packages\django\db\backends\utils.py", line 100, in _execute
    with self.db.wrap_database_errors:
  File "C:\Users\HP\AppData\Roaming\Python\Python310\site-packages\django\db\utils.py", line 91, in __exit__
    raise dj_exc_value.with_traceback(traceback) from exc_value
  File "C:\Users\HP\AppData\Roaming\Python\Python310\site-packages\django\db\backends\utils.py", line 105, in _execute
    return self.cursor.execute(sql, params)
  File "C:\Users\HP\AppData\Roaming\Python\Python310\site-packages\django\db\backends\sqlite3\base.py", line 360, in execute
    return super().execute(query, params)
django.db.utils.OperationalError: no such table: plag_userprofile
"GET /checkplagiarism/ HTTP/1.1" 500 151126
Internal Server Error: /checkplagiarism/
Traceback (most recent call last):
  File "C:\Users\HP\AppData\Roaming\Python\Python310\site-packages\django\db\models\fields\related_descriptors.py", line 516, in __get__
    rel_obj = self.related.get_cached_value(instance)
  File "C:\Users\HP\AppData\Roaming\Python\Python310\site-packages\django\db\models\fields\mixins.py", line 37, in get_cached_value
    return instance._state.fields_cache[self.cache_name]
KeyError: 'userprofile'

During handling of the above exception, another exception occurred:

Traceback (most recent call last):
  File "C:\Users\HP\AppData\Roaming\Python\Python310\site-packages\django\db\backends\utils.py", line 105, in _execute
    return self.cursor.execute(sql, params)
  File "C:\Users\HP\AppData\Roaming\Python\Python310\site-packages\django\db\backends\sqlite3\base.py", line 360, in execute
    return super().execute(query, params)
sqlite3.OperationalError: no such table: plag_userprofile

The above exception was the direct cause of the following exception:

Traceback (most recent call last):
  File "C:\Users\HP\AppData\Roaming\Python\Python310\site-packages\django\core\handlers\exception.py", line 55, in inner
    response = get_response(request)
  File "C:\Users\HP\AppData\Roaming\Python\Python310\site-packages\django\utils\deprecation.py", line 119, in __call__
    response = self.process_request(request)
  File "d:\python\plagiarismcheckerextra\plag\profile_middleware.py", line 8, in process_request
    profile = request.user.userprofile
  File "C:\Users\HP\AppData\Roaming\Python\Python310\site-packages\django\utils\functional.py", line 253, in inner
    return func(_wrapped, *args)
  File "C:\Users\HP\AppData\Roaming\Python\Python310\site-packages\django\db\models\fields\related_descriptors.py", line 523, in __get__
    rel_obj = self.get_queryset(instance=instance).get(**filter_args)
  File "C:\Users\HP\AppData\Roaming\Python\Python310\site-packages\django\db\models\query.py", line 629, in get
    num = len(clone)
  File "C:\Users\HP\AppData\Roaming\Python\Python310\site-packages\django\db\models\query.py", line 366, in __len__
    self._fetch_all()
  File "C:\Users\HP\AppData\Roaming\Python\Python310\site-packages\django\db\models\query.py", line 1949, in _fetch_all
    self._result_cache = list(self._iterable_class(self))
  File "C:\Users\HP\AppData\Roaming\Python\Python310\site-packages\django\db\models\query.py", line 91, in __iter__
    results = compiler.execute_sql(
  File "C:\Users\HP\AppData\Roaming\Python\Python310\site-packages\django\db\models\sql\compiler.py", line 1623, in execute_sql
    cursor.execute(sql, params)
  File "C:\Users\HP\AppData\Roaming\Python\Python310\site-packages\django\db\backends\utils.py", line 122, in execute
    return super().execute(sql, params)
  File "C:\Users\HP\AppData\Roaming\Python\Python310\site-packages\django\db\backends\utils.py", line 79, in execute
    return self._execute_with_wrappers(
  File "C:\Users\HP\AppData\Roaming\Python\Python310\site-packages\django\db\backends\utils.py", line 92, in _execute_with_wrappers
    return executor(sql, params, many, context)
  File "C:\Users\HP\AppData\Roaming\Python\Python310\site-packages\django\db\backends\utils.py", line 100, in _execute
    with self.db.wrap_database_errors:
  File "C:\Users\HP\AppData\Roaming\Python\Python310\site-packages\django\db\utils.py", line 91, in __exit__
    raise dj_exc_value.with_traceback(traceback) from exc_value
  File "C:\Users\HP\AppData\Roaming\Python\Python310\site-packages\django\db\backends\utils.py", line 105, in _execute
    return self.cursor.execute(sql, params)
  File "C:\Users\HP\AppData\Roaming\Python\Python310\site-packages\django\db\backends\sqlite3\base.py", line 360, in execute
    return super().execute(query, params)
django.db.utils.OperationalError: no such table: plag_userprofile
"GET /checkplagiarism/ HTTP/1.1" 500 151126
Internal Server Error: /dashboard/
Traceback (most recent call last):
  File "C:\Users\HP\AppData\Roaming\Python\Python310\site-packages\django\db\models\fields\related_descriptors.py", line 516, in __get__
    rel_obj = self.related.get_cached_value(instance)
  File "C:\Users\HP\AppData\Roaming\Python\Python310\site-packages\django\db\models\fields\mixins.py", line 37, in get_cached_value
    return instance._state.fields_cache[self.cache_name]
KeyError: 'userprofile'

During handling of the above exception, another exception occurred:

Traceback (most recent call last):
  File "C:\Users\HP\AppData\Roaming\Python\Python310\site-packages\django\db\backends\utils.py", line 105, in _execute
    return self.cursor.execute(sql, params)
  File "C:\Users\HP\AppData\Roaming\Python\Python310\site-packages\django\db\backends\sqlite3\base.py", line 360, in execute
    return super().execute(query, params)
sqlite3.OperationalError: no such table: plag_userprofile

The above exception was the direct cause of the following exception:

Traceback (most recent call last):
  File "C:\Users\HP\AppData\Roaming\Python\Python310\site-packages\django\core\handlers\exception.py", line 55, in inner
    response = get_response(request)
  File "C:\Users\HP\AppData\Roaming\Python\Python310\site-packages\django\utils\deprecation.py", line 119, in __call__
    response = self.process_request(request)
  File "d:\python\plagiarismcheckerextra\plag\profile_middleware.py", line 8, in process_request
    profile = request.user.userprofile
  File "C:\Users\HP\AppData\Roaming\Python\Python310\site-packages\django\utils\functional.py", line 253, in inner
    return func(_wrapped, *args)
  File "C:\Users\HP\AppData\Roaming\Python\Python310\site-packages\django\db\models\fields\related_descriptors.py", line 523, in __get__
    rel_obj = self.get_queryset(instance=instance).get(**filter_args)
  File "C:\Users\HP\AppData\Roaming\Python\Python310\site-packages\django\db\models\query.py", line 629, in get
    num = len(clone)
  File "C:\Users\HP\AppData\Roaming\Python\Python310\site-packages\django\db\models\query.py", line 366, in __len__
    self._fetch_all()
  File "C:\Users\HP\AppData\Roaming\Python\Python310\site-packages\django\db\models\query.py", line 1949, in _fetch_all
    self._result_cache = list(self._iterable_class(self))
  File "C:\Users\HP\AppData\Roaming\Python\Python310\site-packages\django\db\models\query.py", line 91, in __iter__
    results = compiler.execute_sql(
  File "C:\Users\HP\AppData\Roaming\Python\Python310\site-packages\django\db\models\sql\compiler.py", line 1623, in execute_sql
    cursor.execute(sql, params)
  File "C:\Users\HP\AppData\Roaming\Python\Python310\site-packages\django\db\backends\utils.py", line 122, in execute
    return super().execute(sql, params)
  File "C:\Users\HP\AppData\Roaming\Python\Python310\site-packages\django\db\backends\utils.py", line 79, in execute
    return self._execute_with_wrappers(
  File "C:\Users\HP\AppData\Roaming\Python\Python310\site-packages\django\db\backends\utils.py", line 92, in _execute_with_wrappers
    return executor(sql, params, many, context)
  File "C:\Users\HP\AppData\Roaming\Python\Python310\site-packages\django\db\backends\utils.py", line 100, in _execute
    with self.db.wrap_database_errors:
  File "C:\Users\HP\AppData\Roaming\Python\Python310\site-packages\django\db\utils.py", line 91, in __exit__
    raise dj_exc_value.with_traceback(traceback) from exc_value
  File "C:\Users\HP\AppData\Roaming\Python\Python310\site-packages\django\db\backends\utils.py", line 105, in _execute
    return self.cursor.execute(sql, params)
  File "C:\Users\HP\AppData\Roaming\Python\Python310\site-packages\django\db\backends\sqlite3\base.py", line 360, in execute
    return super().execute(query, params)
django.db.utils.OperationalError: no such table: plag_userprofile
"GET /dashboard/ HTTP/1.1" 500 150929
Internal Server Error: /
Traceback (most recent call last):
  File "C:\Users\HP\AppData\Roaming\Python\Python310\site-packages\django\db\models\fields\related_descriptors.py", line 516, in __get__
    rel_obj = self.related.get_cached_value(instance)
  File "C:\Users\HP\AppData\Roaming\Python\Python310\site-packages\django\db\models\fields\mixins.py", line 37, in get_cached_value
    return instance._state.fields_cache[self.cache_name]
KeyError: 'userprofile'

During handling of the above exception, another exception occurred:

Traceback (most recent call last):
  File "C:\Users\HP\AppData\Roaming\Python\Python310\site-packages\django\db\backends\utils.py", line 105, in _execute
    return self.cursor.execute(sql, params)
  File "C:\Users\HP\AppData\Roaming\Python\Python310\site-packages\django\db\backends\sqlite3\base.py", line 360, in execute
    return super().execute(query, params)
sqlite3.OperationalError: no such table: plag_userprofile

The above exception was the direct cause of the following exception:

Traceback (most recent call last):
  File "C:\Users\HP\AppData\Roaming\Python\Python310\site-packages\django\core\handlers\exception.py", line 55, in inner
    response = get_response(request)
  File "C:\Users\HP\AppData\Roaming\Python\Python310\site-packages\django\utils\deprecation.py", line 119, in __call__
    response = self.process_request(request)
  File "d:\python\plagiarismcheckerextra\plag\profile_middleware.py", line 8, in process_request
    profile = request.user.userprofile
  File "C:\Users\HP\AppData\Roaming\Python\Python310\site-packages\django\utils\functional.py", line 253, in inner
    return func(_wrapped, *args)
  File "C:\Users\HP\AppData\Roaming\Python\Python310\site-packages\django\db\models\fields\related_descriptors.py", line 523, in __get__
    rel_obj = self.get_queryset(instance=instance).get(**filter_args)
  File "C:\Users\HP\AppData\Roaming\Python\Python310\site-packages\django\db\models\query.py", line 629, in get
    num = len(clone)
  File "C:\Users\HP\AppData\Roaming\Python\Python310\site-packages\django\db\models\query.py", line 366, in __len__
    self._fetch_all()
  File "C:\Users\HP\AppData\Roaming\Python\Python310\site-packages\django\db\models\query.py", line 1949, in _fetch_all
    self._result_cache = list(self._iterable_class(self))
  File "C:\Users\HP\AppData\Roaming\Python\Python310\site-packages\django\db\models\query.py", line 91, in __iter__
    results = compiler.execute_sql(
  File "C:\Users\HP\AppData\Roaming\Python\Python310\site-packages\django\db\models\sql\compiler.py", line 1623, in execute_sql
    cursor.execute(sql, params)
  File "C:\Users\HP\AppData\Roaming\Python\Python310\site-packages\django\db\backends\utils.py", line 122, in execute
    return super().execute(sql, params)
  File "C:\Users\HP\AppData\Roaming\Python\Python310\site-packages\django\db\backends\utils.py", line 79, in execute
    return self._execute_with_wrappers(
  File "C:\Users\HP\AppData\Roaming\Python\Python310\site-packages\django\db\backends\utils.py", line 92, in _execute_with_wrappers
    return executor(sql, params, many, context)
  File "C:\Users\HP\AppData\Roaming\Python\Python310\site-packages\django\db\backends\utils.py", line 100, in _execute
    with self.db.wrap_database_errors:
  File "C:\Users\HP\AppData\Roaming\Python\Python310\site-packages\django\db\utils.py", line 91, in __exit__
    raise dj_exc_value.with_traceback(traceback) from exc_value
  File "C:\Users\HP\AppData\Roaming\Python\Python310\site-packages\django\db\backends\utils.py", line 105, in _execute
    return self.cursor.execute(sql, params)
  File "C:\Users\HP\AppData\Roaming\Python\Python310\site-packages\django\db\backends\sqlite3\base.py", line 360, in execute
    return super().execute(query, params)
django.db.utils.OperationalError: no such table: plag_userprofile
"GET / HTTP/1.1" 500 150666
Internal Server Error: /listen/
Traceback (most recent call last):
  File "C:\Users\HP\AppData\Roaming\Python\Python310\site-packages\django\db\models\fields\related_descriptors.py", line 516, in __get__
    rel_obj = self.related.get_cached_value(instance)
  File "C:\Users\HP\AppData\Roaming\Python\Python310\site-packages\django\db\models\fields\mixins.py", line 37, in get_cached_value
    return instance._state.fields_cache[self.cache_name]
KeyError: 'userprofile'

During handling of the above exception, another exception occurred:

Traceback (most recent call last):
  File "C:\Users\HP\AppData\Roaming\Python\Python310\site-packages\django\db\backends\utils.py", line 105, in _execute
    return self.cursor.execute(sql, params)
  File "C:\Users\HP\AppData\Roaming\Python\Python310\site-packages\django\db\backends\sqlite3\base.py", line 360, in execute
    return super().execute(query, params)
sqlite3.OperationalError: no such table: plag_userprofile

The above exception was the direct cause of the following exception:

Traceback (most recent call last):
  File "C:\Users\HP\AppData\Roaming\Python\Python310\site-packages\django\core\handlers\exception.py", line 55, in inner
    response = get_response(request)
  File "C:\Users\HP\AppData\Roaming\Python\Python310\site-packages\django\utils\deprecation.py", line 119, in __call__
    response = self.process_request(request)
  File "d:\python\plagiarismcheckerextra\plag\profile_middleware.py", line 8, in process_request
    profile = request.user.userprofile
  File "C:\Users\HP\AppData\Roaming\Python\Python310\site-packages\django\utils\functional.py", line 253, in inner
    return func(_wrapped, *args)
  File "C:\Users\HP\AppData\Roaming\Python\Python310\site-packages\django\db\models\fields\related_descriptors.py", line 523, in __get__
    rel_obj = self.get_queryset(instance=instance).get(**filter_args)
  File "C:\Users\HP\AppData\Roaming\Python\Python310\site-packages\django\db\models\query.py", line 629, in get
    num = len(clone)
  File "C:\Users\HP\AppData\Roaming\Python\Python310\site-packages\django\db\models\query.py", line 366, in __len__
    self._fetch_all()
  File "C:\Users\HP\AppData\Roaming\Python\Python310\site-packages\django\db\models\query.py", line 1949, in _fetch_all
    self._result_cache = list(self._iterable_class(self))
  File "C:\Users\HP\AppData\Roaming\Python\Python310\site-packages\django\db\models\query.py", line 91, in __iter__
    results = compiler.execute_sql(
  File "C:\Users\HP\AppData\Roaming\Python\Python310\site-packages\django\db\models\sql\compiler.py", line 1623, in execute_sql
    cursor.execute(sql, params)
  File "C:\Users\HP\AppData\Roaming\Python\Python310\site-packages\django\db\backends\utils.py", line 122, in execute
    return super().execute(sql, params)
  File "C:\Users\HP\AppData\Roaming\Python\Python310\site-packages\django\db\backends\utils.py", line 79, in execute
    return self._execute_with_wrappers(
  File "C:\Users\HP\AppData\Roaming\Python\Python310\site-packages\django\db\backends\utils.py", line 92, in _execute_with_wrappers
    return executor(sql, params, many, context)
  File "C:\Users\HP\AppData\Roaming\Python\Python310\site-packages\django\db\backends\utils.py", line 100, in _execute
    with self.db.wrap_database_errors:
  File "C:\Users\HP\AppData\Roaming\Python\Python310\site-packages\django\db\utils.py", line 91, in __exit__
    raise dj_exc_value.with_traceback(traceback) from exc_value
  File "C:\Users\HP\AppData\Roaming\Python\Python310\site-packages\django\db\backends\utils.py", line 105, in _execute
    return self.cursor.execute(sql, params)
  File "C:\Users\HP\AppData\Roaming\Python\Python310\site-packages\django\db\backends\sqlite3\base.py", line 360, in execute
    return super().execute(query, params)
django.db.utils.OperationalError: no such table: plag_userprofile
"POST /listen/ HTTP/1.1" 500 152281
Internal Server Error: /
Traceback (most recent call last):
  File "C:\Users\HP\AppData\Roaming\Python\Python310\site-packages\django\db\models\fields\related_descriptors.py", line 516, in __get__
    rel_obj = self.related.get_cached_value(instance)
  File "C:\Users\HP\AppData\Roaming\Python\Python310\site-packages\django\db\models\fields\mixins.py", line 37, in get_cached_value
    return instance._state.fields_cache[self.cache_name]
KeyError: 'userprofile'

During handling of the above exception, another exception occurred:

Traceback (most recent call last):
  File "C:\Users\HP\AppData\Roaming\Python\Python310\site-packages\django\db\backends\utils.py", line 105, in _execute
    return self.cursor.execute(sql, params)
  File "C:\Users\HP\AppData\Roaming\Python\Python310\site-packages\django\db\backends\sqlite3\base.py", line 360, in execute
    return super().execute(query, params)
sqlite3.OperationalError: no such table: plag_userprofile

The above exception was the direct cause of the following exception:

Traceback (most recent call last):
  File "C:\Users\HP\AppData\Roaming\Python\Python310\site-packages\django\core\handlers\exception.py", line 55, in inner
    response = get_response(request)
  File "C:\Users\HP\AppData\Roaming\Python\Python310\site-packages\django\utils\deprecation.py", line 119, in __call__
    response = self.process_request(request)
  File "d:\python\plagiarismcheckerextra\plag\profile_middleware.py", line 8, in process_request
    profile = request.user.userprofile
  File "C:\Users\HP\AppData\Roaming\Python\Python310\site-packages\django\utils\functional.py", line 253, in inner
    return func(_wrapped, *args)
  File "C:\Users\HP\AppData\Roaming\Python\Python310\site-packages\django\db\models\fields\related_descriptors.py", line 523, in __get__
    rel_obj = self.get_queryset(instance=instance).get(**filter_args)
  File "C:\Users\HP\AppData\Roaming\Python\Python310\site-packages\django\db\models\query.py", line 629, in get
    num = len(clone)
  File "C:\Users\HP\AppData\Roaming\Python\Python310\site-packages\django\db\models\query.py", line 366, in __len__
    self._fetch_all()
  File "C:\Users\HP\AppData\Roaming\Python\Python310\site-packages\django\db\models\query.py", line 1949, in _fetch_all
    self._result_cache = list(self._iterable_class(self))
  File "C:\Users\HP\AppData\Roaming\Python\Python310\site-packages\django\db\models\query.py", line 91, in __iter__
    results = compiler.execute_sql(
  File "C:\Users\HP\AppData\Roaming\Python\Python310\site-packages\django\db\models\sql\compiler.py", line 1623, in execute_sql
    cursor.execute(sql, params)
  File "C:\Users\HP\AppData\Roaming\Python\Python310\site-packages\django\db\backends\utils.py", line 122, in execute
    return super().execute(sql, params)
  File "C:\Users\HP\AppData\Roaming\Python\Python310\site-packages\django\db\backends\utils.py", line 79, in execute
    return self._execute_with_wrappers(
  File "C:\Users\HP\AppData\Roaming\Python\Python310\site-packages\django\db\backends\utils.py", line 92, in _execute_with_wrappers
    return executor(sql, params, many, context)
  File "C:\Users\HP\AppData\Roaming\Python\Python310\site-packages\django\db\backends\utils.py", line 100, in _execute
    with self.db.wrap_database_errors:
  File "C:\Users\HP\AppData\Roaming\Python\Python310\site-packages\django\db\utils.py", line 91, in __exit__
    raise dj_exc_value.with_traceback(traceback) from exc_value
  File "C:\Users\HP\AppData\Roaming\Python\Python310\site-packages\django\db\backends\utils.py", line 105, in _execute
    return self.cursor.execute(sql, params)
  File "C:\Users\HP\AppData\Roaming\Python\Python310\site-packages\django\db\backends\sqlite3\base.py", line 360, in execute
    return super().execute(query, params)
django.db.utils.OperationalError: no such table: plag_userprofile
"GET / HTTP/1.1" 500 150666
Internal Server Error: /
Traceback (most recent call last):
  File "C:\Users\HP\AppData\Roaming\Python\Python310\site-packages\django\db\models\fields\related_descriptors.py", line 516, in __get__
    rel_obj = self.related.get_cached_value(instance)
  File "C:\Users\HP\AppData\Roaming\Python\Python310\site-packages\django\db\models\fields\mixins.py", line 37, in get_cached_value
    return instance._state.fields_cache[self.cache_name]
KeyError: 'userprofile'

During handling of the above exception, another exception occurred:

Traceback (most recent call last):
  File "C:\Users\HP\AppData\Roaming\Python\Python310\site-packages\django\db\backends\utils.py", line 105, in _execute
    return self.cursor.execute(sql, params)
  File "C:\Users\HP\AppData\Roaming\Python\Python310\site-packages\django\db\backends\sqlite3\base.py", line 360, in execute
    return super().execute(query, params)
sqlite3.OperationalError: no such table: plag_userprofile

The above exception was the direct cause of the following exception:

Traceback (most recent call last):
  File "C:\Users\HP\AppData\Roaming\Python\Python310\site-packages\django\core\handlers\exception.py", line 55, in inner
    response = get_response(request)
  File "C:\Users\HP\AppData\Roaming\Python\Python310\site-packages\django\utils\deprecation.py", line 119, in __call__
    response = self.process_request(request)
  File "d:\python\plagiarismcheckerextra\plag\profile_middleware.py", line 8, in process_request
    profile = request.user.userprofile
  File "C:\Users\HP\AppData\Roaming\Python\Python310\site-packages\django\utils\functional.py", line 253, in inner
    return func(_wrapped, *args)
  File "C:\Users\HP\AppData\Roaming\Python\Python310\site-packages\django\db\models\fields\related_descriptors.py", line 523, in __get__
    rel_obj = self.get_queryset(instance=instance).get(**filter_args)
  File "C:\Users\HP\AppData\Roaming\Python\Python310\site-packages\django\db\models\query.py", line 629, in get
    num = len(clone)
  File "C:\Users\HP\AppData\Roaming\Python\Python310\site-packages\django\db\models\query.py", line 366, in __len__
    self._fetch_all()
  File "C:\Users\HP\AppData\Roaming\Python\Python310\site-packages\django\db\models\query.py", line 1949, in _fetch_all
    self._result_cache = list(self._iterable_class(self))
  File "C:\Users\HP\AppData\Roaming\Python\Python310\site-packages\django\db\models\query.py", line 91, in __iter__
    results = compiler.execute_sql(
  File "C:\Users\HP\AppData\Roaming\Python\Python310\site-packages\django\db\models\sql\compiler.py", line 1623, in execute_sql
    cursor.execute(sql, params)
  File "C:\Users\HP\AppData\Roaming\Python\Python310\site-packages\django\db\backends\utils.py", line 122, in execute
    return super().execute(sql, params)
  File "C:\Users\HP\AppData\Roaming\Python\Python310\site-packages\django\db\backends\utils.py", line 79, in execute
    return self._execute_with_wrappers(
  File "C:\Users\HP\AppData\Roaming\Python\Python310\site-packages\django\db\backends\utils.py", line 92, in _execute_with_wrappers
    return executor(sql, params, many, context)
  File "C:\Users\HP\AppData\Roaming\Python\Python310\site-packages\django\db\backends\utils.py", line 100, in _execute
    with self.db.wrap_database_errors:
  File "C:\Users\HP\AppData\Roaming\Python\Python310\site-packages\django\db\utils.py", line 91, in __exit__
    raise dj_exc_value.with_traceback(traceback) from exc_value
  File "C:\Users\HP\AppData\Roaming\Python\Python310\site-packages\django\db\backends\utils.py", line 105, in _execute
    return self.cursor.execute(sql, params)
  File "C:\Users\HP\AppData\Roaming\Python\Python310\site-packages\django\db\backends\sqlite3\base.py", line 360, in execute
    return super().execute(query, params)
django.db.utils.OperationalError: no such table: plag_userprofile
"GET / HTTP/1.1" 500 150666
Internal Server Error: /
Traceback (most recent call last):
  File "C:\Users\HP\AppData\Roaming\Python\Python310\site-packages\django\db\models\fields\related_descriptors.py", line 516, in __get__
    rel_obj = self.related.get_cached_value(instance)
  File "C:\Users\HP\AppData\Roaming\Python\Python310\site-packages\django\db\models\fields\mixins.py", line 37, in get_cached_value
    return instance._state.fields_cache[self.cache_name]
KeyError: 'userprofile'

During handling of the above exception, another exception occurred:

Traceback (most recent call last):
  File "C:\Users\HP\AppData\Roaming\Python\Python310\site-packages\django\db\backends\utils.py", line 105, in _execute
    return self.cursor.execute(sql, params)
  File "C:\Users\HP\AppData\Roaming\Python\Python310\site-packages\django\db\backends\sqlite3\base.py", line 360, in execute
    return super().execute(query, params)
sqlite3.OperationalError: no such table: plag_userprofile

The above exception was the direct cause of the following exception:

Traceback (most recent call last):
  File "C:\Users\HP\AppData\Roaming\Python\Python310\site-packages\django\core\handlers\exception.py", line 55, in inner
    response = get_response(request)
  File "C:\Users\HP\AppData\Roaming\Python\Python310\site-packages\django\utils\deprecation.py", line 119, in __call__
    response = self.process_request(request)
  File "d:\python\plagiarismcheckerextra\plag\profile_middleware.py", line 8, in process_request
    request.user.userprofile
  File "C:\Users\HP\AppData\Roaming\Python\Python310\site-packages\django\utils\functional.py", line 253, in inner
    return func(_wrapped, *args)
  File "C:\Users\HP\AppData\Roaming\Python\Python310\site-packages\django\db\models\fields\related_descriptors.py", line 523, in __get__
    rel_obj = self.get_queryset(instance=instance).get(**filter_args)
  File "C:\Users\HP\AppData\Roaming\Python\Python310\site-packages\django\db\models\query.py", line 629, in get
    num = len(clone)
  File "C:\Users\HP\AppData\Roaming\Python\Python310\site-packages\django\db\models\query.py", line 366, in __len__
    self._fetch_all()
  File "C:\Users\HP\AppData\Roaming\Python\Python310\site-packages\django\db\models\query.py", line 1949, in _fetch_all
    self._result_cache = list(self._iterable_class(self))
  File "C:\Users\HP\AppData\Roaming\Python\Python310\site-packages\django\db\models\query.py", line 91, in __iter__
    results = compiler.execute_sql(
  File "C:\Users\HP\AppData\Roaming\Python\Python310\site-packages\django\db\models\sql\compiler.py", line 1623, in execute_sql
    cursor.execute(sql, params)
  File "C:\Users\HP\AppData\Roaming\Python\Python310\site-packages\django\db\backends\utils.py", line 122, in execute
    return super().execute(sql, params)
  File "C:\Users\HP\AppData\Roaming\Python\Python310\site-packages\django\db\backends\utils.py", line 79, in execute
    return self._execute_with_wrappers(
  File "C:\Users\HP\AppData\Roaming\Python\Python310\site-packages\django\db\backends\utils.py", line 92, in _execute_with_wrappers
    return executor(sql, params, many, context)
  File "C:\Users\HP\AppData\Roaming\Python\Python310\site-packages\django\db\backends\utils.py", line 100, in _execute
    with self.db.wrap_database_errors:
  File "C:\Users\HP\AppData\Roaming\Python\Python310\site-packages\django\db\utils.py", line 91, in __exit__
    raise dj_exc_value.with_traceback(traceback) from exc_value
  File "C:\Users\HP\AppData\Roaming\Python\Python310\site-packages\django\db\backends\utils.py", line 105, in _execute
    return self.cursor.execute(sql, params)
  File "C:\Users\HP\AppData\Roaming\Python\Python310\site-packages\django\db\backends\sqlite3\base.py", line 360, in execute
    return super().execute(query, params)
django.db.utils.OperationalError: no such table: plag_userprofile
"GET / HTTP/1.1" 500 150513
Internal Server Error: /
Traceback (most recent call last):
  File "C:\Users\HP\AppData\Roaming\Python\Python310\site-packages\django\db\models\fields\related_descriptors.py", line 516, in __get__
    rel_obj = self.related.get_cached_value(instance)
  File "C:\Users\HP\AppData\Roaming\Python\Python310\site-packages\django\db\models\fields\mixins.py", line 37, in get_cached_value
    return instance._state.fields_cache[self.cache_name]
KeyError: 'userprofile'

During handling of the above exception, another exception occurred:

Traceback (most recent call last):
  File "C:\Users\HP\AppData\Roaming\Python\Python310\site-packages\django\db\backends\utils.py", line 105, in _execute
    return self.cursor.execute(sql, params)
  File "C:\Users\HP\AppData\Roaming\Python\Python310\site-packages\django\db\backends\sqlite3\base.py", line 360, in execute
    return super().execute(query, params)
sqlite3.OperationalError: no such table: plag_userprofile

The above exception was the direct cause of the following exception:

Traceback (most recent call last):
  File "C:\Users\HP\AppData\Roaming\Python\Python310\site-packages\django\core\handlers\exception.py", line 55, in inner
    response = get_response(request)
  File "C:\Users\HP\AppData\Roaming\Python\Python310\site-packages\django\utils\deprecation.py", line 119, in __call__
    response = self.process_request(request)
  File "D:\python\plagiarismcheckerextra\plag\profile_middleware.py", line 8, in process_request
    request.user.userprofile
  File "C:\Users\HP\AppData\Roaming\Python\Python310\site-packages\django\utils\functional.py", line 253, in inner
    return func(_wrapped, *args)
  File "C:\Users\HP\AppData\Roaming\Python\Python310\site-packages\django\db\models\fields\related_descriptors.py", line 523, in __get__
    rel_obj = self.get_queryset(instance=instance).get(**filter_args)
  File "C:\Users\HP\AppData\Roaming\Python\Python310\site-packages\django\db\models\query.py", line 629, in get
    num = len(clone)
  File "C:\Users\HP\AppData\Roaming\Python\Python310\site-packages\django\db\models\query.py", line 366, in __len__
    self._fetch_all()
  File "C:\Users\HP\AppData\Roaming\Python\Python310\site-packages\django\db\models\query.py", line 1949, in _fetch_all
    self._result_cache = list(self._iterable_class(self))
  File "C:\Users\HP\AppData\Roaming\Python\Python310\site-packages\django\db\models\query.py", line 91, in __iter__
    results = compiler.execute_sql(
  File "C:\Users\HP\AppData\Roaming\Python\Python310\site-packages\django\db\models\sql\compiler.py", line 1623, in execute_sql
    cursor.execute(sql, params)
  File "C:\Users\HP\AppData\Roaming\Python\Python310\site-packages\django\db\backends\utils.py", line 122, in execute
    return super().execute(sql, params)
  File "C:\Users\HP\AppData\Roaming\Python\Python310\site-packages\django\db\backends\utils.py", line 79, in execute
    return self._execute_with_wrappers(
  File "C:\Users\HP\AppData\Roaming\Python\Python310\site-packages\django\db\backends\utils.py", line 92, in _execute_with_wrappers
    return executor(sql, params, many, context)
  File "C:\Users\HP\AppData\Roaming\Python\Python310\site-packages\django\db\backends\utils.py", line 100, in _execute
    with self.db.wrap_database_errors:
  File "C:\Users\HP\AppData\Roaming\Python\Python310\site-packages\django\db\utils.py", line 91, in __exit__
    raise dj_exc_value.with_traceback(traceback) from exc_value
  File "C:\Users\HP\AppData\Roaming\Python\Python310\site-packages\django\db\backends\utils.py", line 105, in _execute
    return self.cursor.execute(sql, params)
  File "C:\Users\HP\AppData\Roaming\Python\Python310\site-packages\django\db\backends\sqlite3\base.py", line 360, in execute
    return super().execute(query, params)
django.db.utils.OperationalError: no such table: plag_userprofile
"GET / HTTP/1.1" 500 150957
Internal Server Error: /
Traceback (most recent call last):
  File "C:\Users\HP\AppData\Roaming\Python\Python310\site-packages\django\db\models\fields\related_descriptors.py", line 516, in __get__
    rel_obj = self.related.get_cached_value(instance)
  File "C:\Users\HP\AppData\Roaming\Python\Python310\site-packages\django\db\models\fields\mixins.py", line 37, in get_cached_value
    return instance._state.fields_cache[self.cache_name]
KeyError: 'userprofile'

During handling of the above exception, another exception occurred:

Traceback (most recent call last):
  File "C:\Users\HP\AppData\Roaming\Python\Python310\site-packages\django\db\backends\utils.py", line 105, in _execute
    return self.cursor.execute(sql, params)
  File "C:\Users\HP\AppData\Roaming\Python\Python310\site-packages\django\db\backends\sqlite3\base.py", line 360, in execute
    return super().execute(query, params)
sqlite3.OperationalError: no such table: plag_userprofile

The above exception was the direct cause of the following exception:

Traceback (most recent call last):
  File "C:\Users\HP\AppData\Roaming\Python\Python310\site-packages\django\core\handlers\exception.py", line 55, in inner
    response = get_response(request)
  File "C:\Users\HP\AppData\Roaming\Python\Python310\site-packages\django\utils\deprecation.py", line 119, in __call__
    response = self.process_request(request)
  File "d:\python\plagiarismcheckerextra\plag\profile_middleware.py", line 8, in process_request
    request.user.userprofile
  File "C:\Users\HP\AppData\Roaming\Python\Python310\site-packages\django\utils\functional.py", line 253, in inner
    return func(_wrapped, *args)
  File "C:\Users\HP\AppData\Roaming\Python\Python310\site-packages\django\db\models\fields\related_descriptors.py", line 523, in __get__
    rel_obj = self.get_queryset(instance=instance).get(**filter_args)
  File "C:\Users\HP\AppData\Roaming\Python\Python310\site-packages\django\db\models\query.py", line 629, in get
    num = len(clone)
  File "C:\Users\HP\AppData\Roaming\Python\Python310\site-packages\django\db\models\query.py", line 366, in __len__
    self._fetch_all()
  File "C:\Users\HP\AppData\Roaming\Python\Python310\site-packages\django\db\models\query.py", line 1949, in _fetch_all
    self._result_cache = list(self._iterable_class(self))
  File "C:\Users\HP\AppData\Roaming\Python\Python310\site-packages\django\db\models\query.py", line 91, in __iter__
    results = compiler.execute_sql(
  File "C:\Users\HP\AppData\Roaming\Python\Python310\site-packages\django\db\models\sql\compiler.py", line 1623, in execute_sql
    cursor.execute(sql, params)
  File "C:\Users\HP\AppData\Roaming\Python\Python310\site-packages\django\db\backends\utils.py", line 122, in execute
    return super().execute(sql, params)
  File "C:\Users\HP\AppData\Roaming\Python\Python310\site-packages\django\db\backends\utils.py", line 79, in execute
    return self._execute_with_wrappers(
  File "C:\Users\HP\AppData\Roaming\Python\Python310\site-packages\django\db\backends\utils.py", line 92, in _execute_with_wrappers
    return executor(sql, params, many, context)
  File "C:\Users\HP\AppData\Roaming\Python\Python310\site-packages\django\db\backends\utils.py", line 100, in _execute
    with self.db.wrap_database_errors:
  File "C:\Users\HP\AppData\Roaming\Python\Python310\site-packages\django\db\utils.py", line 91, in __exit__
    raise dj_exc_value.with_traceback(traceback) from exc_value
  File "C:\Users\HP\AppData\Roaming\Python\Python310\site-packages\django\db\backends\utils.py", line 105, in _execute
    return self.cursor.execute(sql, params)
  File "C:\Users\HP\AppData\Roaming\Python\Python310\site-packages\django\db\backends\sqlite3\base.py", line 360, in execute
    return super().execute(query, params)
django.db.utils.OperationalError: no such table: plag_userprofile
"GET / HTTP/1.1" 500 150443
Internal Server Error: /
Traceback (most recent call last):
  File "C:\Users\HP\AppData\Roaming\Python\Python310\site-packages\django\db\models\fields\related_descriptors.py", line 516, in __get__
    rel_obj = self.related.get_cached_value(instance)
  File "C:\Users\HP\AppData\Roaming\Python\Python310\site-packages\django\db\models\fields\mixins.py", line 37, in get_cached_value
    return instance._state.fields_cache[self.cache_name]
KeyError: 'userprofile'

During handling of the above exception, another exception occurred:

Traceback (most recent call last):
  File "C:\Users\HP\AppData\Roaming\Python\Python310\site-packages\django\db\backends\utils.py", line 105, in _execute
    return self.cursor.execute(sql, params)
  File "C:\Users\HP\AppData\Roaming\Python\Python310\site-packages\django\db\backends\sqlite3\base.py", line 360, in execute
    return super().execute(query, params)
sqlite3.OperationalError: no such table: plag_userprofile

The above exception was the direct cause of the following exception:

Traceback (most recent call last):
  File "C:\Users\HP\AppData\Roaming\Python\Python310\site-packages\django\core\handlers\exception.py", line 55, in inner
    response = get_response(request)
  File "C:\Users\HP\AppData\Roaming\Python\Python310\site-packages\django\utils\deprecation.py", line 119, in __call__
    response = self.process_request(request)
  File "d:\python\plagiarismcheckerextra\plag\profile_middleware.py", line 8, in process_request
    request.user.userprofile
  File "C:\Users\HP\AppData\Roaming\Python\Python310\site-packages\django\utils\functional.py", line 253, in inner
    return func(_wrapped, *args)
  File "C:\Users\HP\AppData\Roaming\Python\Python310\site-packages\django\db\models\fields\related_descriptors.py", line 523, in __get__
    rel_obj = self.get_queryset(instance=instance).get(**filter_args)
  File "C:\Users\HP\AppData\Roaming\Python\Python310\site-packages\django\db\models\query.py", line 629, in get
    num = len(clone)
  File "C:\Users\HP\AppData\Roaming\Python\Python310\site-packages\django\db\models\query.py", line 366, in __len__
    self._fetch_all()
  File "C:\Users\HP\AppData\Roaming\Python\Python310\site-packages\django\db\models\query.py", line 1949, in _fetch_all
    self._result_cache = list(self._iterable_class(self))
  File "C:\Users\HP\AppData\Roaming\Python\Python310\site-packages\django\db\models\query.py", line 91, in __iter__
    results = compiler.execute_sql(
  File "C:\Users\HP\AppData\Roaming\Python\Python310\site-packages\django\db\models\sql\compiler.py", line 1623, in execute_sql
    cursor.execute(sql, params)
  File "C:\Users\HP\AppData\Roaming\Python\Python310\site-packages\django\db\backends\utils.py", line 122, in execute
    return super().execute(sql, params)
  File "C:\Users\HP\AppData\Roaming\Python\Python310\site-packages\django\db\backends\utils.py", line 79, in execute
    return self._execute_with_wrappers(
  File "C:\Users\HP\AppData\Roaming\Python\Python310\site-packages\django\db\backends\utils.py", line 92, in _execute_with_wrappers
    return executor(sql, params, many, context)
  File "C:\Users\HP\AppData\Roaming\Python\Python310\site-packages\django\db\backends\utils.py", line 100, in _execute
    with self.db.wrap_database_errors:
  File "C:\Users\HP\AppData\Roaming\Python\Python310\site-packages\django\db\utils.py", line 91, in __exit__
    raise dj_exc_value.with_traceback(traceback) from exc_value
  File "C:\Users\HP\AppData\Roaming\Python\Python310\site-packages\django\db\backends\utils.py", line 105, in _execute
    return self.cursor.execute(sql, params)
  File "C:\Users\HP\AppData\Roaming\Python\Python310\site-packages\django\db\backends\sqlite3\base.py", line 360, in execute
    return super().execute(query, params)
django.db.utils.OperationalError: no such table: plag_userprofile
"GET / HTTP/1.1" 500 150580
Internal Server Error: /
Traceback (most recent call last):
  File "C:\Users\HP\AppData\Roaming\Python\Python310\site-packages\django\db\models\fields\related_descriptors.py", line 516, in __get__
    rel_obj = self.related.get_cached_value(instance)
  File "C:\Users\HP\AppData\Roaming\Python\Python310\site-packages\django\db\models\fields\mixins.py", line 37, in get_cached_value
    return instance._state.fields_cache[self.cache_name]
KeyError: 'userprofile'

During handling of the above exception, another exception occurred:

Traceback (most recent call last):
  File "C:\Users\HP\AppData\Roaming\Python\Python310\site-packages\django\db\backends\utils.py", line 105, in _execute
    return self.cursor.execute(sql, params)
  File "C:\Users\HP\AppData\Roaming\Python\Python310\site-packages\django\db\backends\sqlite3\base.py", line 360, in execute
    return super().execute(query, params)
sqlite3.OperationalError: no such table: plag_userprofile

The above exception was the direct cause of the following exception:

Traceback (most recent call last):
  File "C:\Users\HP\AppData\Roaming\Python\Python310\site-packages\django\core\handlers\exception.py", line 55, in inner
    response = get_response(request)
  File "C:\Users\HP\AppData\Roaming\Python\Python310\site-packages\django\utils\deprecation.py", line 119, in __call__
    response = self.process_request(request)
  File "d:\python\plagiarismcheckerextra\plag\profile_middleware.py", line 8, in process_request
    request.user.userprofile
  File "C:\Users\HP\AppData\Roaming\Python\Python310\site-packages\django\utils\functional.py", line 253, in inner
    return func(_wrapped, *args)
  File "C:\Users\HP\AppData\Roaming\Python\Python310\site-packages\django\db\models\fields\related_descriptors.py", line 523, in __get__
    rel_obj = self.get_queryset(instance=instance).get(**filter_args)
  File "C:\Users\HP\AppData\Roaming\Python\Python310\site-packages\django\db\models\query.py", line 629, in get
    num = len(clone)
  File "C:\Users\HP\AppData\Roaming\Python\Python310\site-packages\django\db\models\query.py", line 366, in __len__
    self._fetch_all()
  File "C:\Users\HP\AppData\Roaming\Python\Python310\site-packages\django\db\models\query.py", line 1949, in _fetch_all
    self._result_cache = list(self._iterable_class(self))
  File "C:\Users\HP\AppData\Roaming\Python\Python310\site-packages\django\db\models\query.py", line 91, in __iter__
    results = compiler.execute_sql(
  File "C:\Users\HP\AppData\Roaming\Python\Python310\site-packages\django\db\models\sql\compiler.py", line 1623, in execute_sql
    cursor.execute(sql, params)
  File "C:\Users\HP\AppData\Roaming\Python\Python310\site-packages\django\db\backends\utils.py", line 122, in execute
    return super().execute(sql, params)
  File "C:\Users\HP\AppData\Roaming\Python\Python310\site-packages\django\db\backends\utils.py", line 79, in execute
    return self._execute_with_wrappers(
  File "C:\Users\HP\AppData\Roaming\Python\Python310\site-packages\django\db\backends\utils.py", line 92, in _execute_with_wrappers
    return executor(sql, params, many, context)
  File "C:\Users\HP\AppData\Roaming\Python\Python310\site-packages\django\db\backends\utils.py", line 100, in _execute
    with self.db.wrap_database_errors:
  File "C:\Users\HP\AppData\Roaming\Python\Python310\site-packages\django\db\utils.py", line 91, in __exit__
    raise dj_exc_value.with_traceback(traceback) from exc_value
  File "C:\Users\HP\AppData\Roaming\Python\Python310\site-packages\django\db\backends\utils.py", line 105, in _execute
    return self.cursor.execute(sql, params)
  File "C:\Users\HP\AppData\Roaming\Python\Python310\site-packages\django\db\backends\sqlite3\base.py", line 360, in execute
    return super().execute(query, params)
django.db.utils.OperationalError: no such table: plag_userprofile
"GET / HTTP/1.1" 500 150580
Internal Server Error: /
Traceback (most recent call last):
  File "C:\Users\HP\AppData\Roaming\Python\Python310\site-packages\django\db\models\fields\related_descriptors.py", line 516, in __get__
    rel_obj = self.related.get_cached_value(instance)
  File "C:\Users\HP\AppData\Roaming\Python\Python310\site-packages\django\db\models\fields\mixins.py", line 37, in get_cached_value
    return instance._state.fields_cache[self.cache_name]
KeyError: 'userprofile'

During handling of the above exception, another exception occurred:

Traceback (most recent call last):
  File "C:\Users\HP\AppData\Roaming\Python\Python310\site-packages\django\db\backends\utils.py", line 105, in _execute
    return self.cursor.execute(sql, params)
  File "C:\Users\HP\AppData\Roaming\Python\Python310\site-packages\django\db\backends\sqlite3\base.py", line 360, in execute
    return super().execute(query, params)
sqlite3.OperationalError: no such table: plag_userprofile

The above exception was the direct cause of the following exception:

Traceback (most recent call last):
  File "C:\Users\HP\AppData\Roaming\Python\Python310\site-packages\django\core\handlers\exception.py", line 55, in inner
    response = get_response(request)
  File "C:\Users\HP\AppData\Roaming\Python\Python310\site-packages\django\utils\deprecation.py", line 119, in __call__
    response = self.process_request(request)
  File "d:\python\plagiarismcheckerextra\plag\profile_middleware.py", line 8, in process_request
    request.user.userprofile
  File "C:\Users\HP\AppData\Roaming\Python\Python310\site-packages\django\utils\functional.py", line 253, in inner
    return func(_wrapped, *args)
  File "C:\Users\HP\AppData\Roaming\Python\Python310\site-packages\django\db\models\fields\related_descriptors.py", line 523, in __get__
    rel_obj = self.get_queryset(instance=instance).get(**filter_args)
  File "C:\Users\HP\AppData\Roaming\Python\Python310\site-packages\django\db\models\query.py", line 629, in get
    num = len(clone)
  File "C:\Users\HP\AppData\Roaming\Python\Python310\site-packages\django\db\models\query.py", line 366, in __len__
    self._fetch_all()
  File "C:\Users\HP\AppData\Roaming\Python\Python310\site-packages\django\db\models\query.py", line 1949, in _fetch_all
    self._result_cache = list(self._iterable_class(self))
  File "C:\Users\HP\AppData\Roaming\Python\Python310\site-packages\django\db\models\query.py", line 91, in __iter__
    results = compiler.execute_sql(
  File "C:\Users\HP\AppData\Roaming\Python\Python310\site-packages\django\db\models\sql\compiler.py", line 1623, in execute_sql
    cursor.execute(sql, params)
  File "C:\Users\HP\AppData\Roaming\Python\Python310\site-packages\django\db\backends\utils.py", line 122, in execute
    return super().execute(sql, params)
  File "C:\Users\HP\AppData\Roaming\Python\Python310\site-packages\django\db\backends\utils.py", line 79, in execute
    return self._execute_with_wrappers(
  File "C:\Users\HP\AppData\Roaming\Python\Python310\site-packages\django\db\backends\utils.py", line 92, in _execute_with_wrappers
    return executor(sql, params, many, context)
  File "C:\Users\HP\AppData\Roaming\Python\Python310\site-packages\django\db\backends\utils.py", line 100, in _execute
    with self.db.wrap_database_errors:
  File "C:\Users\HP\AppData\Roaming\Python\Python310\site-packages\django\db\utils.py", line 91, in __exit__
    raise dj_exc_value.with_traceback(traceback) from exc_value
  File "C:\Users\HP\AppData\Roaming\Python\Python310\site-packages\django\db\backends\utils.py", line 105, in _execute
    return self.cursor.execute(sql, params)
  File "C:\Users\HP\AppData\Roaming\Python\Python310\site-packages\django\db\backends\sqlite3\base.py", line 360, in execute
    return super().execute(query, params)
django.db.utils.OperationalError: no such table: plag_userprofile
"GET / HTTP/1.1" 500 150580
Internal Server Error: /
Traceback (most recent call last):
  File "C:\Users\HP\AppData\Roaming\Python\Python310\site-packages\django\db\models\fields\related_descriptors.py", line 516, in __get__
    rel_obj = self.related.get_cached_value(instance)
  File "C:\Users\HP\AppData\Roaming\Python\Python310\site-packages\django\db\models\fields\mixins.py", line 37, in get_cached_value
    return instance._state.fields_cache[self.cache_name]
KeyError: 'userprofile'

During handling of the above exception, another exception occurred:

Traceback (most recent call last):
  File "C:\Users\HP\AppData\Roaming\Python\Python310\site-packages\django\db\backends\utils.py", line 105, in _execute
    return self.cursor.execute(sql, params)
  File "C:\Users\HP\AppData\Roaming\Python\Python310\site-packages\django\db\backends\sqlite3\base.py", line 360, in execute
    return super().execute(query, params)
sqlite3.OperationalError: no such table: plag_userprofile

The above exception was the direct cause of the following exception:

Traceback (most recent call last):
  File "C:\Users\HP\AppData\Roaming\Python\Python310\site-packages\django\core\handlers\exception.py", line 55, in inner
    response = get_response(request)
  File "C:\Users\HP\AppData\Roaming\Python\Python310\site-packages\django\utils\deprecation.py", line 119, in __call__
    response = self.process_request(request)
  File "d:\python\plagiarismcheckerextra\plag\profile_middleware.py", line 8, in process_request
    request.user.userprofile
  File "C:\Users\HP\AppData\Roaming\Python\Python310\site-packages\django\utils\functional.py", line 253, in inner
    return func(_wrapped, *args)
  File "C:\Users\HP\AppData\Roaming\Python\Python310\site-packages\django\db\models\fields\related_descriptors.py", line 523, in __get__
    rel_obj = self.get_queryset(instance=instance).get(**filter_args)
  File "C:\Users\HP\AppData\Roaming\Python\Python310\site-packages\django\db\models\query.py", line 629, in get
    num = len(clone)
  File "C:\Users\HP\AppData\Roaming\Python\Python310\site-packages\django\db\models\query.py", line 366, in __len__
    self._fetch_all()
  File "C:\Users\HP\AppData\Roaming\Python\Python310\site-packages\django\db\models\query.py", line 1949, in _fetch_all
    self._result_cache = list(self._iterable_class(self))
  File "C:\Users\HP\AppData\Roaming\Python\Python310\site-packages\django\db\models\query.py", line 91, in __iter__
    results = compiler.execute_sql(
  File "C:\Users\HP\AppData\Roaming\Python\Python310\site-packages\django\db\models\sql\compiler.py", line 1623, in execute_sql
    cursor.execute(sql, params)
  File "C:\Users\HP\AppData\Roaming\Python\Python310\site-packages\django\db\backends\utils.py", line 122, in execute
    return super().execute(sql, params)
  File "C:\Users\HP\AppData\Roaming\Python\Python310\site-packages\django\db\backends\utils.py", line 79, in execute
    return self._execute_with_wrappers(
  File "C:\Users\HP\AppData\Roaming\Python\Python310\site-packages\django\db\backends\utils.py", line 92, in _execute_with_wrappers
    return executor(sql, params, many, context)
  File "C:\Users\HP\AppData\Roaming\Python\Python310\site-packages\django\db\backends\utils.py", line 100, in _execute
    with self.db.wrap_database_errors:
  File "C:\Users\HP\AppData\Roaming\Python\Python310\site-packages\django\db\utils.py", line 91, in __exit__
    raise dj_exc_value.with_traceback(traceback) from exc_value
  File "C:\Users\HP\AppData\Roaming\Python\Python310\site-packages\django\db\backends\utils.py", line 105, in _execute
    return self.cursor.execute(sql, params)
  File "C:\Users\HP\AppData\Roaming\Python\Python310\site-packages\django\db\backends\sqlite3\base.py", line 360, in execute
    return super().execute(query, params)
django.db.utils.OperationalError: no such table: plag_userprofile
"GET / HTTP/1.1" 500 150580
Internal Server Error: /
Traceback (most recent call last):
  File "C:\Users\HP\AppData\Roaming\Python\Python310\site-packages\django\db\models\fields\related_descriptors.py", line 516, in __get__
    rel_obj = self.related.get_cached_value(instance)
  File "C:\Users\HP\AppData\Roaming\Python\Python310\site-packages\django\db\models\fields\mixins.py", line 37, in get_cached_value
    return instance._state.fields_cache[self.cache_name]
KeyError: 'userprofile'

During handling of the above exception, another exception occurred:

Traceback (most recent call last):
  File "C:\Users\HP\AppData\Roaming\Python\Python310\site-packages\django\db\backends\utils.py", line 105, in _execute
    return self.cursor.execute(sql, params)
  File "C:\Users\HP\AppData\Roaming\Python\Python310\site-packages\django\db\backends\sqlite3\base.py", line 360, in execute
    return super().execute(query, params)
sqlite3.OperationalError: no such table: plag_userprofile

The above exception was the direct cause of the following exception:

Traceback (most recent call last):
  File "C:\Users\HP\AppData\Roaming\Python\Python310\site-packages\django\core\handlers\exception.py", line 55, in inner
    response = get_response(request)
  File "C:\Users\HP\AppData\Roaming\Python\Python310\site-packages\django\utils\deprecation.py", line 119, in __call__
    response = self.process_request(request)
  File "d:\python\plagiarismcheckerextra\plag\profile_middleware.py", line 8, in process_request
    request.user.userprofile
  File "C:\Users\HP\AppData\Roaming\Python\Python310\site-packages\django\utils\functional.py", line 253, in inner
    return func(_wrapped, *args)
  File "C:\Users\HP\AppData\Roaming\Python\Python310\site-packages\django\db\models\fields\related_descriptors.py", line 523, in __get__
    rel_obj = self.get_queryset(instance=instance).get(**filter_args)
  File "C:\Users\HP\AppData\Roaming\Python\Python310\site-packages\django\db\models\query.py", line 629, in get
    num = len(clone)
  File "C:\Users\HP\AppData\Roaming\Python\Python310\site-packages\django\db\models\query.py", line 366, in __len__
    self._fetch_all()
  File "C:\Users\HP\AppData\Roaming\Python\Python310\site-packages\django\db\models\query.py", line 1949, in _fetch_all
    self._result_cache = list(self._iterable_class(self))
  File "C:\Users\HP\AppData\Roaming\Python\Python310\site-packages\django\db\models\query.py", line 91, in __iter__
    results = compiler.execute_sql(
  File "C:\Users\HP\AppData\Roaming\Python\Python310\site-packages\django\db\models\sql\compiler.py", line 1623, in execute_sql
    cursor.execute(sql, params)
  File "C:\Users\HP\AppData\Roaming\Python\Python310\site-packages\django\db\backends\utils.py", line 122, in execute
    return super().execute(sql, params)
  File "C:\Users\HP\AppData\Roaming\Python\Python310\site-packages\django\db\backends\utils.py", line 79, in execute
    return self._execute_with_wrappers(
  File "C:\Users\HP\AppData\Roaming\Python\Python310\site-packages\django\db\backends\utils.py", line 92, in _execute_with_wrappers
    return executor(sql, params, many, context)
  File "C:\Users\HP\AppData\Roaming\Python\Python310\site-packages\django\db\backends\utils.py", line 100, in _execute
    with self.db.wrap_database_errors:
  File "C:\Users\HP\AppData\Roaming\Python\Python310\site-packages\django\db\utils.py", line 91, in __exit__
    raise dj_exc_value.with_traceback(traceback) from exc_value
  File "C:\Users\HP\AppData\Roaming\Python\Python310\site-packages\django\db\backends\utils.py", line 105, in _execute
    return self.cursor.execute(sql, params)
  File "C:\Users\HP\AppData\Roaming\Python\Python310\site-packages\django\db\backends\sqlite3\base.py", line 360, in execute
    return super().execute(query, params)
django.db.utils.OperationalError: no such table: plag_userprofile
"GET / HTTP/1.1" 500 150443
Internal Server Error: /
Traceback (most recent call last):
  File "C:\Users\HP\AppData\Roaming\Python\Python310\site-packages\django\db\models\fields\related_descriptors.py", line 516, in __get__
    rel_obj = self.related.get_cached_value(instance)
  File "C:\Users\HP\AppData\Roaming\Python\Python310\site-packages\django\db\models\fields\mixins.py", line 37, in get_cached_value
    return instance._state.fields_cache[self.cache_name]
KeyError: 'userprofile'

During handling of the above exception, another exception occurred:

Traceback (most recent call last):
  File "C:\Users\HP\AppData\Roaming\Python\Python310\site-packages\django\db\backends\utils.py", line 105, in _execute
    return self.cursor.execute(sql, params)
  File "C:\Users\HP\AppData\Roaming\Python\Python310\site-packages\django\db\backends\sqlite3\base.py", line 360, in execute
    return super().execute(query, params)
sqlite3.OperationalError: no such table: plag_userprofile

The above exception was the direct cause of the following exception:

Traceback (most recent call last):
  File "C:\Users\HP\AppData\Roaming\Python\Python310\site-packages\django\core\handlers\exception.py", line 55, in inner
    response = get_response(request)
  File "C:\Users\HP\AppData\Roaming\Python\Python310\site-packages\django\utils\deprecation.py", line 119, in __call__
    response = self.process_request(request)
  File "d:\python\plagiarismcheckerextra\plag\profile_middleware.py", line 8, in process_request
    request.user.userprofile
  File "C:\Users\HP\AppData\Roaming\Python\Python310\site-packages\django\utils\functional.py", line 253, in inner
    return func(_wrapped, *args)
  File "C:\Users\HP\AppData\Roaming\Python\Python310\site-packages\django\db\models\fields\related_descriptors.py", line 523, in __get__
    rel_obj = self.get_queryset(instance=instance).get(**filter_args)
  File "C:\Users\HP\AppData\Roaming\Python\Python310\site-packages\django\db\models\query.py", line 629, in get
    num = len(clone)
  File "C:\Users\HP\AppData\Roaming\Python\Python310\site-packages\django\db\models\query.py", line 366, in __len__
    self._fetch_all()
  File "C:\Users\HP\AppData\Roaming\Python\Python310\site-packages\django\db\models\query.py", line 1949, in _fetch_all
    self._result_cache = list(self._iterable_class(self))
  File "C:\Users\HP\AppData\Roaming\Python\Python310\site-packages\django\db\models\query.py", line 91, in __iter__
    results = compiler.execute_sql(
  File "C:\Users\HP\AppData\Roaming\Python\Python310\site-packages\django\db\models\sql\compiler.py", line 1623, in execute_sql
    cursor.execute(sql, params)
  File "C:\Users\HP\AppData\Roaming\Python\Python310\site-packages\django\db\backends\utils.py", line 122, in execute
    return super().execute(sql, params)
  File "C:\Users\HP\AppData\Roaming\Python\Python310\site-packages\django\db\backends\utils.py", line 79, in execute
    return self._execute_with_wrappers(
  File "C:\Users\HP\AppData\Roaming\Python\Python310\site-packages\django\db\backends\utils.py", line 92, in _execute_with_wrappers
    return executor(sql, params, many, context)
  File "C:\Users\HP\AppData\Roaming\Python\Python310\site-packages\django\db\backends\utils.py", line 100, in _execute
    with self.db.wrap_database_errors:
  File "C:\Users\HP\AppData\Roaming\Python\Python310\site-packages\django\db\utils.py", line 91, in __exit__
    raise dj_exc_value.with_traceback(traceback) from exc_value
  File "C:\Users\HP\AppData\Roaming\Python\Python310\site-packages\django\db\backends\utils.py", line 105, in _execute
    return self.cursor.execute(sql, params)
  File "C:\Users\HP\AppData\Roaming\Python\Python310\site-packages\django\db\backends\sqlite3\base.py", line 360, in execute
    return super().execute(query, params)
django.db.utils.OperationalError: no such table: plag_userprofile
"GET / HTTP/1.1" 500 150580
Internal Server Error: /
Traceback (most recent call last):
  File "C:\Users\HP\AppData\Roaming\Python\Python310\site-packages\django\db\models\fields\related_descriptors.py", line 516, in __get__
    rel_obj = self.related.get_cached_value(instance)
  File "C:\Users\HP\AppData\Roaming\Python\Python310\site-packages\django\db\models\fields\mixins.py", line 37, in get_cached_value
    return instance._state.fields_cache[self.cache_name]
KeyError: 'userprofile'

During handling of the above exception, another exception occurred:

Traceback (most recent call last):
  File "C:\Users\HP\AppData\Roaming\Python\Python310\site-packages\django\db\backends\utils.py", line 105, in _execute
    return self.cursor.execute(sql, params)
  File "C:\Users\HP\AppData\Roaming\Python\Python310\site-packages\django\db\backends\sqlite3\base.py", line 360, in execute
    return super().execute(query, params)
sqlite3.OperationalError: no such table: plag_userprofile

The above exception was the direct cause of the following exception:

Traceback (most recent call last):
  File "C:\Users\HP\AppData\Roaming\Python\Python310\site-packages\django\core\handlers\exception.py", line 55, in inner
    response = get_response(request)
  File "C:\Users\HP\AppData\Roaming\Python\Python310\site-packages\django\utils\deprecation.py", line 119, in __call__
    response = self.process_request(request)
  File "d:\python\plagiarismcheckerextra\plag\profile_middleware.py", line 8, in process_request
    request.user.userprofile
  File "C:\Users\HP\AppData\Roaming\Python\Python310\site-packages\django\utils\functional.py", line 253, in inner
    return func(_wrapped, *args)
  File "C:\Users\HP\AppData\Roaming\Python\Python310\site-packages\django\db\models\fields\related_descriptors.py", line 523, in __get__
    rel_obj = self.get_queryset(instance=instance).get(**filter_args)
  File "C:\Users\HP\AppData\Roaming\Python\Python310\site-packages\django\db\models\query.py", line 629, in get
    num = len(clone)
  File "C:\Users\HP\AppData\Roaming\Python\Python310\site-packages\django\db\models\query.py", line 366, in __len__
    self._fetch_all()
  File "C:\Users\HP\AppData\Roaming\Python\Python310\site-packages\django\db\models\query.py", line 1949, in _fetch_all
    self._result_cache = list(self._iterable_class(self))
  File "C:\Users\HP\AppData\Roaming\Python\Python310\site-packages\django\db\models\query.py", line 91, in __iter__
    results = compiler.execute_sql(
  File "C:\Users\HP\AppData\Roaming\Python\Python310\site-packages\django\db\models\sql\compiler.py", line 1623, in execute_sql
    cursor.execute(sql, params)
  File "C:\Users\HP\AppData\Roaming\Python\Python310\site-packages\django\db\backends\utils.py", line 122, in execute
    return super().execute(sql, params)
  File "C:\Users\HP\AppData\Roaming\Python\Python310\site-packages\django\db\backends\utils.py", line 79, in execute
    return self._execute_with_wrappers(
  File "C:\Users\HP\AppData\Roaming\Python\Python310\site-packages\django\db\backends\utils.py", line 92, in _execute_with_wrappers
    return executor(sql, params, many, context)
  File "C:\Users\HP\AppData\Roaming\Python\Python310\site-packages\django\db\backends\utils.py", line 100, in _execute
    with self.db.wrap_database_errors:
  File "C:\Users\HP\AppData\Roaming\Python\Python310\site-packages\django\db\utils.py", line 91, in __exit__
    raise dj_exc_value.with_traceback(traceback) from exc_value
  File "C:\Users\HP\AppData\Roaming\Python\Python310\site-packages\django\db\backends\utils.py", line 105, in _execute
    return self.cursor.execute(sql, params)
  File "C:\Users\HP\AppData\Roaming\Python\Python310\site-packages\django\db\backends\sqlite3\base.py", line 360, in execute
    return super().execute(query, params)
django.db.utils.OperationalError: no such table: plag_userprofile
"GET / HTTP/1.1" 500 150580
Internal Server Error: /
Traceback (most recent call last):
  File "C:\Users\HP\AppData\Roaming\Python\Python310\site-packages\django\db\models\fields\related_descriptors.py", line 516, in __get__
    rel_obj = self.related.get_cached_value(instance)
  File "C:\Users\HP\AppData\Roaming\Python\Python310\site-packages\django\db\models\fields\mixins.py", line 37, in get_cached_value
    return instance._state.fields_cache[self.cache_name]
KeyError: 'userprofile'

During handling of the above exception, another exception occurred:

Traceback (most recent call last):
  File "C:\Users\HP\AppData\Roaming\Python\Python310\site-packages\django\db\backends\utils.py", line 105, in _execute
    return self.cursor.execute(sql, params)
  File "C:\Users\HP\AppData\Roaming\Python\Python310\site-packages\django\db\backends\sqlite3\base.py", line 360, in execute
    return super().execute(query, params)
sqlite3.OperationalError: no such table: plag_userprofile

The above exception was the direct cause of the following exception:

Traceback (most recent call last):
  File "C:\Users\HP\AppData\Roaming\Python\Python310\site-packages\django\core\handlers\exception.py", line 55, in inner
    response = get_response(request)
  File "C:\Users\HP\AppData\Roaming\Python\Python310\site-packages\django\utils\deprecation.py", line 119, in __call__
    response = self.process_request(request)
  File "d:\python\plagiarismcheckerextra\plag\profile_middleware.py", line 8, in process_request
    request.user.userprofile
  File "C:\Users\HP\AppData\Roaming\Python\Python310\site-packages\django\utils\functional.py", line 253, in inner
    return func(_wrapped, *args)
  File "C:\Users\HP\AppData\Roaming\Python\Python310\site-packages\django\db\models\fields\related_descriptors.py", line 523, in __get__
    rel_obj = self.get_queryset(instance=instance).get(**filter_args)
  File "C:\Users\HP\AppData\Roaming\Python\Python310\site-packages\django\db\models\query.py", line 629, in get
    num = len(clone)
  File "C:\Users\HP\AppData\Roaming\Python\Python310\site-packages\django\db\models\query.py", line 366, in __len__
    self._fetch_all()
  File "C:\Users\HP\AppData\Roaming\Python\Python310\site-packages\django\db\models\query.py", line 1949, in _fetch_all
    self._result_cache = list(self._iterable_class(self))
  File "C:\Users\HP\AppData\Roaming\Python\Python310\site-packages\django\db\models\query.py", line 91, in __iter__
    results = compiler.execute_sql(
  File "C:\Users\HP\AppData\Roaming\Python\Python310\site-packages\django\db\models\sql\compiler.py", line 1623, in execute_sql
    cursor.execute(sql, params)
  File "C:\Users\HP\AppData\Roaming\Python\Python310\site-packages\django\db\backends\utils.py", line 122, in execute
    return super().execute(sql, params)
  File "C:\Users\HP\AppData\Roaming\Python\Python310\site-packages\django\db\backends\utils.py", line 79, in execute
    return self._execute_with_wrappers(
  File "C:\Users\HP\AppData\Roaming\Python\Python310\site-packages\django\db\backends\utils.py", line 92, in _execute_with_wrappers
    return executor(sql, params, many, context)
  File "C:\Users\HP\AppData\Roaming\Python\Python310\site-packages\django\db\backends\utils.py", line 100, in _execute
    with self.db.wrap_database_errors:
  File "C:\Users\HP\AppData\Roaming\Python\Python310\site-packages\django\db\utils.py", line 91, in __exit__
    raise dj_exc_value.with_traceback(traceback) from exc_value
  File "C:\Users\HP\AppData\Roaming\Python\Python310\site-packages\django\db\backends\utils.py", line 105, in _execute
    return self.cursor.execute(sql, params)
  File "C:\Users\HP\AppData\Roaming\Python\Python310\site-packages\django\db\backends\sqlite3\base.py", line 360, in execute
    return super().execute(query, params)
django.db.utils.OperationalError: no such table: plag_userprofile
"GET / HTTP/1.1" 500 150580
Internal Server Error: /
Traceback (most recent call last):
  File "C:\Users\HP\AppData\Roaming\Python\Python310\site-packages\django\db\models\fields\related_descriptors.py", line 516, in __get__
    rel_obj = self.related.get_cached_value(instance)
  File "C:\Users\HP\AppData\Roaming\Python\Python310\site-packages\django\db\models\fields\mixins.py", line 37, in get_cached_value
    return instance._state.fields_cache[self.cache_name]
KeyError: 'userprofile'

During handling of the above exception, another exception occurred:

Traceback (most recent call last):
  File "C:\Users\HP\AppData\Roaming\Python\Python310\site-packages\django\db\backends\utils.py", line 105, in _execute
    return self.cursor.execute(sql, params)
  File "C:\Users\HP\AppData\Roaming\Python\Python310\site-packages\django\db\backends\sqlite3\base.py", line 360, in execute
    return super().execute(query, params)
sqlite3.OperationalError: no such table: plag_userprofile

The above exception was the direct cause of the following exception:

Traceback (most recent call last):
  File "C:\Users\HP\AppData\Roaming\Python\Python310\site-packages\django\core\handlers\exception.py", line 55, in inner
    response = get_response(request)
  File "C:\Users\HP\AppData\Roaming\Python\Python310\site-packages\django\utils\deprecation.py", line 119, in __call__
    response = self.process_request(request)
  File "d:\python\plagiarismcheckerextra\plag\profile_middleware.py", line 8, in process_request
    request.user.userprofile
  File "C:\Users\HP\AppData\Roaming\Python\Python310\site-packages\django\utils\functional.py", line 253, in inner
    return func(_wrapped, *args)
  File "C:\Users\HP\AppData\Roaming\Python\Python310\site-packages\django\db\models\fields\related_descriptors.py", line 523, in __get__
    rel_obj = self.get_queryset(instance=instance).get(**filter_args)
  File "C:\Users\HP\AppData\Roaming\Python\Python310\site-packages\django\db\models\query.py", line 629, in get
    num = len(clone)
  File "C:\Users\HP\AppData\Roaming\Python\Python310\site-packages\django\db\models\query.py", line 366, in __len__
    self._fetch_all()
  File "C:\Users\HP\AppData\Roaming\Python\Python310\site-packages\django\db\models\query.py", line 1949, in _fetch_all
    self._result_cache = list(self._iterable_class(self))
  File "C:\Users\HP\AppData\Roaming\Python\Python310\site-packages\django\db\models\query.py", line 91, in __iter__
    results = compiler.execute_sql(
  File "C:\Users\HP\AppData\Roaming\Python\Python310\site-packages\django\db\models\sql\compiler.py", line 1623, in execute_sql
    cursor.execute(sql, params)
  File "C:\Users\HP\AppData\Roaming\Python\Python310\site-packages\django\db\backends\utils.py", line 122, in execute
    return super().execute(sql, params)
  File "C:\Users\HP\AppData\Roaming\Python\Python310\site-packages\django\db\backends\utils.py", line 79, in execute
    return self._execute_with_wrappers(
  File "C:\Users\HP\AppData\Roaming\Python\Python310\site-packages\django\db\backends\utils.py", line 92, in _execute_with_wrappers
    return executor(sql, params, many, context)
  File "C:\Users\HP\AppData\Roaming\Python\Python310\site-packages\django\db\backends\utils.py", line 100, in _execute
    with self.db.wrap_database_errors:
  File "C:\Users\HP\AppData\Roaming\Python\Python310\site-packages\django\db\utils.py", line 91, in __exit__
    raise dj_exc_value.with_traceback(traceback) from exc_value
  File "C:\Users\HP\AppData\Roaming\Python\Python310\site-packages\django\db\backends\utils.py", line 105, in _execute
    return self.cursor.execute(sql, params)
  File "C:\Users\HP\AppData\Roaming\Python\Python310\site-packages\django\db\backends\sqlite3\base.py", line 360, in execute
    return super().execute(query, params)
django.db.utils.OperationalError: no such table: plag_userprofile
"GET / HTTP/1.1" 500 150443
Internal Server Error: /
Traceback (most recent call last):
  File "C:\Users\HP\AppData\Roaming\Python\Python310\site-packages\django\db\models\fields\related_descriptors.py", line 516, in __get__
    rel_obj = self.related.get_cached_value(instance)
  File "C:\Users\HP\AppData\Roaming\Python\Python310\site-packages\django\db\models\fields\mixins.py", line 37, in get_cached_value
    return instance._state.fields_cache[self.cache_name]
KeyError: 'userprofile'

During handling of the above exception, another exception occurred:

Traceback (most recent call last):
  File "C:\Users\HP\AppData\Roaming\Python\Python310\site-packages\django\db\backends\utils.py", line 105, in _execute
    return self.cursor.execute(sql, params)
  File "C:\Users\HP\AppData\Roaming\Python\Python310\site-packages\django\db\backends\sqlite3\base.py", line 360, in execute
    return super().execute(query, params)
sqlite3.OperationalError: no such table: plag_userprofile

The above exception was the direct cause of the following exception:

Traceback (most recent call last):
  File "C:\Users\HP\AppData\Roaming\Python\Python310\site-packages\django\core\handlers\exception.py", line 55, in inner
    response = get_response(request)
  File "C:\Users\HP\AppData\Roaming\Python\Python310\site-packages\django\utils\deprecation.py", line 119, in __call__
    response = self.process_request(request)
  File "d:\python\plagiarismcheckerextra\plag\profile_middleware.py", line 8, in process_request
    request.user.userprofile
  File "C:\Users\HP\AppData\Roaming\Python\Python310\site-packages\django\utils\functional.py", line 253, in inner
    return func(_wrapped, *args)
  File "C:\Users\HP\AppData\Roaming\Python\Python310\site-packages\django\db\models\fields\related_descriptors.py", line 523, in __get__
    rel_obj = self.get_queryset(instance=instance).get(**filter_args)
  File "C:\Users\HP\AppData\Roaming\Python\Python310\site-packages\django\db\models\query.py", line 629, in get
    num = len(clone)
  File "C:\Users\HP\AppData\Roaming\Python\Python310\site-packages\django\db\models\query.py", line 366, in __len__
    self._fetch_all()
  File "C:\Users\HP\AppData\Roaming\Python\Python310\site-packages\django\db\models\query.py", line 1949, in _fetch_all
    self._result_cache = list(self._iterable_class(self))
  File "C:\Users\HP\AppData\Roaming\Python\Python310\site-packages\django\db\models\query.py", line 91, in __iter__
    results = compiler.execute_sql(
  File "C:\Users\HP\AppData\Roaming\Python\Python310\site-packages\django\db\models\sql\compiler.py", line 1623, in execute_sql
    cursor.execute(sql, params)
  File "C:\Users\HP\AppData\Roaming\Python\Python310\site-packages\django\db\backends\utils.py", line 122, in execute
    return super().execute(sql, params)
  File "C:\Users\HP\AppData\Roaming\Python\Python310\site-packages\django\db\backends\utils.py", line 79, in execute
    return self._execute_with_wrappers(
  File "C:\Users\HP\AppData\Roaming\Python\Python310\site-packages\django\db\backends\utils.py", line 92, in _execute_with_wrappers
    return executor(sql, params, many, context)
  File "C:\Users\HP\AppData\Roaming\Python\Python310\site-packages\django\db\backends\utils.py", line 100, in _execute
    with self.db.wrap_database_errors:
  File "C:\Users\HP\AppData\Roaming\Python\Python310\site-packages\django\db\utils.py", line 91, in __exit__
    raise dj_exc_value.with_traceback(traceback) from exc_value
  File "C:\Users\HP\AppData\Roaming\Python\Python310\site-packages\django\db\backends\utils.py", line 105, in _execute
    return self.cursor.execute(sql, params)
  File "C:\Users\HP\AppData\Roaming\Python\Python310\site-packages\django\db\backends\sqlite3\base.py", line 360, in execute
    return super().execute(query, params)
django.db.utils.OperationalError: no such table: plag_userprofile
"GET / HTTP/1.1" 500 150580
Internal Server Error: /
Traceback (most recent call last):
  File "C:\Users\HP\AppData\Roaming\Python\Python310\site-packages\django\db\models\fields\related_descriptors.py", line 516, in __get__
    rel_obj = self.related.get_cached_value(instance)
  File "C:\Users\HP\AppData\Roaming\Python\Python310\site-packages\django\db\models\fields\mixins.py", line 37, in get_cached_value
    return instance._state.fields_cache[self.cache_name]
KeyError: 'userprofile'

During handling of the above exception, another exception occurred:

Traceback (most recent call last):
  File "C:\Users\HP\AppData\Roaming\Python\Python310\site-packages\django\db\backends\utils.py", line 105, in _execute
    return self.cursor.execute(sql, params)
  File "C:\Users\HP\AppData\Roaming\Python\Python310\site-packages\django\db\backends\sqlite3\base.py", line 360, in execute
    return super().execute(query, params)
sqlite3.OperationalError: no such table: plag_userprofile

The above exception was the direct cause of the following exception:

Traceback (most recent call last):
  File "C:\Users\HP\AppData\Roaming\Python\Python310\site-packages\django\core\handlers\exception.py", line 55, in inner
    response = get_response(request)
  File "C:\Users\HP\AppData\Roaming\Python\Python310\site-packages\django\utils\deprecation.py", line 119, in __call__
    response = self.process_request(request)
  File "D:\python\plagiarismcheckerextra\plag\profile_middleware.py", line 8, in process_request
    request.user.userprofile
  File "C:\Users\HP\AppData\Roaming\Python\Python310\site-packages\django\utils\functional.py", line 253, in inner
    return func(_wrapped, *args)
  File "C:\Users\HP\AppData\Roaming\Python\Python310\site-packages\django\db\models\fields\related_descriptors.py", line 523, in __get__
    rel_obj = self.get_queryset(instance=instance).get(**filter_args)
  File "C:\Users\HP\AppData\Roaming\Python\Python310\site-packages\django\db\models\query.py", line 629, in get
    num = len(clone)
  File "C:\Users\HP\AppData\Roaming\Python\Python310\site-packages\django\db\models\query.py", line 366, in __len__
    self._fetch_all()
  File "C:\Users\HP\AppData\Roaming\Python\Python310\site-packages\django\db\models\query.py", line 1949, in _fetch_all
    self._result_cache = list(self._iterable_class(self))
  File "C:\Users\HP\AppData\Roaming\Python\Python310\site-packages\django\db\models\query.py", line 91, in __iter__
    results = compiler.execute_sql(
  File "C:\Users\HP\AppData\Roaming\Python\Python310\site-packages\django\db\models\sql\compiler.py", line 1623, in execute_sql
    cursor.execute(sql, params)
  File "C:\Users\HP\AppData\Roaming\Python\Python310\site-packages\django\db\backends\utils.py", line 122, in execute
    return super().execute(sql, params)
  File "C:\Users\HP\AppData\Roaming\Python\Python310\site-packages\django\db\backends\utils.py", line 79, in execute
    return self._execute_with_wrappers(
  File "C:\Users\HP\AppData\Roaming\Python\Python310\site-packages\django\db\backends\utils.py", line 92, in _execute_with_wrappers
    return executor(sql, params, many, context)
  File "C:\Users\HP\AppData\Roaming\Python\Python310\site-packages\django\db\backends\utils.py", line 100, in _execute
    with self.db.wrap_database_errors:
  File "C:\Users\HP\AppData\Roaming\Python\Python310\site-packages\django\db\utils.py", line 91, in __exit__
    raise dj_exc_value.with_traceback(traceback) from exc_value
  File "C:\Users\HP\AppData\Roaming\Python\Python310\site-packages\django\db\backends\utils.py", line 105, in _execute
    return self.cursor.execute(sql, params)
  File "C:\Users\HP\AppData\Roaming\Python\Python310\site-packages\django\db\backends\sqlite3\base.py", line 360, in execute
    return super().execute(query, params)
django.db.utils.OperationalError: no such table: plag_userprofile
"GET / HTTP/1.1" 500 150957
Internal Server Error: /
Traceback (most recent call last):
  File "C:\Users\HP\AppData\Roaming\Python\Python310\site-packages\django\db\models\fields\related_descriptors.py", line 516, in __get__
    rel_obj = self.related.get_cached_value(instance)
  File "C:\Users\HP\AppData\Roaming\Python\Python310\site-packages\django\db\models\fields\mixins.py", line 37, in get_cached_value
    return instance._state.fields_cache[self.cache_name]
KeyError: 'userprofile'

During handling of the above exception, another exception occurred:

Traceback (most recent call last):
  File "C:\Users\HP\AppData\Roaming\Python\Python310\site-packages\django\db\backends\utils.py", line 105, in _execute
    return self.cursor.execute(sql, params)
  File "C:\Users\HP\AppData\Roaming\Python\Python310\site-packages\django\db\backends\sqlite3\base.py", line 360, in execute
    return super().execute(query, params)
sqlite3.OperationalError: no such table: plag_userprofile

The above exception was the direct cause of the following exception:

Traceback (most recent call last):
  File "C:\Users\HP\AppData\Roaming\Python\Python310\site-packages\django\core\handlers\exception.py", line 55, in inner
    response = get_response(request)
  File "C:\Users\HP\AppData\Roaming\Python\Python310\site-packages\django\utils\deprecation.py", line 119, in __call__
    response = self.process_request(request)
  File "D:\python\plagiarismcheckerextra\plag\profile_middleware.py", line 8, in process_request
    request.user.userprofile
  File "C:\Users\HP\AppData\Roaming\Python\Python310\site-packages\django\utils\functional.py", line 253, in inner
    return func(_wrapped, *args)
  File "C:\Users\HP\AppData\Roaming\Python\Python310\site-packages\django\db\models\fields\related_descriptors.py", line 523, in __get__
    rel_obj = self.get_queryset(instance=instance).get(**filter_args)
  File "C:\Users\HP\AppData\Roaming\Python\Python310\site-packages\django\db\models\query.py", line 629, in get
    num = len(clone)
  File "C:\Users\HP\AppData\Roaming\Python\Python310\site-packages\django\db\models\query.py", line 366, in __len__
    self._fetch_all()
  File "C:\Users\HP\AppData\Roaming\Python\Python310\site-packages\django\db\models\query.py", line 1949, in _fetch_all
    self._result_cache = list(self._iterable_class(self))
  File "C:\Users\HP\AppData\Roaming\Python\Python310\site-packages\django\db\models\query.py", line 91, in __iter__
    results = compiler.execute_sql(
  File "C:\Users\HP\AppData\Roaming\Python\Python310\site-packages\django\db\models\sql\compiler.py", line 1623, in execute_sql
    cursor.execute(sql, params)
  File "C:\Users\HP\AppData\Roaming\Python\Python310\site-packages\django\db\backends\utils.py", line 122, in execute
    return super().execute(sql, params)
  File "C:\Users\HP\AppData\Roaming\Python\Python310\site-packages\django\db\backends\utils.py", line 79, in execute
    return self._execute_with_wrappers(
  File "C:\Users\HP\AppData\Roaming\Python\Python310\site-packages\django\db\backends\utils.py", line 92, in _execute_with_wrappers
    return executor(sql, params, many, context)
  File "C:\Users\HP\AppData\Roaming\Python\Python310\site-packages\django\db\backends\utils.py", line 100, in _execute
    with self.db.wrap_database_errors:
  File "C:\Users\HP\AppData\Roaming\Python\Python310\site-packages\django\db\utils.py", line 91, in __exit__
    raise dj_exc_value.with_traceback(traceback) from exc_value
  File "C:\Users\HP\AppData\Roaming\Python\Python310\site-packages\django\db\backends\utils.py", line 105, in _execute
    return self.cursor.execute(sql, params)
  File "C:\Users\HP\AppData\Roaming\Python\Python310\site-packages\django\db\backends\sqlite3\base.py", line 360, in execute
    return super().execute(query, params)
django.db.utils.OperationalError: no such table: plag_userprofile
"GET / HTTP/1.1" 500 150957
Internal Server Error: /
Traceback (most recent call last):
  File "C:\Users\HP\AppData\Roaming\Python\Python310\site-packages\django\db\models\fields\related_descriptors.py", line 516, in __get__
    rel_obj = self.related.get_cached_value(instance)
  File "C:\Users\HP\AppData\Roaming\Python\Python310\site-packages\django\db\models\fields\mixins.py", line 37, in get_cached_value
    return instance._state.fields_cache[self.cache_name]
KeyError: 'userprofile'

During handling of the above exception, another exception occurred:

Traceback (most recent call last):
  File "C:\Users\HP\AppData\Roaming\Python\Python310\site-packages\django\db\backends\utils.py", line 105, in _execute
    return self.cursor.execute(sql, params)
  File "C:\Users\HP\AppData\Roaming\Python\Python310\site-packages\django\db\backends\sqlite3\base.py", line 360, in execute
    return super().execute(query, params)
sqlite3.OperationalError: no such table: plag_userprofile

The above exception was the direct cause of the following exception:

Traceback (most recent call last):
  File "C:\Users\HP\AppData\Roaming\Python\Python310\site-packages\django\core\handlers\exception.py", line 55, in inner
    response = get_response(request)
  File "C:\Users\HP\AppData\Roaming\Python\Python310\site-packages\django\utils\deprecation.py", line 119, in __call__
    response = self.process_request(request)
  File "D:\python\plagiarismcheckerextra\plag\profile_middleware.py", line 8, in process_request
    request.user.userprofile
  File "C:\Users\HP\AppData\Roaming\Python\Python310\site-packages\django\utils\functional.py", line 253, in inner
    return func(_wrapped, *args)
  File "C:\Users\HP\AppData\Roaming\Python\Python310\site-packages\django\db\models\fields\related_descriptors.py", line 523, in __get__
    rel_obj = self.get_queryset(instance=instance).get(**filter_args)
  File "C:\Users\HP\AppData\Roaming\Python\Python310\site-packages\django\db\models\query.py", line 629, in get
    num = len(clone)
  File "C:\Users\HP\AppData\Roaming\Python\Python310\site-packages\django\db\models\query.py", line 366, in __len__
    self._fetch_all()
  File "C:\Users\HP\AppData\Roaming\Python\Python310\site-packages\django\db\models\query.py", line 1949, in _fetch_all
    self._result_cache = list(self._iterable_class(self))
  File "C:\Users\HP\AppData\Roaming\Python\Python310\site-packages\django\db\models\query.py", line 91, in __iter__
    results = compiler.execute_sql(
  File "C:\Users\HP\AppData\Roaming\Python\Python310\site-packages\django\db\models\sql\compiler.py", line 1623, in execute_sql
    cursor.execute(sql, params)
  File "C:\Users\HP\AppData\Roaming\Python\Python310\site-packages\django\db\backends\utils.py", line 122, in execute
    return super().execute(sql, params)
  File "C:\Users\HP\AppData\Roaming\Python\Python310\site-packages\django\db\backends\utils.py", line 79, in execute
    return self._execute_with_wrappers(
  File "C:\Users\HP\AppData\Roaming\Python\Python310\site-packages\django\db\backends\utils.py", line 92, in _execute_with_wrappers
    return executor(sql, params, many, context)
  File "C:\Users\HP\AppData\Roaming\Python\Python310\site-packages\django\db\backends\utils.py", line 100, in _execute
    with self.db.wrap_database_errors:
  File "C:\Users\HP\AppData\Roaming\Python\Python310\site-packages\django\db\utils.py", line 91, in __exit__
    raise dj_exc_value.with_traceback(traceback) from exc_value
  File "C:\Users\HP\AppData\Roaming\Python\Python310\site-packages\django\db\backends\utils.py", line 105, in _execute
    return self.cursor.execute(sql, params)
  File "C:\Users\HP\AppData\Roaming\Python\Python310\site-packages\django\db\backends\sqlite3\base.py", line 360, in execute
    return super().execute(query, params)
django.db.utils.OperationalError: no such table: plag_userprofile
"GET / HTTP/1.1" 500 150957
Internal Server Error: /
Traceback (most recent call last):
  File "C:\Users\HP\AppData\Roaming\Python\Python310\site-packages\django\db\models\fields\related_descriptors.py", line 516, in __get__
    rel_obj = self.related.get_cached_value(instance)
  File "C:\Users\HP\AppData\Roaming\Python\Python310\site-packages\django\db\models\fields\mixins.py", line 37, in get_cached_value
    return instance._state.fields_cache[self.cache_name]
KeyError: 'userprofile'

During handling of the above exception, another exception occurred:

Traceback (most recent call last):
  File "C:\Users\HP\AppData\Roaming\Python\Python310\site-packages\django\db\backends\utils.py", line 105, in _execute
    return self.cursor.execute(sql, params)
  File "C:\Users\HP\AppData\Roaming\Python\Python310\site-packages\django\db\backends\sqlite3\base.py", line 360, in execute
    return super().execute(query, params)
sqlite3.OperationalError: no such table: plag_userprofile

The above exception was the direct cause of the following exception:

Traceback (most recent call last):
  File "C:\Users\HP\AppData\Roaming\Python\Python310\site-packages\django\core\handlers\exception.py", line 55, in inner
    response = get_response(request)
  File "C:\Users\HP\AppData\Roaming\Python\Python310\site-packages\django\utils\deprecation.py", line 119, in __call__
    response = self.process_request(request)
  File "D:\python\plagiarismcheckerextra\plag\profile_middleware.py", line 8, in process_request
    request.user.userprofile
  File "C:\Users\HP\AppData\Roaming\Python\Python310\site-packages\django\utils\functional.py", line 253, in inner
    return func(_wrapped, *args)
  File "C:\Users\HP\AppData\Roaming\Python\Python310\site-packages\django\db\models\fields\related_descriptors.py", line 523, in __get__
    rel_obj = self.get_queryset(instance=instance).get(**filter_args)
  File "C:\Users\HP\AppData\Roaming\Python\Python310\site-packages\django\db\models\query.py", line 629, in get
    num = len(clone)
  File "C:\Users\HP\AppData\Roaming\Python\Python310\site-packages\django\db\models\query.py", line 366, in __len__
    self._fetch_all()
  File "C:\Users\HP\AppData\Roaming\Python\Python310\site-packages\django\db\models\query.py", line 1949, in _fetch_all
    self._result_cache = list(self._iterable_class(self))
  File "C:\Users\HP\AppData\Roaming\Python\Python310\site-packages\django\db\models\query.py", line 91, in __iter__
    results = compiler.execute_sql(
  File "C:\Users\HP\AppData\Roaming\Python\Python310\site-packages\django\db\models\sql\compiler.py", line 1623, in execute_sql
    cursor.execute(sql, params)
  File "C:\Users\HP\AppData\Roaming\Python\Python310\site-packages\django\db\backends\utils.py", line 122, in execute
    return super().execute(sql, params)
  File "C:\Users\HP\AppData\Roaming\Python\Python310\site-packages\django\db\backends\utils.py", line 79, in execute
    return self._execute_with_wrappers(
  File "C:\Users\HP\AppData\Roaming\Python\Python310\site-packages\django\db\backends\utils.py", line 92, in _execute_with_wrappers
    return executor(sql, params, many, context)
  File "C:\Users\HP\AppData\Roaming\Python\Python310\site-packages\django\db\backends\utils.py", line 100, in _execute
    with self.db.wrap_database_errors:
  File "C:\Users\HP\AppData\Roaming\Python\Python310\site-packages\django\db\utils.py", line 91, in __exit__
    raise dj_exc_value.with_traceback(traceback) from exc_value
  File "C:\Users\HP\AppData\Roaming\Python\Python310\site-packages\django\db\backends\utils.py", line 105, in _execute
    return self.cursor.execute(sql, params)
  File "C:\Users\HP\AppData\Roaming\Python\Python310\site-packages\django\db\backends\sqlite3\base.py", line 360, in execute
    return super().execute(query, params)
django.db.utils.OperationalError: no such table: plag_userprofile
"GET / HTTP/1.1" 500 150820
Not Found: /favicon.ico
"GET /favicon.ico HTTP/1.1" 404 8478
Internal Server Error: /dashboard/
Traceback (most recent call last):
  File "C:\Users\HP\AppData\Roaming\Python\Python310\site-packages\django\db\models\fields\related_descriptors.py", line 516, in __get__
    rel_obj = self.related.get_cached_value(instance)
  File "C:\Users\HP\AppData\Roaming\Python\Python310\site-packages\django\db\models\fields\mixins.py", line 37, in get_cached_value
    return instance._state.fields_cache[self.cache_name]
KeyError: 'userprofile'

During handling of the above exception, another exception occurred:

Traceback (most recent call last):
  File "C:\Users\HP\AppData\Roaming\Python\Python310\site-packages\django\db\backends\utils.py", line 105, in _execute
    return self.cursor.execute(sql, params)
  File "C:\Users\HP\AppData\Roaming\Python\Python310\site-packages\django\db\backends\sqlite3\base.py", line 360, in execute
    return super().execute(query, params)
sqlite3.OperationalError: no such table: plag_userprofile

The above exception was the direct cause of the following exception:

Traceback (most recent call last):
  File "C:\Users\HP\AppData\Roaming\Python\Python310\site-packages\django\core\handlers\exception.py", line 55, in inner
    response = get_response(request)
  File "C:\Users\HP\AppData\Roaming\Python\Python310\site-packages\django\utils\deprecation.py", line 119, in __call__
    response = self.process_request(request)
  File "D:\python\plagiarismcheckerextra\plag\profile_middleware.py", line 8, in process_request
    request.user.userprofile
  File "C:\Users\HP\AppData\Roaming\Python\Python310\site-packages\django\utils\functional.py", line 253, in inner
    return func(_wrapped, *args)
  File "C:\Users\HP\AppData\Roaming\Python\Python310\site-packages\django\db\models\fields\related_descriptors.py", line 523, in __get__
    rel_obj = self.get_queryset(instance=instance).get(**filter_args)
  File "C:\Users\HP\AppData\Roaming\Python\Python310\site-packages\django\db\models\query.py", line 629, in get
    num = len(clone)
  File "C:\Users\HP\AppData\Roaming\Python\Python310\site-packages\django\db\models\query.py", line 366, in __len__
    self._fetch_all()
  File "C:\Users\HP\AppData\Roaming\Python\Python310\site-packages\django\db\models\query.py", line 1949, in _fetch_all
    self._result_cache = list(self._iterable_class(self))
  File "C:\Users\HP\AppData\Roaming\Python\Python310\site-packages\django\db\models\query.py", line 91, in __iter__
    results = compiler.execute_sql(
  File "C:\Users\HP\AppData\Roaming\Python\Python310\site-packages\django\db\models\sql\compiler.py", line 1623, in execute_sql
    cursor.execute(sql, params)
  File "C:\Users\HP\AppData\Roaming\Python\Python310\site-packages\django\db\backends\utils.py", line 122, in execute
    return super().execute(sql, params)
  File "C:\Users\HP\AppData\Roaming\Python\Python310\site-packages\django\db\backends\utils.py", line 79, in execute
    return self._execute_with_wrappers(
  File "C:\Users\HP\AppData\Roaming\Python\Python310\site-packages\django\db\backends\utils.py", line 92, in _execute_with_wrappers
    return executor(sql, params, many, context)
  File "C:\Users\HP\AppData\Roaming\Python\Python310\site-packages\django\db\backends\utils.py", line 100, in _execute
    with self.db.wrap_database_errors:
  File "C:\Users\HP\AppData\Roaming\Python\Python310\site-packages\django\db\utils.py", line 91, in __exit__
    raise dj_exc_value.with_traceback(traceback) from exc_value
  File "C:\Users\HP\AppData\Roaming\Python\Python310\site-packages\django\db\backends\utils.py", line 105, in _execute
    return self.cursor.execute(sql, params)
  File "C:\Users\HP\AppData\Roaming\Python\Python310\site-packages\django\db\backends\sqlite3\base.py", line 360, in execute
    return super().execute(query, params)
django.db.utils.OperationalError: no such table: plag_userprofile
"GET /dashboard/ HTTP/1.1" 500 151637
Results error: Invalid filter: 'div'
Results error: Invalid filter: 'div'
Internal Server Error: /dictionary/
Traceback (most recent call last):
  File "C:\Users\HP\AppData\Roaming\Python\Python310\site-packages\django\core\handlers\exception.py", line 55, in inner
    response = get_response(request)
  File "C:\Users\HP\AppData\Roaming\Python\Python310\site-packages\django\core\handlers\base.py", line 197, in _get_response
    response = wrapped_callback(request, *callback_args, **callback_kwargs)
  File "C:\Users\HP\AppData\Roaming\Python\Python310\site-packages\django\contrib\auth\decorators.py", line 59, in _view_wrapper
    return view_func(request, *args, **kwargs)
  File "d:\python\plagiarismcheckerextra\plag\views.py", line 323, in dictionary
    return render(request, "dictionary.html", context)
  File "C:\Users\HP\AppData\Roaming\Python\Python310\site-packages\django\shortcuts.py", line 25, in render
    content = loader.render_to_string(template_name, context, request, using=using)
  File "C:\Users\HP\AppData\Roaming\Python\Python310\site-packages\django\template\loader.py", line 61, in render_to_string
    template = get_template(template_name, using=using)
  File "C:\Users\HP\AppData\Roaming\Python\Python310\site-packages\django\template\loader.py", line 15, in get_template
    return engine.get_template(template_name)
  File "C:\Users\HP\AppData\Roaming\Python\Python310\site-packages\django\template\backends\django.py", line 79, in get_template
    return Template(self.engine.get_template(template_name), self)
  File "C:\Users\HP\AppData\Roaming\Python\Python310\site-packages\django\template\engine.py", line 177, in get_template
    template, origin = self.find_template(template_name)
  File "C:\Users\HP\AppData\Roaming\Python\Python310\site-packages\django\template\engine.py", line 159, in find_template
    template = loader.get_template(name, skip=skip)
  File "C:\Users\HP\AppData\Roaming\Python\Python310\site-packages\django\template\loaders\cached.py", line 57, in get_template
    template = super().get_template(template_name, skip)
  File "C:\Users\HP\AppData\Roaming\Python\Python310\site-packages\django\template\loaders\base.py", line 28, in get_template
    return Template(
  File "C:\Users\HP\AppData\Roaming\Python\Python310\site-packages\django\template\base.py", line 154, in __init__
    self.nodelist = self.compile_nodelist()
  File "C:\Users\HP\AppData\Roaming\Python\Python310\site-packages\django\template\base.py", line 196, in compile_nodelist
    nodelist = parser.parse()
  File "C:\Users\HP\AppData\Roaming\Python\Python310\site-packages\django\template\base.py", line 519, in parse
    self.extend_nodelist(nodelist, compiled_result, token)
  File "C:\Users\HP\AppData\Roaming\Python\Python310\site-packages\django\template\base.py", line 540, in extend_nodelist
    raise self.error(
django.template.exceptions.TemplateSyntaxError: {% extends user|get_user_layout %} must be the first tag in 'dictionary.html'.
"GET /dictionary/ HTTP/1.1" 500 148506
SECURITY EVENT - Type: LOGIN_FAILED, User: None, Details: Failed login for superadmin
Profile error: {% extends user|get_user_layout %} must be the first tag in 'profile.html'.
Results error: Invalid filter: 'div'
Results error: Invalid filter: 'div'
Results error: Invalid filter: 'div'
Profile error: {% extends user|get_user_layout %} must be the first tag in 'profile.html'.
Internal Server Error: /dictionary/
Traceback (most recent call last):
  File "C:\Users\HP\AppData\Roaming\Python\Python310\site-packages\django\core\handlers\exception.py", line 55, in inner
    response = get_response(request)
  File "C:\Users\HP\AppData\Roaming\Python\Python310\site-packages\django\core\handlers\base.py", line 197, in _get_response
    response = wrapped_callback(request, *callback_args, **callback_kwargs)
  File "C:\Users\HP\AppData\Roaming\Python\Python310\site-packages\django\contrib\auth\decorators.py", line 59, in _view_wrapper
    return view_func(request, *args, **kwargs)
  File "d:\python\plagiarismcheckerextra\plag\views.py", line 323, in dictionary
    return render(request, "dictionary.html", context)
  File "C:\Users\HP\AppData\Roaming\Python\Python310\site-packages\django\shortcuts.py", line 25, in render
    content = loader.render_to_string(template_name, context, request, using=using)
  File "C:\Users\HP\AppData\Roaming\Python\Python310\site-packages\django\template\loader.py", line 61, in render_to_string
    template = get_template(template_name, using=using)
  File "C:\Users\HP\AppData\Roaming\Python\Python310\site-packages\django\template\loader.py", line 15, in get_template
    return engine.get_template(template_name)
  File "C:\Users\HP\AppData\Roaming\Python\Python310\site-packages\django\template\backends\django.py", line 79, in get_template
    return Template(self.engine.get_template(template_name), self)
  File "C:\Users\HP\AppData\Roaming\Python\Python310\site-packages\django\template\engine.py", line 177, in get_template
    template, origin = self.find_template(template_name)
  File "C:\Users\HP\AppData\Roaming\Python\Python310\site-packages\django\template\engine.py", line 159, in find_template
    template = loader.get_template(name, skip=skip)
  File "C:\Users\HP\AppData\Roaming\Python\Python310\site-packages\django\template\loaders\cached.py", line 57, in get_template
    template = super().get_template(template_name, skip)
  File "C:\Users\HP\AppData\Roaming\Python\Python310\site-packages\django\template\loaders\base.py", line 28, in get_template
    return Template(
  File "C:\Users\HP\AppData\Roaming\Python\Python310\site-packages\django\template\base.py", line 154, in __init__
    self.nodelist = self.compile_nodelist()
  File "C:\Users\HP\AppData\Roaming\Python\Python310\site-packages\django\template\base.py", line 196, in compile_nodelist
    nodelist = parser.parse()
  File "C:\Users\HP\AppData\Roaming\Python\Python310\site-packages\django\template\base.py", line 519, in parse
    self.extend_nodelist(nodelist, compiled_result, token)
  File "C:\Users\HP\AppData\Roaming\Python\Python310\site-packages\django\template\base.py", line 540, in extend_nodelist
    raise self.error(
django.template.exceptions.TemplateSyntaxError: {% extends user|get_user_layout %} must be the first tag in 'dictionary.html'.
"GET /dictionary/ HTTP/1.1" 500 148509
Results error: Invalid filter: 'div'
Results error: Invalid filter: 'div'
Analytics error: no such column: plag_upload.plagiarism_percentage
Analytics error: no such column: plag_upload.plagiarism_percentage
Enhanced check error: Cannot resolve keyword 'title' into field. Choices are: ai_confidence, ai_indicators, ai_probability, ai_risk_level, analysis_data, citation_count, comments, content, created_at, date_uploaded, file_name, id, is_ai_detected, lecturer, lecturer_id, matched_sources, plagiarism_percentage, status, student, subject, updated_at
Enhanced check error: Cannot resolve keyword 'title' into field. Choices are: ai_confidence, ai_indicators, ai_probability, ai_risk_level, analysis_data, citation_count, comments, content, created_at, date_uploaded, file_name, id, is_ai_detected, lecturer, lecturer_id, matched_sources, plagiarism_percentage, status, student, subject, updated_at
Analytics error: no such column: plag_upload.plagiarism_percentage
Profile error: {% extends user|get_user_layout %} must be the first tag in 'profile.html'.
Work view error for user 3: {% extends user|get_user_layout %} must be the first tag in 'work.html'.
Enhanced check error: Cannot resolve keyword 'title' into field. Choices are: ai_confidence, ai_indicators, ai_probability, ai_risk_level, analysis_data, citation_count, comments, content, created_at, date_uploaded, file_name, id, is_ai_detected, lecturer, lecturer_id, matched_sources, plagiarism_percentage, status, student, subject, updated_at
Results error: Invalid filter: 'div'
Analytics error: no such column: plag_upload.plagiarism_percentage
Internal Server Error: /upload/
Traceback (most recent call last):
  File "C:\Users\HP\AppData\Roaming\Python\Python310\site-packages\django\core\handlers\exception.py", line 55, in inner
    response = get_response(request)
  File "C:\Users\HP\AppData\Roaming\Python\Python310\site-packages\django\core\handlers\base.py", line 197, in _get_response
    response = wrapped_callback(request, *callback_args, **callback_kwargs)
  File "C:\Users\HP\AppData\Roaming\Python\Python310\site-packages\django\contrib\auth\decorators.py", line 59, in _view_wrapper
    return view_func(request, *args, **kwargs)
  File "D:\python\plagiarismcheckerextra\plag\utils.py", line 17, in wrapper
    from .models import Profile
ImportError: cannot import name 'Profile' from 'plag.models' (D:\python\plagiarismcheckerextra\plag\models.py)
"GET /upload/ HTTP/1.1" 500 73669
Work view error for user 3: {% extends user|get_user_layout %} must be the first tag in 'work.html'.
Results error: Invalid filter: 'div'
Internal Server Error: /results/
Traceback (most recent call last):
  File "D:\python\plagiarismcheckerextra\plag\views.py", line 420, in results
    return render(request, "results.html", context)
  File "C:\Users\HP\AppData\Roaming\Python\Python310\site-packages\django\shortcuts.py", line 25, in render
    content = loader.render_to_string(template_name, context, request, using=using)
  File "C:\Users\HP\AppData\Roaming\Python\Python310\site-packages\django\template\loader.py", line 61, in render_to_string
    template = get_template(template_name, using=using)
  File "C:\Users\HP\AppData\Roaming\Python\Python310\site-packages\django\template\loader.py", line 15, in get_template
    return engine.get_template(template_name)
  File "C:\Users\HP\AppData\Roaming\Python\Python310\site-packages\django\template\backends\django.py", line 79, in get_template
    return Template(self.engine.get_template(template_name), self)
  File "C:\Users\HP\AppData\Roaming\Python\Python310\site-packages\django\template\engine.py", line 177, in get_template
    template, origin = self.find_template(template_name)
  File "C:\Users\HP\AppData\Roaming\Python\Python310\site-packages\django\template\engine.py", line 159, in find_template
    template = loader.get_template(name, skip=skip)
  File "C:\Users\HP\AppData\Roaming\Python\Python310\site-packages\django\template\loaders\cached.py", line 57, in get_template
    template = super().get_template(template_name, skip)
  File "C:\Users\HP\AppData\Roaming\Python\Python310\site-packages\django\template\loaders\base.py", line 28, in get_template
    return Template(
  File "C:\Users\HP\AppData\Roaming\Python\Python310\site-packages\django\template\base.py", line 154, in __init__
    self.nodelist = self.compile_nodelist()
  File "C:\Users\HP\AppData\Roaming\Python\Python310\site-packages\django\template\base.py", line 196, in compile_nodelist
    nodelist = parser.parse()
  File "C:\Users\HP\AppData\Roaming\Python\Python310\site-packages\django\template\base.py", line 518, in parse
    raise self.error(token, e)
  File "C:\Users\HP\AppData\Roaming\Python\Python310\site-packages\django\template\base.py", line 516, in parse
    compiled_result = compile_func(self, token)
  File "C:\Users\HP\AppData\Roaming\Python\Python310\site-packages\django\template\loader_tags.py", line 299, in do_extends
    nodelist = parser.parse()
  File "C:\Users\HP\AppData\Roaming\Python\Python310\site-packages\django\template\base.py", line 518, in parse
    raise self.error(token, e)
  File "C:\Users\HP\AppData\Roaming\Python\Python310\site-packages\django\template\base.py", line 516, in parse
    compiled_result = compile_func(self, token)
  File "C:\Users\HP\AppData\Roaming\Python\Python310\site-packages\django\template\loader_tags.py", line 234, in do_block
    nodelist = parser.parse(("endblock",))
  File "C:\Users\HP\AppData\Roaming\Python\Python310\site-packages\django\template\base.py", line 518, in parse
    raise self.error(token, e)
  File "C:\Users\HP\AppData\Roaming\Python\Python310\site-packages\django\template\base.py", line 516, in parse
    compiled_result = compile_func(self, token)
  File "C:\Users\HP\AppData\Roaming\Python\Python310\site-packages\django\template\defaulttags.py", line 976, in do_if
    nodelist = parser.parse(("endif",))
  File "C:\Users\HP\AppData\Roaming\Python\Python310\site-packages\django\template\base.py", line 489, in parse
    raise self.error(token, e)
  File "C:\Users\HP\AppData\Roaming\Python\Python310\site-packages\django\template\base.py", line 487, in parse
    filter_expression = self.compile_filter(token.contents)
  File "C:\Users\HP\AppData\Roaming\Python\Python310\site-packages\django\template\base.py", line 609, in compile_filter
    return FilterExpression(token, self)
  File "C:\Users\HP\AppData\Roaming\Python\Python310\site-packages\django\template\base.py", line 705, in __init__
    filter_func = parser.find_filter(filter_name)
  File "C:\Users\HP\AppData\Roaming\Python\Python310\site-packages\django\template\base.py", line 615, in find_filter
    raise TemplateSyntaxError("Invalid filter: '%s'" % filter_name)
django.template.exceptions.TemplateSyntaxError: Invalid filter: 'div'

During handling of the above exception, another exception occurred:

Traceback (most recent call last):
  File "C:\Users\HP\AppData\Roaming\Python\Python310\site-packages\django\core\handlers\exception.py", line 55, in inner
    response = get_response(request)
  File "C:\Users\HP\AppData\Roaming\Python\Python310\site-packages\django\core\handlers\base.py", line 197, in _get_response
    response = wrapped_callback(request, *callback_args, **callback_kwargs)
  File "C:\Users\HP\AppData\Roaming\Python\Python310\site-packages\django\contrib\auth\decorators.py", line 59, in _view_wrapper
    return view_func(request, *args, **kwargs)
  File "D:\python\plagiarismcheckerextra\plag\views.py", line 431, in results
    return render(request, "results.html", context)
  File "C:\Users\HP\AppData\Roaming\Python\Python310\site-packages\django\shortcuts.py", line 25, in render
    content = loader.render_to_string(template_name, context, request, using=using)
  File "C:\Users\HP\AppData\Roaming\Python\Python310\site-packages\django\template\loader.py", line 61, in render_to_string
    template = get_template(template_name, using=using)
  File "C:\Users\HP\AppData\Roaming\Python\Python310\site-packages\django\template\loader.py", line 15, in get_template
    return engine.get_template(template_name)
  File "C:\Users\HP\AppData\Roaming\Python\Python310\site-packages\django\template\backends\django.py", line 79, in get_template
    return Template(self.engine.get_template(template_name), self)
  File "C:\Users\HP\AppData\Roaming\Python\Python310\site-packages\django\template\engine.py", line 177, in get_template
    template, origin = self.find_template(template_name)
  File "C:\Users\HP\AppData\Roaming\Python\Python310\site-packages\django\template\engine.py", line 159, in find_template
    template = loader.get_template(name, skip=skip)
  File "C:\Users\HP\AppData\Roaming\Python\Python310\site-packages\django\template\loaders\cached.py", line 57, in get_template
    template = super().get_template(template_name, skip)
  File "C:\Users\HP\AppData\Roaming\Python\Python310\site-packages\django\template\loaders\base.py", line 28, in get_template
    return Template(
  File "C:\Users\HP\AppData\Roaming\Python\Python310\site-packages\django\template\base.py", line 154, in __init__
    self.nodelist = self.compile_nodelist()
  File "C:\Users\HP\AppData\Roaming\Python\Python310\site-packages\django\template\base.py", line 196, in compile_nodelist
    nodelist = parser.parse()
  File "C:\Users\HP\AppData\Roaming\Python\Python310\site-packages\django\template\base.py", line 518, in parse
    raise self.error(token, e)
  File "C:\Users\HP\AppData\Roaming\Python\Python310\site-packages\django\template\base.py", line 516, in parse
    compiled_result = compile_func(self, token)
  File "C:\Users\HP\AppData\Roaming\Python\Python310\site-packages\django\template\loader_tags.py", line 299, in do_extends
    nodelist = parser.parse()
  File "C:\Users\HP\AppData\Roaming\Python\Python310\site-packages\django\template\base.py", line 518, in parse
    raise self.error(token, e)
  File "C:\Users\HP\AppData\Roaming\Python\Python310\site-packages\django\template\base.py", line 516, in parse
    compiled_result = compile_func(self, token)
  File "C:\Users\HP\AppData\Roaming\Python\Python310\site-packages\django\template\loader_tags.py", line 234, in do_block
    nodelist = parser.parse(("endblock",))
  File "C:\Users\HP\AppData\Roaming\Python\Python310\site-packages\django\template\base.py", line 518, in parse
    raise self.error(token, e)
  File "C:\Users\HP\AppData\Roaming\Python\Python310\site-packages\django\template\base.py", line 516, in parse
    compiled_result = compile_func(self, token)
  File "C:\Users\HP\AppData\Roaming\Python\Python310\site-packages\django\template\defaulttags.py", line 976, in do_if
    nodelist = parser.parse(("endif",))
  File "C:\Users\HP\AppData\Roaming\Python\Python310\site-packages\django\template\base.py", line 489, in parse
    raise self.error(token, e)
  File "C:\Users\HP\AppData\Roaming\Python\Python310\site-packages\django\template\base.py", line 487, in parse
    filter_expression = self.compile_filter(token.contents)
  File "C:\Users\HP\AppData\Roaming\Python\Python310\site-packages\django\template\base.py", line 609, in compile_filter
    return FilterExpression(token, self)
  File "C:\Users\HP\AppData\Roaming\Python\Python310\site-packages\django\template\base.py", line 705, in __init__
    filter_func = parser.find_filter(filter_name)
  File "C:\Users\HP\AppData\Roaming\Python\Python310\site-packages\django\template\base.py", line 615, in find_filter
    raise TemplateSyntaxError("Invalid filter: '%s'" % filter_name)
django.template.exceptions.TemplateSyntaxError: Invalid filter: 'div'
"GET /results/ HTTP/1.1" 500 576986
Analytics error: no such column: plag_upload.plagiarism_percentage
Analytics error: no such column: plag_upload.plagiarism_percentage
Analytics error: no such column: plag_upload.plagiarism_percentage
Analytics error: no such column: plag_upload.plagiarism_percentage
Analytics error: no such column: plag_upload.plagiarism_percentage
Analytics error: no such column: plag_upload.plagiarism_percentage
